author,pid,label,coauthor,title,abstract,keywords,venue,year
Andreas Bauer,174,47,martin leucker;christian schallhart,Model-based runtime analysis of distributed reactive systems,"Reactive distributed systems have pervaded everyday life and objects, but often lack measures to ensure adequate be- haviour in the presence of unforeseen events or even errors at runtime. As interactions and dependencies within dis- tributed systems increase, the problem of detecting failures which depend on the exact situation and environment condi- tions they occur in grows. As a result,",Automatic Generation;Distributed System;Everyday Life;Linear Time;Reactive System;Runtime Analysis;Safety Properties;,Australian Software Engineering Conference,"2006
"
Andreas Bauer,175,48,jan jürjens;yijun yu,Tools for Traceable Security Verification,"Dependable systems evolution has been identified by the UK Computing Research Committee (UKCRC) as one of the current grand challenges for computer science. We present work towards addressing this challenge which focusses on one facet of dependability, namely data security: We give an overview on an approach for model- based security verification which provides a traceability link to the implementation.",Data Security;Dependable Systems;Design Model;Internet Security;Protocol Implementation;Security Analysis;Security Requirements;Software Evolution;Tool Support;,,"2008
"
Andreas Bauer,176,47,,Simplifying Diagnosis Using LSAT: A Propositional Approach to Reasoning from First Principles,"In face of the unwieldiness of non-monotonic logic solving engines, or meta interpreters usually authored in Prolog/CLP as they are commonly used for model-based reasoning and diagnosis, this paper proposes a simple, but eective improvement for performing the complex diagnostic task. The chosen approach is twofold: firstly, the problem of contradicting first order system descriptions with a set of observations",First Principle;Formal Specification;Model Based Diagnosis;Model Based Reasoning;Propositional Logic;Sat Solver;Satisfiability;,CPAIOR,"2005
"
Andreas Bauer,177,47,markus pister;michael tautschnig,Tool-support for the analysis of hybrid systems and models,"This paper introduces a method and tool-support for the automatic analysis and verification of hybrid and embed- ded control systems, whose continuous dynamics are often modelled using MATLAB/Simulink. The method is based upon converting system models into the uniform input lan- guage of our efficient multi-domain constraint solving li- brary, ABSOLVER, which is then used for subsequent anal- ysis. Basically,",Constraint Solving;Control System;Domain Specificity;Expert Knowledge;Hybrid System;Industrial Case Study;System Modeling;Tool Support;Multi Domain;,"Design, Automation, and Test in Europe","2007
"
Andreas Bauer,178,47,patrik haslum,LTL Goal Specifications Revisited,"The language of linear temporal logic (LTL) has been proposed as a formalism for specifying temporally extended goals and search control constraints in planning. However, the semantics of LTL is defined wrt. infinite state sequences, while a finite plan generates only a finite trace. This necessitates the use of a finite trace semantics for LTL. A common approach is to",Linear Temporal Logic;Satisfiability;,European Conference on Artificial Intelligence,"2010
"
Andreas Bauer,179,47,jan romberg,Loose synchronization of event-triggered networks for distribution of synchronous programs,"Dataflow synchronous languages have attracted considerable interest in domains such as real-time control and hardware design. The potential benefits are promising: Discrete-time semantics and deterministic concurrency reduce the state-space of parallel designs, and the engineer's intuition of uniformly progressing physical time is clearly reflected. However, for deriving implementations, use of synchronous programs is currently limited to hardware synthesis, generation of",Discrete Time;Distributed Application;Embedded Software;Hardware Design;Hardware Synthesis;Real Time Application;State Space;synchronous dataflow;Synchronous Language;Synchronous Programming;Real Time Control;Time Triggered Architecture;,International Workshop on Embedded Systems,"2004
"
Andreas Bauer,180,47,christian kühnel;michael tautschnig,Compatibility and reuse in component-based systems via type and unit inference,"In many branches of industry, the component-based ap- proach to systems design is predominant, e. g., as in embed- ded control systems which are often modelled using MAT- LAB/Simulink. In order to facilitate reuse, and to raise the level of abstraction for future designs and frequently used functions, the employed tool sets offer built-in mech- anisms to create sophisticated component",Component Reuse;component-based design;Component Based Systems;Control System;Levels of Abstraction;System Design;,EUROMICRO,"2007
"
Andreas Bauer,181,47,franz baader;marcel lippmann,Runtime Verification Using a Temporal Description Logic,"Formulae of linear temporal logic (LTL) can be used to spec- ify (wanted or unwanted) properties of a dynamical system. In model checking, the system's behavior is described by a transition system, and one needs to check whether all possible traces of this transition system satisfy the formula. In runtime verication, one observes the actual sys- tem behavior, which at",Description Logic;Dynamic System;Linear Temporal Logic;Model Checking;Runtime Verification;Satisfiability;Transition Systems;,Frontiers of Combining Systems,"2009
"
Andreas Bauer,182,47,martin leucker;christian schallhart,Monitoring of Real-Time Properties,"unchen Abstract. This paper presents a construction for runtime monitors that check real-time properties expressed in timed LTL (TLTL). Due to D'Souza's results, TLTL can be considered a natural extension of LTL towards real-time. Moreover, a typical obstacle in runtime verication is solved both for untimed and timed for- mulae, in that standard models of linear temporal logic are innite",Linear Temporal Logic;Natural Extension;Runtime Monitoring;Real Time;Standard Model;,Foundations of Software Technology and Theoretical Computer Science,"2006
"
Andreas Bauer,183,47,jan romberg;bernhard schätz,Integrierte Entwicklung von Automotive-Software mit AutoFOCUS,,,GI-Jahrestagung,"2004
"
Andreas Bauer,184,47,martin leucker;jonathan streit,SALT - Structured Assertion Language for Temporal Logic,"This paper presents Salt. Salt is a general purpose speci- cation and assertion language developed for creating concise temporal specications to be used in industrial verication environments. It incor- porates ideas of existing approaches, such as specication patterns, but also provides nested scopes, exceptions, support for regular expressions and real-time. The latter is needed in particular for verication tasks to",Design Rationale;Language Development;Levels of Abstraction;Reactive System;Regular Expression;Temporal Logic;Real Time;Real Time Logic;,IEEE International Conference on Formal Engineering Methods,"2006
"
Andreas Bauer,185,48,jan jürjens,"Security protocols, properties, and their monitoring","This paper examines the suitability and use of runtime verification as means for monitoring security protocols and their properties. In particular, we employ the runtime verification framework intro- duced in (5) to monitor complex, history-based security-properties of the SSL-protocol. We give a detailed account of the methodol- ogy, compare its formal expressiveness to prior art, and describe its application to",language-based security;Open Source;Protocol Implementation;Protocol Specification;Runtime Verification;Safety Properties;Satisfiability;Security Properties;Security Protocol;Security Requirements;Temporal Logic;,International Conference on Software Engineering,"2008
"
Andreas Bauer,186,47,rajeev goré;alwen tiu,A First-Order Policy Language for History-Based Transaction Monitoring,"Online trading invariably involves dealings between strangers, so it is important for one party to be able to judge objectively the trust- worthiness of the other. In such a setting, the decision to trust a user may sensibly be based on that user's past behaviour. We introduce a specication language based on linear temporal logic for expressing a policy for",Linear Temporal Logic;Model Checking;Partial Observation;Policy Language;Polynomial Time;First Order;,International Colloquium on Theoretical Aspects of Computing,"2009
"
Andreas Bauer,187,47,martin leucker;christian schallhart;michael tautschnig,Don't care in SMT-Building flexible yet efficient abstraction/refinement solvers,"This paper describes a method for combining ""off-the-shelf "" SAT and constraint solvers for building an efficient Satisfiability Modulo Theories (SMT) solver for a wide range of theories. Our method follows the abstrac- tion/refinement approach to simplify the implementation of custom SMT solvers. The expected performance penalty by not using an interweaved combination of SAT and theory solvers is reduced",Case Study;Control System;Off The Shelf;Satisfiability Modulo Theories;,Leveraging Applications of Formal Methods,"2007
"
Andreas Bauer,188,47,markus pizka,The Contribution of Free Software to Software Evolution,"It is remarkable to think that even without any interest in finding suitable methods and concepts that would allow complex software systems to evolve and remain manage- able, the ever growing open source movement has silently managed to establish highly successful evolution techniques over the last two decades. These concepts represent best practices that could be applied equally to a",Best Practice;Development Process;Free Software;Open Source;Open Source Development;Software Evolution;Software Systems;,International Workshop on Principles of Software Evolution,"2003
"
Andreas Bauer,189,47,markus pizka,A Brief Top-Down and Bottom-Up Philosophy on Software Evolution,The decision on whether to proceed top-down or bottom- up during software development has a strong and underes- timated impact on the quality of the final product includ- ing its later evolvability. Various examples for both strate- gies taken from such different domains as operating systems and computer games provide evidence that bottom-up devel- oped systems are more suitable for,Computer Game;Development Process;Operating System;Software Development;Software Evolution;Software Systems;Bottom Up;Top Down;,International Workshop on Principles of Software Evolution,"2004
"
Andreas Bauer,190,47,franz baader;alwen tiu,Matching Trace Patterns with Regular Policies,"We consider policies that are described by regular expres- sions, finite automata, or formulae of linear temporal logic (LTL). Such policies are assumed to describe situations that are problematic, and thus should be avoided. Given a trace pattern u, i.e., a sequence of ac- tion symbols and variables, were the variables stand for unknown (i.e., not observed) sequences of actions,",Finite Automata;Linear Temporal Logic;,Language and Automata Theory and Applications,"2009
"
Andreas Bauer,191,47,martin leucker;christian schallhart,"The Good, the Bad, and the Ugly, But How Ugly Is Ugly?","When monitoring a system wrt. a property defined in some temporal logic, e.g., LTL, a major concern is to settle with an adequate interpretation of observable system events; that is, models of temporal logic formulae are usually infinite streams of events, whereas at runtime only prefixes are available. This work defines a four-valued semantics for LTL over finite traces, which",Temporal Logic;,Runtime Verification,"2007
"
Andreas Bauer,192,47,franz baader;peter baumgartner;anne cregan;alfredo gabaldon;krystian ji;kevin lee;david rajaratnam;rolf schwitter,A Novel Architecture for Situation Awareness Systems,"Situation Awareness (SA) is the problem of comprehending elements of an environment within a volume of time and space. It is a crucial factor in decision-making in dynamic environments. Current SA systems support the col- lection, filtering and presentation of data from different sources very well, and typically also some form of low-level data fusion and analysis, e.g., recognizing patterns",Automated Reasoning;Controlled Natural Language;Decision Making;Domain Specificity;Dynamic Environment;Formal Logic;Google Earth;Information Fusion;Linear Temporal Logic;Semantic Analysis;Situation Awareness;System Architecture;Theorem Prover;Data Fusion;,Analytic Tableaux and Related Methods,"2009
"
Andreas Bauer,193,47,,Creating a Portable Programming Language Using Open Source Software,,Open Source Software;Programming Language;,USENIX Technical Conference,"2004
"
Andreas Bauer,194,48,jan jürjens,Runtime verification of cryptographic protocols,,Cryptographic Protocol;Runtime Verification;,Computers & Security,"2010
"
Andreas Bauer,195,47,rajeev goré;alwen tiu,A decidable policy language for history-based transaction monitoring,"Online trading invariably involves dealings between strangers, so it is important for one party to be able to judge objectively the trustworthiness of the other. In su ch a setting, the decision to trust a user may sensibly be based on that user's past behaviour. We introduc e a specification language based on linear temporal logic for expressing a policy",Linear Temporal Logic;Model Checking;Partial Observation;Policy Language;Polynomial Time;Security Policy;Specification Language;Access Control;,Computing Research Repository,"2009
"
Andreas Bauer,196,47,,Monitorability of omega-regular languages,"Arguably, omega-regular languages play an important role as a specification formalism in many approaches to systems monitoring via runtime verification. However, since their elements are infinite words, not every omega-regular language can sensibly be monitored at runtime when only a finite prefix of a word, modelling the observed system behaviour so far, is available. The monitorability of an omega-regular language,",Infinite Word;Regular Expression;Regular Language;Runtime Verification;Linear Time Temporal Logic;,Computing Research Repository,"2010
"
Andreas Bauer,197,48,sophie pinchinat,Prognosis of omegaLanguages for the Diagnosis of *Languages: A Topological Perspective,,,Discrete Event Dynamic Systems,"2009
"
Andreas Bauer,198,47,manfred broy;jan romberg;bernhard schätz;peter braun;ulrich freund;nuria mata;robert sandner;pierre mai;dirk ziegenbein,Das AutoMoDe-Projekt,,,Informatik - Forschung Und Entwicklung,"2007
"
Andreas Bauer,199,47,jan romberg;bernhard schätz,Integrierte Entwicklung von Automotive-Software mit AutoFocus,"Zur Beherrschung der komplexen vernetzten und verteilten Funktionen von Automotive-Software ist eine Beschreibung des zu erstellenden Systems auf verschie- denen Abstraktionsebenen und schrittweise ¨ Ubergange zwischen diesen Ebenen not- wendig. Neben der Definition geeigneter Ebenen werden zur Unterst ¨ utzung echtzeit- kritischer Systemanteile ein einheitliches Berechnungsmodell, ebenenspezifische Be- schreibungstechniken, sowie methodische Regeln f¨ ur diese Abstraktionsebenen ein- gef¨ uhrt und",Embedded Software;Software Engineering;Synchronous Language;,Informatik - Forschung Und Entwicklung,"2005
"
Andreas Bauer,200,49,edmund coersmeier;martin kosakowski;nadine pfuhl;boris spahl;daniel tolksdorf;yuhuan xu;michael gerharz;wolfgang hansmann;felix leder,Evaluation Architecture for Digital Radio Mondiale Multimedia Applications,,Multimedia Application;digital radio mondiale;,Communication Systems and Applications,"2005
"
Andreas Bauer,201,49,edmund coersmeier;carlos sáez;andreas hotz;marc hoffman;martin kosakowski;yuhuan xu;felix leder,Improving Channel Estimation for Software Radios,,Channel Estimation;Software Radio;,IASTED International Multi-Conference on Wireless and Optical Communications,"2006
"
Andreas Bauer,202,50,wolfgang lehner,The Cube-Query-Languages (CQL) for Multidimensional Statistical and Scientific Database Systems,,Query Language;Scientific Database;,Database Systems for Advanced Applications,"1997
"
Andreas Bauer,203,50,jens albrecht;m. redert,Supporting Hot Spots with Materialized Views,,Hot Spot;Materialized Views;,Data Warehousing and Knowledge Discovery,"2000
"
Andreas Bauer,204,50,wolfgang hümmer;wolfgang lehner,An Alternative Relational OLAP Modeling Approach,,,Data Warehousing and Knowledge Discovery,"2000
"
Andreas Bauer,205,50,wolfgang hümmer;wolfgang lehner;lutz schlesinger,A Decathlon in Multidimensional Modeling: Open Issues and Some Solutions,"The concept of multidimensional modeling has proven extremely suc- cessful in the area of Online Analytical Processing (OLAP) as one of many appli- cations running on top of a data warehous e installation. Although many different modeling techniques expressed in extended multidimensional data models were proposed in the recent past, we feel that many hot issues are not properly reflected.",Data Model;Data Warehouse;Data Warehousing;Modeling Technique;Multidimensional Data;Point of View;,Data Warehousing and Knowledge Discovery,"2002
"
Andreas Bauer,206,50,jürgen steger;holger günzel,Identifying Security Holes in OLAP Applications,,,IFIP Workshop on Database Security,"2000
"
Andreas Bauer,207,50,wolfgang hümmer;gunnar harde,XCube: XML for data warehouses,"Data warehouse systems are nowadays a well known and widely spread approach for supporting management decisions. In several companies or even across companies the idea of integrating several data warehouses into a virtual or federated data warehouse is of growing interest. But the technical and semantic problems are very demanding. An essential part for solving this problem is a standardized,",Data Cube;Data Transfer;Data Warehouse;Multidimensional Data;Xml Document;,International Workshop on Data Warehousing and OLAP,"2003
"
Andreas Bauer,208,50,wolfgang lehner;wolfgang hümmer;lutz schlesinger,On the problem of generating common predecessors,"Using common subexpressions to speed up a set of queries is a well known and long studied problem. However, due to the isolation requirement, operating a database in the classic transactional way does not offer many applications to exploit the benefits of simultaneously computing a set of queries. In the opposite, many applications can be identified in the context of",Data Mart;Data Warehousing;Materialized Views;,International Workshop on Data Warehousing and OLAP,"2002
"
Andreas Bauer,209,50,lutz schlesinger;wolfgang lehner;g. ediberidze;michael m. gutzmann,Efficiently synchronizing multidimensional schema data,"Most existing concepts in data warehousing provide a central data�base system storing gathered raw data and redundantly computed materialized views. While in current system architectures client tools are sending queries to a central data warehouse system and are only used to graphically present the result, the steady rise in power of personal computers and the expansion of network bandwidth makes",Data Warehouse;Data Warehousing;Materialized Views;Personal Computer;Special Needs;System Architecture;,International Workshop on Data Warehousing and OLAP,"2001
"
Andreas Bauer,210,50,jens albrecht;o. deyerling;holger günzel;wolfgang hümmer;wolfgang lehner;lutz schlesinger,Management of Multidimensional Aggregates for Efficient Online Analytical Processing,,,International Database Engineering and Application Symposium,"1999
"
Andreas Bauer,211,50,wolfgang lehner,On Solving the View Selection Problem in Distributed Data Warehouse Architectures,,Distributed Data;,Statistical and Scientific Database Management,"2003
"
Andreas Bauer,212,50,wolfgang lehner,Arbeitskreis Konzepts des Data Warehousing,,Data Warehousing;,Datenbank Rundbrief,"2001
"
Andreas Bauer,213,50,holger günzel,Arbeitskreis ``Konzepte des Data Warehousing,,Data Warehousing;,Datenbank Rundbrief,"2000
"
Andreas Bauer,214,50,lutz schlesinger;wolfgang lehner;wolfgang hümmer,Nutzung von Datenbankdiensten in Data-Warehouse-Anwendungen,,Data Warehouse;,Information Technology,"2003
"
