author,pid,label,coauthor,title,abstract,keywords,venue,year
Andreas Birk,215,51,,Learning to Trust,"Evolutionary game-theory is a powerful tool to investigate the devel- opment of complex relations between individuals such as the emergence of coop- eration and trust. But the propagation of genes is an unrealistic assumption when it comes to model fast-changing social interactions. We show how a transition from evolutionary game-theory to learning can be made. Specifically, we show how cooperation",Evolutionary Game Theory;Social Interaction;,Autonomous Agents & Multiagent Systems/International Conference on Autonomous Agents,"2000
"
Andreas Birk,216,51,tony belpaeme,A Multiagent System Based on Heterogeneous Robots,,multiagent system;,Collective Robots,"1998
"
Andreas Birk,217,51,,Learning Geometric Concepts with an Evolutionary Algorithm,We present a system that is able to learn descriptions of pic- tures with an evolutionary algorithm approach. The descrip- tions are programs in a turtle-graphics language and the de- scribed pictures are scenes from an environment with a robot- arm acting in a blocks-world. A measure of similarity of pic- tures is presented which can be computed fast and,Evolutionary Algorithm;Genetic Program;Robot Arm;,Evolutionary Programming,"1996
"
Andreas Birk,218,51,,Robot Learning and Self-Sufficiency: What the Energy-Level Can Tell Us about a Robot's Performance,,Energy Levels;Robot Learning;,European Workshop on Learning Robots,"1997
"
Andreas Birk,219,51,tony belpaeme,"An Overview of the Extended VUB Ecosystem, a MAS of Heterogeneous Robots"," The paper sketches the introduction of heterogeneityinto a robotic Multiagent System. The system is basedon ideas from Artificial Life; it forms a kind of artificialecosystem where the animats are linked together in theirsearch for &amp;quot;food&amp;quot; in form of electrical energy. Withinthis view, different robot types can be seen as differentspecies.1 IntroductionWe are interested in Multiagent Systems (MAS)from an Alife-perspective, i.e.",Artificial Life;multiagent system;,International Conference on Multiagent Systems,"1998
"
Andreas Birk,220,51,minoru asada;raffaello d'andrea;hiroaki kitano;manuela m. veloso,Robotics in Edutainment,,,International Conference on Robotics and Automation,"2000
"
Andreas Birk,221,51,,Fast Robot Prototyping with the Cubesystem,"The CubeSystem is a collection of hardware- and software-components for fast robot prototyping. The main goal of the CubeSystem project is to provide an open source collection of generic building blocks that can be freely combined into an application. This paper describes the first release of the CubeSystem, that evolved in more than five years of research and development. The",Building Block;Open Source;Software Component;of Research and Development;,International Conference on Robotics and Automation,"2004
"
Andreas Birk,222,51,holger kenn,Efficient Scheduling of Behavior-Processes on Different Time-Scales,"In behavior-oriented robotics, the control of a system is distributed over various processes or behaviors running in virtual parallel. But the assignment of processing power to different processes is a non-trivial task. Ex- isting approaches to this problem like rate-monotonic scheduling focus on the fulfillment of deadlines, i.e., upper time-bounds. For behavioral control, the peri- odicy of processes is also",Behavioral Control;Scheduling Algorithm;Time Scale;Timing Optimization;Rate Monotonic Scheduling;,International Conference on Robotics and Automation,"2001
"
Andreas Birk,223,51,holger kenn,An Industrial Application of Behavior-Oriented Robotics,,Industrial Application;,International Conference on Robotics and Automation,"2001
"
Andreas Birk,224,51,kaustubh pathak;narunas vaskevicius,Revisiting uncertainty analysis for optimum planes extracted from 3D range sensor point-clouds,"Abstract—In this work, we utilize a recently studied more accurate range noise model,for 3D sensors to derive from scratch the expressions for the optimum,plane which best fits a point-cloud and for the combined covariance matrix of the plane’s parameters. The parameters,in question are the plane’s normal,and its distance to the origin. The range standard- deviation model used by us is",Covariance Matrix;Eigenvectors;Indexing Terms;Least Square;Optimal Solution;Perturbation Method;Point Cloud;Range Image;Standard Deviation;Uncertainty Analysis;Uncertainty Estimation;Maximum Likelihood;Real Time;,International Conference on Robotics and Automation,"2009
"
Andreas Birk,225,51,max pfingsthorn;sören schwertfeger;heikow bülow;kaustubh pathak,Maximum likelihood mapping with spectral image registration,"A core challenge in probabilistic mapping is to ex- tract meaningful uncertainty information from data registration methods. While this has been investigated in ICP-based scan matching methods, other registration methods have not been analyzed. In this paper, an uncertainty analysis of a Fourier Mellin based image registration algorithm is introduced, which to our knowledge is the first of its kind",Covariance Matrix;Image Registration;Matched Filter;Scan Matching;Simultaneous Localization and Mapping;Spectral Imaging;Uncertainty Analysis;Mass Function;Maximum Likelihood;,International Conference on Robotics and Automation,"2010
"
Andreas Birk,226,51,narunas vaskevicius;kaustubh pathak;razvan pascanu,Extraction of quadrics from noisy point-clouds using a sensor noise model,,Point Cloud;,International Conference on Robotics and Automation,"2010
"
Andreas Birk,227,51,heiko bulow,Fast and robust photomapping with an Unmanned Aerial Vehicle (UAV),"A fast and robust method for visual odometry based on the Fourier-Mellin Invariant (FMI) descriptor is presented. It extends previous FMI based approaches in two ways. First, a logarithmic representation of the spectral magnitude of the FMI descriptor is used. Second, a filter on the frequency where the shift is supposed to appear is applied. It is shown with experiments",Robust Method;Unmanned Aerial Vehicle;visual odometry;,International Conference on Intelligent RObots and Systems - IROS,"2009
"
Andreas Birk,228,51,yashodhan nevatia;todor stoyanov;ravi rathnam;max pfingsthorn;stefan markov;rares ambrus,Augmented autonomy: Improving human-robot team performance in Urban search and rescue,"Exploration of unknown environments remains one of the fundamental problems of mobile robotics. It is also a prime example for a task that can benefit significantly from multi-robot teams. We present an integrated system for semi- autonomous cooperative exploration, augmented by an intuitive user interface for efficient human supervision and control. In this preliminary study we demonstrate the effectiveness of",Integrable System;Mobile Robot;Robot Team;Task Performance;Urban Search and Rescue;User Interface;Human In The Loop;,International Conference on Intelligent RObots and Systems - IROS,"2008
"
Andreas Birk,229,51,kaustubh pathak;jann poppinga,Sub-pixel depth accuracy with a time of flight sensor using multimodal Gaussian analysis,"Pixel array based 3D range sensors like stereo cameras and time of flight sensors are commonly used for spa- tial mapping. Analogous to a laser range finder beam, each pixel measures distances within its conical field of view. However, unlike laser range finders, these sensors use incoherent visible or near visible light for range measurement. This, combined with their relatively",Gaussian Mixture Model;Laser Range Finder;Mobile Robot;Obstacle Avoidance;Occupancy Grid;Path Planning;Sensor Model;Visible Light;Field of View;Time of Flight;,International Conference on Intelligent RObots and Systems - IROS,"2008
"
Andreas Birk,230,51,kaustubh pathak;jann poppinga;sören schwertfeger,3D forward sensor modeling and application to occupancy grid based sensor fusion,"This paper presents a new technique for the update of a probabilistic spatial occupancy grid map using a forward sensor model. Unlike currently popular inverse sensor models, forward sensor models can be found experimentally and can represent sensor characteristics better. The formulation is applicable to both 2D and 3D range sensors and does not have some of the theoretical and",Data Structure;Forward Model;Laser Range Finder;Occupancy Grid;Point Cloud;Sensor Fusion;Sensor Model;Stereo Vision;Hough Transform;Time of Flight;,International Conference on Intelligent RObots and Systems - IROS,"2007
"
Andreas Birk,231,51,kaustubh pathak;narunas vaskevicius;jann poppinga;max pfingsthorn;sören schwertfeger,Fast 3D mapping by matching planes extracted from range sensor point-clouds,,Point Cloud;,International Conference on Intelligent RObots and Systems - IROS,"2009
"
Andreas Birk,232,51,max pfingsthorn,Efficiently communicating map updates with the pose graph,,,International Conference on Intelligent RObots and Systems - IROS,"2008
"
Andreas Birk,233,51,jann poppinga;narunas vaskevicius;kaustubh pathak,Fast plane detection and polygonalization in noisy 3D range images,"A very fast but nevertheless accurate approach for surface extraction from noisy 3D point clouds is presented. It consists of two parts, namely a plane fitting and a polygo- nalization step. Both exploit the sequential nature of 3D data acquisition on mobile robots in form of range images. For the plane fitting, this is used to revise the standard mathematical",3d point cloud;Data Acquisition;Mobile Robot;Point Cloud;Range Image;Time of Flight;,International Conference on Intelligent RObots and Systems - IROS,"2008
"
Andreas Birk,234,51,minoru asada;enrico pagello;masahiro fujita;itsuki noda;satoshi tadokoro;dominique duhaut;peter stone;manuela m. veloso;tucker r. balch;hiroaki kitano;brian thomas,Progress in RoboCup Soccer Research in 2000,"In addition to researchers in AI and robotics, RoboCup attracts ordinary people, especially kids, high school and university students. Over 3000 people from 35 nations around the world have participated in RoboCup since the great success of the First Robot World Cup Soccer Games and Con- ferences, RoboCup-97 (1) held in conjunction with the Fifteenth International Joint Conference on Articial",High School;University Student;,International Symposium on Experimental Robotics,"2000
"
Andreas Birk,235,51,stefan markov,Detecting Humans in 2D Thermal Images by Generating 3D Models,,3d model;Thermal Imaging;,German Conference on Artificial Intelligence,"2007
"
Andreas Birk,236,51,holger kenn,Applying Behavior-Oriented Robotics to a Mobile Security Device,,,Pacific Rim International Conference on Artificial Intelligence,"2000
"
Andreas Birk,237,51,cosmin condea,Mobile Robot Communication Without the Drawbacks of Wireless Networking,"The default solution for mobile robot communication is RF- networking, typically based on one of the IEEE 802.11 standards also known as WLAN technology. Radio communication frees the robots from umbilical cords. But it suers from several significant drawbacks, espe- cially limited bandwidth and range. The limitations of both aspects are in addition hard to predict as they are strongly",Communication System;Copper;Indoor Environment;Mobile Robot;Umbilical Cord;Wireless Network;Line of Sight;,RoboCup,"2005
"
Andreas Birk,238,51,silvia coradeschi;satoshi tadokoro,The Tournament Results of the Different Leagues of RoboCup2001,,,RoboCup,"2001
"
Andreas Birk,239,51,holger kenn,A Rescue Robot Control Architecture Ensuring Safe Semiautonomous Operation,"The rescue robots developed at the International University Bremen (IUB) are semi-autonomous mobile robots providing streams of video and other essential data via wireless connections to human operated basestations, supple- mented by various basic and optional behaviors on board of the robots. Due to the limitations of wireless connections and the complexity of rescue operations, the full operation of a",Autonomous Control;Autonomous Mobile Robot;Quality of Service;Robot Control Architecture;Software Architecture;,RoboCup,"2002
"
Andreas Birk,240,51,holger kenn,Heterogeneity and On-Board Control in the Small Robots League," The VUB AI-lab team is mainly interested inthe two loosely linked aspects of on-board controland heterogeneity. One major effort forfostering both aspects within RoboCup's smallrobots league is our development of a robotconstruction-kit, allowing to implement a widerange of players with on-board control. Forthe ""99 competition, the existing RoboCubecontroller-hardware has been further improved.In addition, some solid and precise mechanicalbuilding-blocks were developed,",,RoboCup,"1999
"
Andreas Birk,241,51,max pfingsthorn,A HMI Supporting Adjustable Autonomy of Rescue Robots,"Human rescue workers are a scarce resource at disaster sites. But it is still a long way to go before fully autonomous rescue robots will be fieldable. The usefulness of rescue robots will hence strongly depend on the availability of user interfaces that enable a single first responder to operate a whole set of robots. For this challenge, it is",Adjustable Autonomy;Data Flow;First Responder;Graphical Interface;User Interface;,RoboCup,"2005
"
Andreas Birk,242,51,jann poppinga;max pfingsthorn,Using Different Humanoid Robots for Science Edutainment of Secondary School Pupils,,Humanoid Robot;Secondary School;,RoboCup,"2008
"
Andreas Birk,243,51,jann poppinga;todor stoyanov;yashodhan nevatia,Planetary Exploration in USARsim: A Case Study Including Real World Data from Mars,,Case Study;Planetary Exploration;,RoboCup,"2008
"
Andreas Birk,244,51,thomas walle;tony belpaeme;holger kenn,The VUB AI-lab RoboCup'99 Small League Team," . The VUB AI-lab team is mainly interested in the two looselylinked aspects of on-board control and heterogeneity. One major effort forforstering both aspects within RoboCup's small robots league is our developmentof a so-to-say robot construction-kit, allowing to implement awide range of players with on-board control. For the ""99 competition, theexisting RoboCube controller-hardware has been further improved. Inaddition, some solid",Building Block;,RoboCup,"1999
"
Andreas Birk,245,51,thomas walle;tony belpaeme;johan parent;tom de vlaminck;holger kenn,The Small League RoboCup Team of the VUB AI-Lab," . The paper describes the VUB AI-Lab team competing in thesmall robots league of RoboCup ""98 in Paris. The approach of this teamtargets for a longterm evolution of different robots, team-structures, andconcepts. Therefore, the efforts for the ""98 participation focus providinga flexible architecture, which forms a basis for this goal. In doingso, the development of the so-called RoboCube constitutes a",Robot Team;,RoboCup,"1998
"
Andreas Birk,246,51,heikow bülow;shams feyzabadi,Creating Photo Maps with an Aerial Vehicle in USARsim,,,RoboCup,"2009
"
Andreas Birk,247,51,stefano carpin,Stochastic Map Merging in Rescue Environments,"Abstract. We address the problem of merging multiple noisy maps,in the rescue environment. The problem is tackled by performing a stochastic search in the space of possible map,transformations. The proposed technique has its roots in a motion planning algorithm we recent developed, and turns out to be a generalization of other search techniques like hill-climbing or simulated annealing. We provide",Hill Climbing;Map Building;Motion Planning;Simulated Annealing;Stochastic Search;,RoboCup,"2004
"
Andreas Birk,248,51,stefano carpin;jijun wang;michael lewis;adam jacoff,High Fidelity Tools for Rescue Robotics: Results and Perspectives,USARSim is a high fidelity robot simulation tool based on a commercial game engine. We illustrate the overall structure of the simulator and we argue about its use as a bridging tool between the RoboCupRescue Real Robot League and the RoboCupRescue Simulation League. In particular we show some results concerning the validation of the system. Algorithms useful for the search,Game Engine;Search and Rescue;Simulation Tool;,RoboCup,"2005
"
Andreas Birk,249,51,winai chonnaparamutt,A New Mechatronic Component for Adjusting the Footprint of Tracked Rescue Robots,,,RoboCup,"2006
"
Andreas Birk,250,51,winai chonnaparamutt,A Fuzzy Controller for Autonomous Negotiation of Stairs by a Mobile Robot with Adjustable Tracks,,Fuzzy Controller;Mobile Robot;,RoboCup,"2007
"
Andreas Birk,251,51,ivan delchev,Vectorization of Grid Maps by an Evolutionary Algorithm,,Evolutionary Algorithm;,RoboCup,"2006
"
Andreas Birk,252,51,holger kenn,From Games to Applications: Component Reuse in Rescue Robots,"Component-based software engineering is useful for embedded ap- plications such as robotics. However, heavyweight component systems such as CORBA overstrain the ressources available in many embedded systems. Here, a lightweight component-based approach is used to implement the system software of the so-called CubeSystem, CubeOS. Since 1998, CubeOS and its component system have been successfully used in various areas from industry",Component Based Software Engineering;Component Reuse;Embedded System;Software Reuse;,RoboCup,"2004
"
Andreas Birk,253,51,max pfingsthorn;yashodhan nevatia;todor stoyanov;ravi rathnam;stefan markov,Towards Cooperative and Decentralized Mapping in the Jacobs Virtual Rescue Team,,,RoboCup,"2008
"
Andreas Birk,254,51,jann poppinga,A Novel Approach to Efficient Error Correction for the SwissRanger Time-of-Flight 3D Camera,,Error Correction;Time of Flight;,RoboCup,"2008
"
Andreas Birk,255,51,jann poppinga;kaustubh pathak,A Characterization of 3D Sensors for Response Robots,,,RoboCup,"2009
"
Andreas Birk,256,51,martijn n. rooker,Combining Exploration and Ad-Hoc Networking in RoboCup Rescue,"In challenging environments where the risk of loss of a robot is high, robot teams are a natural choice. In many applications like for example rescue missions there are two crucial tasks for the robots. First, they have to eciently and exhaustively explore the environment. Sec- ond, they must keep up a network connection to the base-station to transmit data",Ad Hoc Network;Data Transmission;Network Connectivity;Robot Team;Base Station;Relay Station;,RoboCup,"2004
"
Andreas Birk,257,51,martijn n. rooker,Communicative Exploration with Robot Packs,"Exploration is a core challenge for RoboCup Rescue. So- called communicative exploration is a novel strategy for multi-robot exploration that unlike other approaches takes the limits of wireless communication systems into account. Here, previous results that where achieved for a team of robots linked to a basestation are significantly extended to also cover robot packs, i.e., multi-robot teams that are",Robot Team;Wireless Communication Systems;,RoboCup,"2005
"
Andreas Birk,258,51,ioana varsadan;max pfingsthorn,Determining Map Quality through an Image Similarity Metric,,Image Similarity;,RoboCup,"2008
"
Andreas Birk,259,51,,Boosting Cooperation by Evolving Trust," Instead of establishing trust through defining compliancy-based standards like protocolsaugmented by cryptographic methods, it is shown that trust can emerge as a self-organizingphenomenon in a complex dynamical system. It is assumed that trust can be modeled onbasis of an intrinsic property called trustworthyness in every individual i, which is an objectivemeasure for other individuals wether it is desirable to engage",Complex Dynamical Systems;,Applied Artificial Intelligence,"2000
"
Andreas Birk,260,51,holger kenn;thomas walle,On-board control in the RoboCup small robots league," We present the most recent version of our RoboCube system, a special robotcontrollerhand-tailored for players in the small robots league. The RoboCube isconceptualized to implement players with as many on-board features as possible in anextremely flexible way. For this purpose, the RoboCube provides quite some computationpower and memory as well as a multitude of I/O-interfaces within the spaceconstraints.As it facilitates",,Advanced Robotics,"2000
"
Andreas Birk,261,51,stefano carpin,Rescue robotics - A crucial milestone on the road to autonomous systems,"Rescue robotics is an important steppingstone in the scientific chal- lenge to create autonomous systems. There is a significant market for res- cue robots, which has unique features that allow a fruitful combination of application oriented developments and basic research. Unlike other mar- kets for advanced robotics systems like service robots, the rescue robotics domain benefits from the fact that",Autonomic System;Basic Research;Service Robot;au tonomous system;Human In The Loop;,Advanced Robotics,"2006
"
Andreas Birk,262,51,narunas vaskevicius;kaustubh pathak;sören schwertfeger,Efficient Representation in Three-Dimensional Environment Modeling for Planetary Robotic Exploration,,Three Dimensional;,Advanced Robotics,"2010
"
Andreas Birk,263,51,kaustubh pathak;narunas vaskevicius;max pfingsthorn;jann poppinga,Online three-dimensional SLAM by registration of large planar surface segments and closed-form pose-graph relaxation,,Three Dimensional;,Journal of Field Robotics,"2010
"
Andreas Birk,264,51,jann poppinga;kaustubh pathak,Hough based terrain classification for realtime detection of drivable ground,"Abstract The usability of mobile robots for surveillance, search and rescue missions can be significantly improved,by intelligent functionalities decreasing the cognitive load on the operator or even allowing autonomous operations, e.g., when communication fails. Mobility in this regard is not only a mechatronic problem but also a percep- tion, modeling and planning challenge. Here, the perception issue of detecting driv-",Cognitive Load;Mobile Robot;Parameter Space;Range Data;Search and Rescue;Success Rate;Decision Tree;Hough Transform;Time of Flight;,Journal of Field Robotics,"2008
"
Andreas Birk,265,51,holger kenn;luc steels,Programming with behavior-processes,,,Robotics and Autonomous Systems,"2002
"
Andreas Birk,266,51,julie wiernik,An N-player prisoner's dilemma in a robotic ecosystem,,prisoner's dilemma;,Robotics and Autonomous Systems,"2002
"
Andreas Birk,267,51,stefano carpin;viktoras jucikas,On map merging,"We illustrate our experience in developing and implementing algorithms for map merging, i.e., the problem of fusing two or more partial maps without common reference frames into one large global map. The partial maps may for example be acquired by multiple robots, or during several runs of a single robot from varying starting positions. Our work deals with low quality",Data Gathering;Motion Planning;Multi Robot System;Reference Frame;Stochastic Algorithm;,Robotics and Autonomous Systems,"2005
"
Andreas Birk,268,51,kaustubh pathak;narunas vaskevicius;jann poppinga,Fast Registration Based on Noisy Planes With Unknown Correspondences for 3-D Mapping,,,IEEE Transactions on Robotics,"2010
"
