author,pid,label,coauthor,title,abstract,keywords,venue,year
Bernd Fischer,373,75,ewen denney,Explaining Verification Conditions,,,Algebraic Methodology and Software Technology,"2008
"
Bernd Fischer,374,75,ewen denney;johann schumann,Using Automated Theorem Provers to Certify Auto-generated Aerospace Software,"We describe a system for the automated certification of safety proper- ties of NASA software. The system uses Hoare-style program verification tech- nology to generate proof obligations which are then processed by an automated first-order theorem prover (ATP). For full automation, however, the obligations must be aggressively preprocessed and simplified. We describe the unique re- quirements this places on the",Program Verification;Theorem Prover;First Order;,Conference on Automated Deduction,"2004
"
Bernd Fischer,375,75,johann schumann,SETHEO Goes Software Engineering: Application of ATP to Software Reuse,Reuse of approved software components has been identied as one of the key factors for successful software engineering projects. Although the reuse process also covers many non-technical aspects (9) we will restrict ourselves to the re- trieval of software components (SCR) based on their formal specications. Our system NORA/HAMMR3 is based on a library of software components with associated specications,formal specication;Graphic User Interface;Software Component;Software Engineering;Software Reuse;System Architecture;Target Language;,Conference on Automated Deduction,"1997
"
Bernd Fischer,376,75,michael w. whalen;johann schumann,AutoBayes/CC - Combining Program Synthesis with Automatic Code Certification - System Description,,Program Synthesis;,Conference on Automated Deduction,"2002
"
Bernd Fischer,377,76,eelco visser,Retrofitting the AutoBayes Program Synthesis System with Concrete Syntax,,Program Synthesis;,Dagstuhl Seminars,"2003
"
Bernd Fischer,378,75,lucas cordeiro;joão marques-silva,Continuous Verification of Large Embedded Software Using SMT-Based Bounded Model Checking,"The complexity of software in embedded systems has in- creased significantly over the last years so that software ver- ification now plays an important role in ensuring the over- all product quality. In this context, bounded model check- ing has been successfully applied to discover subtle errors, but for larger applications, it often suffers from the state space explosion problem.",Bounded Model Checking;Case Study;Embedded Software;Embedded System;Error Detection;Product Quality;Program Verification;Software Configuration Management;State Space;State Space Explosion;,Engineering of Computer-Based Systems,"2010
"
Bernd Fischer,379,75,ewen denney,Correctness of Source-Level Safety Policies,Program certification techniques formally show that pro- grams satisfy certain safety policies. They rely on the correctness of the safety policy which has to be established externally. In this paper we investigate an approach to show the correctness of safety policies which are formulated as a set of Hoare-style inference rules on the source code level. We develop a framework,hoare logic;Inference Rule;Memory Access;Program Verification;Proof Carrying Code;Safety Properties;Satisfiability;Source Code;Verification Condition Generator;,World Congress on Formal Methods,"2003
"
Bernd Fischer,380,75,michael w. whalen;johann schumann,Synthesizing Certified Code,"Abstract. Code certication is a lightweight approach for formally demonstrating software quality. Its basic idea is to require code producers to provide formal proofs that their code satises certain quality properties. These proofs serve as certic ates that can be checked independently. Since code certication uses the same underlying technology as program verication, it requires detailed annotations (e.g., loop invariants)",Automated Theorem Proving;Automatic Generation;Automatic Programming;Data Analysis;Domain Knowledge;Memory Safety;program verication;Proof Carrying Code;Software Quality;Static Analysis Tools;Theorem Prover;,World Congress on Formal Methods,"2002
"
Bernd Fischer,381,75,ewen denney,Certifiable Program Generation,"Code generators based on template expansion techniques are easier to build than purely deductive systems but do not guarantee the same level of assurance: instead of providing ""correctness-by-construction"", the correctness of the generated code depends on the correctness of the generator itself. We present an alternative assurance approach, in which the generator is extended to enable Hoare-style safety proofs for",Code Generation;Domain Specificity;Generic Programming;Normal Matrix;Program Generation;Safety Properties;Satisfiability;,Generative Programming and Component Engineering,"2005
"
Bernd Fischer,382,75,ewen denney,A generic annotation inference algorithm for the safety certification of automatically generated code,"Code generators for realistic application domains are not directly veriable in practice. In the certiable code generation approach the generator is extended to generate logical annotations (i.e., pre- and postconditions and loop invariants) along with the programs, allowing fully automated program proofs of different safety prop- erties. However, this requires access to the generator sources, and remains difcult to implement",Automated Code Generation;Automated Theorem Proving;Automatic Generation;Code Generation;Generic Programming;Pattern Matching;program verication;Safety Properties;,Generative Programming and Component Engineering,"2006
"
Bernd Fischer,383,75,ewen denney,Generating customized verifiers for automatically generated code,Program verification using Hoare-style techniques require s many logical annotations. We have previously developed a generic anno- tation inference algorithm that weaves in all annotations r equired to certify safety properties for automatically generated c ode. It us- es patterns to capture generator- and property-specific cod e idioms and property-specific meta-program fragments to construct the an- notations. The algorithm is,Automated Code Generation;Automatic Generation;Code Generation;General Techniques;hoare logic;Levels of Abstraction;meta programming;Program Verification;Safety Properties;Space Flight;Theorem Proving;Real Time Workshop;,Generative Programming and Component Engineering,"2008
"
Bernd Fischer,384,75,ewen denney;johann schumann,Adding Assurance to Automatically Generated Code,Code to estimate position and attitude of a spacecraft or aircraft belongs to the most safety-critical parts of flight software. The complex underlying mathematics and abun- dance of design details make it error-prone and reliable im- plementations costly. AutoFilter is a program synthesis tool for the automatic generation of state estimation code from compact specifications. It can automatically produce addi-,Automatic Generation;Generic Programming;Program Synthesis;Satisfiability;State Estimation;Static Analysis Tools;,High-Assurance Systems,"2004
"
Bernd Fischer,385,75,johann schumann;michael w. whalen;jon whittle,Certification Support for Automatically Generated Programs,"Although autocoding techniques promise large gains in software development productivity, their ""real-world"" ap- plication has been limited, particularly in safety-critical do- mains. Often, the major impediment is the missing trustwor- thiness of these systems: demonstrating—let alone formally certifying—the trustworthiness of automatic code genera- tors is extremely difficult due to their complexity and size. We develop an alternative product-oriented certification approach",Automatic Generation;Automatic Programming;Code Generation;Data Analysis;Generic Programming;Logic Programs;Software Development;Time Series Analysis;,Hawaii International Conference on System Sciences,"2003
"
Bernd Fischer,386,75,paulo j. matos;joão marques-silva,A Lazy Unbounded Model Checker for Event-B,,,IEEE International Conference on Formal Engineering Methods,"2009
"
Bernd Fischer,387,75,ashish darbari;joão marques-silva,Industrial-Strength Certified SAT Solving through Verified SAT Proof Checking,,,International Colloquium on Theoretical Aspects of Computing,"2010
"
Bernd Fischer,388,75,ewen denney,Extending Source Code Generators for Evidence-Based Software Certification,"Abstract—Automated code generation offers many advantages over manual,software development but treating generators as trusted black boxes raise problems for certification. Traditional process-oriented approaches to certification thus require that the generator be verified to the same level of assurance as the generated code, but this is infeasible for realistic generators. However, generators can be extended to support an evidencebased approach to",Automated Code Generation;Code Generation;Software Development;Source Code;Theorem Prover;User Interface;,Leveraging Applications of Formal Methods,"2006
"
Bernd Fischer,389,75,lucas cordeiro;joão marques-silva,SMT-Based Bounded Model Checking for Embedded ANSI-C Software,"Abstract Propositional bounded,model,checking,has been applied successfully to verify embedded,software but is limited by the increasing propositional formula size and the loss of structure during the translation. These limitations can,be reduced,by encoding,word-level information in theories richer than propositional logic and using SMT solvers for the generated,verification conditions. Here, we investigate the application of dif- ferent SMT solvers to the verification of",Bounded Model Checking;Control System;Embedded Software;Propositional Logic;Software Model Checking;Front End;,Computing Research Repository,"2009
"
Bernd Fischer,390,75,ewen denney,Annotation Inference for Safety Certification of Automatically Generated Code (Extended Abstract),,Automatic Generation;,Automated Software Engineering,"2006
"
Bernd Fischer,391,75,ewen denney,A Verification-Driven Approach to Traceability and Documentation for Auto-Generated Mathematical Software,"Automated code generators are increasingly used in safety-critical applications, but since they are typically not qualified, the generated code must still be fully tested, reviewed, and certified. For mathematical and engineering software this requires reviewers to trace subtle details of textbook formulas and algorithms to the code, and to match requirements (e.g., physical units or coordinate frames) not represented explicitly",Automated Code Generation;Mathematical Software;Model Based Design;Natural Language;Verification and Validation;,Automated Software Engineering,"2009
"
Bernd Fischer,392,75,ewen denney;dieter hutter;mark jones,Software certificate management (SoftCeMent'05),"The goal of this workshop is to explore new technologies, underlying principles, and general methodologies for supporting software certificate management. Software certification demonstrates the reliability, safety, or security of software systems in such a way that it can be checked by an independent authority with minimal trust in the techniques and tools used in the certification process itself. It can",Document Engineering;Management System;New Technology;Software Systems;Validation and Verification;Fault Tree;,Automated Software Engineering,"2005
"
Bernd Fischer,393,75,johann schumann,Applying AutoBayes to the Analysis of Planetary Nebulae Images,,Planetary Nebula;,Automated Software Engineering,"2003
"
Bernd Fischer,394,75,jon whittle,An Integration of Deductive Retrieval into Deductive Synthesis,"Deductive retrieval and deductive synthesis are two con- ceptually closely related software development methods which apply theorem proving techniques to support the con- struction of correct programs. In this paper, we describe an integration of both methods which combines their comple- mentary benefits and alleviates some of their drawbacks. The core of our integration is an algorithm which au- tomatically",Software Development;Theorem Proving;Higher Order;,Automated Software Engineering,"1999
"
Bernd Fischer,395,75,johann schumann,NORA/HAMMR: Making Deduction-Based Software Component Retrieval Practical,Deduction-based software component retrieval uses pre- and postconditions as indexes and search keys and an auto- mated theorem prover (ATP) to check whether a component matches. This idea is very simple but the vast number of arising proof tasks makes a practical implementation very hard. We thus pass the components through a chain of filters of increasing deductive power. In,Answer Sets;Model Checking;Software Component;Theorem Prover;,Automated Software Engineering,"1997
"
Bernd Fischer,396,75,wray l. buntine;thomas pressburgers,Towards automated synthesis of data mining programs," Code synthesis is routinely used in industry to generateGUIs, form filling applications, and database support codeand is even used with COBOL. In this paper we considerthe question of whether code synthesis could also beapplied to the data mining phase of knowledge discovery.We view this as a rapid prototyping method. Rapidprototyping of statistical data analysis algorithms wouldallow experienced analysts to experiment",Data Mining;Knowledge Discovery;Rapid Prototyping;Statistical Data Analysis;COBOL;,Knowledge Discovery and Data Mining,"1999
"
Bernd Fischer,397,76,eelco visser,Adding Concrete Syntax to a Prolog-Based Program Synthesis System (Extended Abstract),"Program generation and transformation systems manipulate large, pa- rameterized object language fragments. Support for user-definable concrete syn- tax makes this easier but is typically restricted to certain object and meta lan- guages. We show how Prolog can be retrofitted with concrete syntax and describe how a seamless interaction of concrete syntax fragments with an existing ""legacy"" meta-programming system based on",Abstract Syntax;Code Size;meta programming;Program Generation;Program Synthesis;Second Order;,Logic Program Synthesis and Transformation,"2003
"
Bernd Fischer,398,75,alexander g. gray;johann schumann;wray l. buntine,Automatic Derivation of Statistical Algorithms: The EM Family and Beyond,"Machine learning has reached a point where most probabilistic meth-ods can be understood as variations, extensions and combinations of a much smaller set of abstract themes, e. g., as different instances of the EM algorithm. This enables the systematic derivation of algorithms cus-tomized for different models. Here, we demonstrate the AUTOBAYES system which takes a high-level statistical model specification, uses",Closed Form Solution;Computer Algebra;Em Algorithm;Gibbs Sampling;Machine Learning;Program Synthesis;Statistical Model;,Neural Information Processing Systems,"2002
"
Bernd Fischer,399,75,nurlida basir;ewen denney,Constructing a Safety Case for Automatically Generated Code from Formal Program Verification Information,"Formal methods can in principle provide the highest levels of assur- ance of code safety by providing formal proofs as explicit evidence for the as- surance claims. However, the proofs are often complex and difcult to relate to the code, in particular if it has been generated automatically. They may also be based on assumptions and reasoning principles that are",Automated Code Generation;Automatic Generation;Code Generation;Fault Tree Analysis;Formal Method;formal verication;hoare logic;program verication;Program Verification;Safety Properties;System Development;,"International Conference on Computer Safety, Reliability and Security","2008
"
Bernd Fischer,400,75,nurlida basir;ewen denney,Deriving Safety Cases for Hierarchical Structure in Model-Based Development,,Hierarchical Structure;model-based development;,"International Conference on Computer Safety, Reliability and Security","2010
"
Bernd Fischer,401,75,johann schumann;thomas pressburger,Generating Data Analysis Programs from Statistical Models,,Data Analysis;Numerical Analysis;Probability Theory;Statistical Approach;Statistical Data Analysis;Statistical Model;,"Semantics, Applications, and Implementation of Program Generation","2000
"
Bernd Fischer,402,75,ando saabas;tarmo uustalu,Program Repair as Sound Optimization of Broken Programs,"We present a new, semantics-based approach to me- chanical program repair where the intended meaning of broken programs (i.e., programs that may abort under a given, error-admitting language semantics) can be defined by a special, error-compensating semantics. Program re- pair can then become a compile-time, mechanical program transformation based on a program analysis. It turns a given program into one",Error Compensation;hoare logic;Partial Redundancy Elimination;Program Analysis;Program Correctness;Program Optimization;Program Transformation;Type System;,Theoretical Aspects of Software Engineering,"2009
"
Bernd Fischer,403,75,jussi karlgren;pentti kanerva;björn gambäck;kenneth d. forbus;kagan tumer;peter stone;kai goebel;gaurav s. sukhatme;tucker r. balch;doug smith;sanda m. harabagiu;vinay chaudri;mike barley;hans w. guesgen;thomas f. stahovich;randall davis;james a. landay,The 2002 AAAI Spring Symposium Series,,,Ai Magazine,"2002
"
Bernd Fischer,404,75,lucas cordeiro;joão marques-silva,SMT-Based Bounded Model Checking for Embedded ANSI-C Software,"Abstract Propositional bounded,model,checking,has been applied successfully to verify embedded,software but is limited by the increasing propositional formula size and the loss of structure during the translation. These limitations can,be reduced,by encoding,word-level information in theories richer than propositional logic and using SMT solvers for the generated,verification conditions. Here, we investigate the application of dif- ferent SMT solvers to the verification of",Bounded Model Checking;Control System;Embedded Software;Propositional Logic;Software Model Checking;Front End;,Computing Research Repository,"2009
"
Bernd Fischer,405,75,ashish darbari;joão marques-silva,Industrial-Strength Formally Certified SAT Solving,"Boolean Satisfiability (SAT) solvers are now routinely used in the verification of large industrial problems. However, their application in safety-critical domains such as the railways, avionics, and automotive industries requires some form of assurance for the results, as the solvers can (and sometimes do) have bugs. Unfortunately, the complexity of modern, highly optimized SAT solvers renders impractical the development of",Automotive Industry;Boolean Satisfiability;Correctness Proof;Sat Solver;Satisfiability;Theorem Prover;,Computing Research Repository,"2009
"
Bernd Fischer,406,75,lucas cordeiro;joão marques-silva,Continuous Verification of Large Embedded Software using SMT-Based Bounded Model Checking,,Bounded Model Checking;Embedded Software;,Computing Research Repository,"2009
"
Bernd Fischer,407,75,lucas cordeiro,Bounded Model Checking of Multi-threaded Software using SMT solvers,"The transition from single-core to multi-core processors has made multi-threaded software an important subject in computer aided verification. Here, we describe and evaluate an extension of the ESBMC model checker to support the verification of multi-threaded software with shared variables and locks using bounded model checking (BMC) based on Satisfiability Modulo Theories (SMT). We describe three approaches to model check",Bounded Model Checking;High Speed;Model Checking;multi-core processor;Partial Order Reduction;Software Verification;State Space;Sat Modulo Theories;Satisfiability Modulo Theories;,Computing Research Repository,"2010
"
Bernd Fischer,408,75,nurlida basir;ewen denney,Deriving Safety Cases for the Formal Safety Certification of Automatically Generated Code,"We present an approach to systematically derive safety cases for automatically generated code from infor- mation collected during a formal, Hoare-style safety certification of the code. This safety case makes explicit the formal and informal reasoning principles, and reveals the top-level assumptions and external dependen- cies that must be taken into account; however, the evidence still comes from the formal",Automated Code Generation;Automatic Generation;hoare logic;Safety Properties;,Electronic Notes in Theoretical Computer Science,"2009
"
Bernd Fischer,409,77,gregor snelting;franz-josef grosch;matthias kievernagel;andreas zeller,Die inferenzbasierte Softwareentwicklungsumgebung NORA,,,Informatik - Forschung Und Entwicklung,"1994
"
Bernd Fischer,410,75,ewen denney;johann schumann,An Empirical Evaluation of Automated Theorem Provers in Software Certification,"We describe a system for the automated certification of safety properties of NASA software. The system uses Hoare-style program verification technology to generate proof obligations which are then processed by an automated first-order theorem prover (ATP). We discuss the unique requirements this application places on the ATPs, focusing on automation, proof checking, and usability. For full automation, however, the obligations",Automated Theorem Proving;Empirical Evaluation;hoare logic;Program Synthesis;Program Verification;Safety Properties;Theorem Prover;First Order;Verification Condition Generator;,International Journal on Artificial Intelligence Tools,"2006
"
Bernd Fischer,411,75,geoff sutcliffe;stephan schulz,Empirically Successful Automated Reasoning: Systems Issue,,Automated Reasoning;,Journal of Automated Reasoning,"2006
"
Bernd Fischer,412,75,geoff sutcliffe;stephan schulz,Empirically Successful Automated Reasoning: Applications Issue,,Automated Reasoning;,Journal of Automated Reasoning,"2006
"
Bernd Fischer,413,75,johann schumann,AutoBayes: a system for generating data analysis programs from statistical models,"Data analysis is an important scientic task which is required whenever information needs to be extracted from raw data. Statistical approaches to data analysis, which use methods from probability theory and numerical analysis, are well-founded but dicult to imple- ment: the development of a statistical data analysis program for any given application is time-consuming and requires substantial knowledge and experience",Closed Form Solution;Data Analysis;dieren tial equation;Information Need;Numerical Analysis;Probability Distribution;Probability Theory;Program Synthesis;Statistical Approach;Statistical Data Analysis;Statistical Model;System Architecture;Theorem Proving;,Journal of Functional Programming,"2003
"
Bernd Fischer,414,75,thomas baar;dirk fuchs,Integrating Deduction Techniques in a Software Reuse Application,,Software Reuse;,Journal of Universal Computer Science,"1999
"
Bernd Fischer,415,78,carsten hammer;werner struckmann,ALADIN: A Scanner Generator for Incremental Programming Environments,"SUMMARY A large number of scanner generators have been developed. Since they are restricted to the longest- match rule, they are unsuitable for an incremental environment. We present the ALADIN system, which is able to deliver more than a single token if required. Thus, an ambiguity may be passed to the calling instance. Beyond this 'incremental feature', ALADIN is a",Lexical Analysis;Programming Environment;,Software - Practice and Experience,"1992
"
Bernd Fischer,416,75,grigore rosu,Interpreting Abstract Interpretations in Membership Equational Logic,,Abstract Interpretation;Membership Equational Logic;,Theoretical Computer Science,"2001
"
