author,pid,label,coauthor,title,abstract,keywords,venue,year
Chao Liu,558,121,william yurcik,A first step toward detecting SSH identity theft in HPC cluster environments: discriminating masqueraders based on command behavior,"Recent attacks enabled by stolen authentication pass- words and keys have allowed intruders to masquerade as legitimate users on high performance computing clusters. With the motivation of detecting masqueraders on clus- ters, this work seeks to discriminate different types of use rs based on their command behavior - in particular, user com- mand behavior on a multi-user public machine versus",Feature Construction;High Performance;High Performance Computer;Identity Theft;Support Vector Machine;high per formance computing;information re trieval;Multi User;,Cluster Computing and the Grid,"2005
"
Chao Liu,559,121,david lo;siau-cheng khoo,Efficient Mining of Recurrent Rules from a Sequence Database,"We study a novel problem of mining significant recurrent rules from a sequence database. Recurrent rules have the form ""when- ever a series of precedent events occurs, eventually a series of consequent events occurs"". Recurrent rules are intuitive and characterize behaviors in many domains. An example is in the domain of software specifications, in which the rules capture a family",Case Study;Linear Temporal Logic;Program Specification;Program Verification;Software Specification;,Database Systems for Advanced Applications,"2008
"
Chao Liu,560,121,zeng lian;jiawei han,How Bayesians Debug,"Manual debugging is expensive. And the high cost has motivated extensive research on automated fault lo- calization in both software engineering and data mining communities. Fault localization aims at automatically locating likely fault locations, and hence assists manual debugging. A number of fault localization algorithms have been developed in recent years, which prove effec- tive when multiple failing and passing",Data Mining;Fault Analysis;Fault Localization;Fault Location;Software Engineering;,IEEE International Conference on Data Mining,"2006
"
Chao Liu,561,121,bo zhao,Efficient SIP-Specific Event Notification,"By Session Initiation Protocol (SIP), the entities in the network can subscribe to the resource or the call state for various resources or calls in the network. Those entities (or entities acting on their behalf) can send notifications when those states change. We propose a new approach to subscribe the information of part resources of the user's re- source list.",Event Notification;Performance Evaluation;Session Initiation Protocol;,International Conference on Networking,"2006
"
Chao Liu,562,121,yu zhang;jiawei han;bharat k. bhargava,Indexing Noncrashing Failures: A Dynamic Program Slicing-Based Approach,"Recent software systems usually feature an automated failure reporting component, with which a huge number of failures are collected from software end-users. With a proper support of failure indexing, which identifies failures due to the same fault, the collected failure data can help de- velopers prioritize failure diagnosis, among other utilities of the failure data. Since crashing failures can be",Case Study;Crash Failure;Dynamic Program Slicing;Dynamic Slicing;Indexation;Software Systems;,International Conference on Software Maintenance,"2007
"
Chao Liu,563,122,ming zhang;chenglong gong;yuan feng,Energy-Predicted Shortest Routing Tree Algorithm in Wireless Sensor Networks,,Wireless Sensor Network;,International Symposium on Intelligence Computation and Applications,"2008
"
Chao Liu,564,121,david lo;siau-cheng khoo,Mining past-time temporal rules from execution traces,"Specification mining is a process of extracting specifications, often from program execution traces. These specifications can in turn be used to aid program understanding, monitoring and verification. There are a number of dynamic-analysis-based specification min- ing tools in the literature, however none so far extract past time tem- poral expressions in the form of rules stating: ""whenever a series of",Application Server;Data Mining;Dynamic Analysis;Program Understanding;Rule Based;,International Symposium on Software Testing and Analysis,"2008
"
Chao Liu,565,121,chen chen;jiawei han;philip s. yu,GPLAG: detection of software plagiarism by program dependence graph analysis,"Along with the blossom of open source projects comes the convenience for software plagiarism. A company, if less self-disciplined, may be tempted to plagiarize some open source projects for its own products. Although current pla- giarism detection tools appear sufficient for academic use, they are nevertheless short for fighting against serious pla- giarists. For example, disguises like statement reordering and",Control Dependence;Graph Mining;Graphical Representation;Open Source;Plagiarism Detection;Program Dependence Graph;Search Space;Lines of Code;,Knowledge Discovery and Data Mining,"2006
"
Chao Liu,566,123,fan guo;christos faloutsos,BBM: bayesian browsing model from petabyte-scale data,"Given a quarter of petabyte click log data, how can we esti- mate the relevance of each URL for a given query? In this paper, we propose the Bayesian Browsing Model (BBM), a new modeling technique with following advantages: (a) it does exact inference; (b) it is single-pass and parallelizable; (c) it is effective. We present two sets of experiments",bayesian model;Log Analysis;Modeling Technique;Web Search;,Knowledge Discovery and Data Mining,"2009
"
Chao Liu,567,121,david lo;siau-cheng khoo,Efficient mining of iterative patterns for software specification discovery,"Studies have shown that program comprehension takes up to 45% of software development costs. Such high costs are caused by the lack-of documented speciflcation and further aggravated by the phenomenon of software evolution. There is a need for automatic tools to extract speciflcations to aid program comprehension. In this paper, a novel technique to e-ciently mine common software temporal patterns",Case Study;Pattern Mining;Program Comprehension;Sequential Pattern;Software Development;Software Evolution;Software Specification;Temporal Pattern;,Knowledge Discovery and Data Mining,"2007
"
Chao Liu,568,122,ming zhang;minrui zheng;yixin chen,Step-by-Step Regression: A More Efficient Alternative for Polynomial Multiple Linear Regression in Stream Cube,"Facing tremendous and potentially infinite stream data, it is impossible to record them entirely. Thus synopses are required to be generated timely to capture the underlying model for stream management systems. Traditionally, curve fitting through Multiple Linear Regression (MLR) is a powerful and efficient modeling tool. In order to further accelerate its processing efficiency, we propose Step-by-step Regression (SR) as",Curve Fitting;Data Stream;Data Stream Management System;Generation Time;Management System;Modeling Tool;Multiple Linear Regression;Front End;Real Time;,Pacific-Asia Conference on Knowledge Discovery and Data Mining,"2003
"
Chao Liu,569,121,xifeng yan;jiawei han,Mining Control Flow Abnormality for Logic Error Isolation,"Analyzing the executions of a buggy program is essen- tially a data mining process: Tracing the data generated during program executions may disclose important pat- terns and outliers that could eventually reveal the lo- cation of software errors. In this paper, we investigate program logic errors, which rarely incur memory ac- cess violations but generate incorrect outputs. We show that",Control Flow;Data Mining;Hypothesis Test;Ranking Function;,SIAM International Conference on Data Mining,"2006
"
Chao Liu,570,121,xifeng yan;hwanjo yu;jiawei han;philip s. yu,"Mining Behavior Graphs for ""Backtrace"" of Noncrashing Bugs","Analyzing the executions of a buggy software program is es- sentially a data mining process. Although many interesting methods have been developed to trace crashing bugs (such as memory violation and core dumps), it is still difficult to analyze noncrashing bugs (such as logical errors). In this paper, we develop a novel method to classify the structured traces of program",Data Mining;Graph Mining;,SIAM International Conference on Data Mining,"2005
"
Chao Liu,571,121,jiawei han,Failure proximity: a fault localization-based approach,"Recent software systems usually feature an automated fail- ure reporting system, with which a huge number of failing traces are collected every day. In order to prioritize fault diagnosis, failing traces due to the same fault are expected to be grouped together. Previous methods, by hypothesiz- ing that similar failing traces imply the same fault, cluster failing traces based on",Case Study;Fault Diagnosis;Fault Localization;Fault Location;Software Systems;Statistical Debugging;,,"2006
"
Chao Liu,572,121,xifeng yan;long fei;jiawei han;samuel p. midkiff,SOBER: statistical model-based bug localization,"Automated localization of software bugs is one of the essential issues in debugging aids. Previous studies indicated that the evaluation history of program predicates may disclose important clues about underlying bugs. In this paper, we propose a new statistical model-based approach, called SOBER, which localizes software bugs without any prior knowledge of program semantics. Unlike existing  approaches that select predicates",It Evaluation;Model Evaluation;Prior Knowledge;Statistical Debugging;Statistical Model;,,"2005
"
Chao Liu,573,123,fan guo;yi-min wang,Efficient multiple-click models in web search,Many tasks that leverage web search users' implicit feed- back rely on a proper and unbiased interpretation of user clicks. Previous eye-tracking experiments and studies on explaining position-bias of user clicks provide a spectrum of hypotheses and models on how an average user examines and possibly clicks web documents returned by a search en- gine with respect to the submitted,Experimental Study;Eye Tracking;Linear Time;Log Analysis;Space Complexity;Spectrum;Statistical Model;Web Documents;Web Search;,Web Search and Data Mining,"2009
"
Chao Liu,574,123,fan guo;anitha kannan;tom minka;michael j. taylor;yi-min wang;christos faloutsos,Click chain model in web search,"Given a terabyte click log, can we build an efficient and ef- fective click model? It is commonly believed that web search click logs are a gold mine for search business, because they reflect users' preference over web documents presented by the search engine. Click models provide a principled ap- proach to inferring user-perceived relevance of web docu- ments, which",bayesian framework;bayesian model;Experimental Study;Gold Mining;Log Analysis;Search Engine;Web Documents;Web Search;,World Wide Web Conference Series,"2009
"
Chao Liu,575,121,qiaozhu mei;hang su;chengxiang zhai,A probabilistic approach to spatiotemporal theme pattern mining on weblogs,"Mining subtopics from weblogs and analyzing their spatiotemporal patterns have applications in multiple domains. In this paper, we deˉne the novel problem of mining spatiotemporal theme patterns from weblogs and propose a novel probabilistic approach to model the subtopic themes and spatiotemporal theme patterns simultaneously. The proposed model discovers spatiotemporal theme patterns by (1) extracting common themes from weblogs; (2)",Comparative Analysis;Information Search and Retrieval;Life Cycle;Mixture Model;Pattern Mining;Probabilistic Approach;Probabilistic Model;Text Mining;,World Wide Web Conference Series,"2006
"
Chao Liu,576,121,tao xie;suresh thummalapenta;david lo,Data Mining for Software Engineering,,Data Mining;Software Engineering;,IEEE Computer,"2009
"
Chao Liu,577,121,david lo;siau-cheng khoo,Mining temporal rules for software maintenance,"SUMMARY Software evolution incurs difficulties in program comprehension and software verification, and hence it increases the cost of software maintenance. In this study, we propose a novel technique to mine from program execution traces a sound and complete set of statistically significant temporal rules of arbitrary lengths. The extracted temporal rules reveal invariants that the program observes, and will consequently",Application Server;Case Study;Data Mining;Dynamic Analysis;Formal Analysis;Program Comprehension;Program Design;Program Verification;Software Evolution;Software Maintenance;Software Verification;Statistical Significance;Temporal Logic;Concurrent Versions System;,Journal of Software Maintenance and Evolution: Research and Practice,"2008
"
Chao Liu,578,121,long fei;xifeng yan;jiawei han;samuel p. midkiff,Statistical Debugging: A Hypothesis Testing-Based Approach,"Manual debugging is tedious, as well as costly. The high cost has motivated the development of fault localization techniques, which help developers search for fault locations. In this paper, we propose a new statistical method, called SOBER, which automatically localizes software faults without any prior knowledge of the program semantics. Unlike existing statistical approaches that select predicatescorrelatedwithprogramfailures, SOBERmodelsthepredicateevaluationin bothcorrectandincorrectexecutionsandregards a",Case Study;Fault Localization;Fault Location;Hypothesis Test;It Evaluation;Prior Knowledge;Statistical Approach;Statistical Debugging;Statistical Method;,IEEE Transactions on Software Engineering,"2006
"
Chao Liu,579,121,xiangyu zhang;jiawei han,A Systematic Study of Failure Proximity,,,IEEE Transactions on Software Engineering,"2008
"
Chao Liu,580,124,rongfei jia;maozhong jin,Using Temporal Information to Improve Predictive Accuracy of Collaborative Filtering Algorithms,,Collaborative Filtering;Prediction Accuracy;Temporal Information;,Asia-Pacific Web Conference,"2010
"
Chao Liu,581,124,jianying he;haihua yan;maozhong jin,Categorizing Software Engineering Knowledge Using a Combination of SWEBOK and Text Categorization,,Software Engineering;Text Categorization;,Australian Joint Conference on Artificial Intelligence,"2007
"
Chao Liu,582,124,hu li;maozhong jin;zhongyi gao,Test Criteria for Context-Free Grammars,,Context Free Grammar;,International Computer Software and Applications Conference,"2004
"
Chao Liu,583,124,nuo li;qin-qin ma;ji wu;maozhong jin,A Framework of Model-Driven Web Application Testing,"Web applications have become complex and crucial in many fields. In order to assure their quality, a high demand for systematic methodologies of Web application testing is emerging. In this paper, a methodology of Model-Driven Testing (MDT) for Web application is presented. Model is the core of this method. Web application model is built to describe the system under testing.",meta model;Model Generation;Model Test;System Under Test;,International Computer Software and Applications Conference,"2006
"
Chao Liu,584,124,ji wu;hai-yan yang;xiao-xia jia;chang liu;maozhong jin,Application of Maximum Entropy Principle to Software Failure Prediction,,Failure Prediction;Maximum Entropy Principle;,International Computer Software and Applications Conference,"2004
"
Chao Liu,585,124,luo xu;ji wu,T3FAH: A TTCN-3 Based Fuzzer with Attack Heuristics,,,IEEE Control Systems Magazine,"2009
"
Chao Liu,586,124,nuo li;maozhong jin,Web Application Model Recovery for User Input Validation Testing,"Abstract    The invalidated  input  is  one  of  the  most  critical  web  application security  flaws.  However,  testing  the  user  input validation  function  is  an ,intellectual  and  labor  intensive task.  We  are ,developing  a  model ,driven  framework to help testers to accomplish this job in visual view with  guidance.  This  paper  reports  our  on-going  work. A  meta-model  of  Web  application  for  user",meta model;Test Case Generation;Web Application Security;,International Conference on Software Engineering Advances,"2007
"
Chao Liu,587,124,ji wu;chun wang;xiao-xia jia,Mining Open Source Component Behavior for Reuse Evaluation,,Open Source;,International Conference on Software Reuse,"2008
"
Chao Liu,588,124,ji wu;yong po liu;xiao-xia jia,Mining Open Source Component Behavior and Performance for Reuse Evaluation,,Open Source;,International Conference for Young Computer Scientists,"2008
"
Chao Liu,589,124,ji wu;xiao-xia jia;chang liu;hai-yan yang;maozhong jin,A Statistical Model to Locate Faults at Input Level,,Statistical Model;,Automated Software Engineering,"2004
"
Chao Liu,590,124,chang-ai sun;maozhong jin;mei zhang,Architecture Framework for Software Test Tool,,Software Testing;,Technology of Object-Oriented Languages and Systems,"2000
"
Chao Liu,591,124,nuo li;tao xie;maozhong jin,Perturbation-based user-input-validation testing of web applications,,,Journal of Systems and Software,"2010
"
Chao Liu,592,125,chien-chern cheah;jean-jacques e. slotine,Approximate Jacobian Adaptive Control for Robot Manipulators,,Adaptive Control;Robot Manipulator;,International Conference on Robotics and Automation,"2004
"
Chao Liu,593,125,chien-chern cheah;jean-jacques e. slotine,Adaptive Jacobian Tracking Control of Robots based on Visual Task-space Information,,Tracking Control;,International Conference on Robotics and Automation,"2005
"
Chao Liu,594,125,chien-chern cheah;jean-jacques e. slotine,Adaptive Vision based Tracking Control of Robots with Uncertainty in Depth Information,,Tracking Control;,International Conference on Robotics and Automation,"2007
"
Chao Liu,595,125,chien-chern cheah,Adaptive Regulation of Rigid-Link Electrically Driven Robots with Uncertain Kinematics,,,International Conference on Robotics and Automation,"2005
"
Chao Liu,596,125,chien-chern cheah;jean-jacques e. slotine,Adaptive Task-space Regulation of Rigid-link Flexible-joint Robots with Uncertain Kinematics,,Flexible Joint Robot;,International Conference on Robotics and Automation,"2006
"
Chao Liu,597,125,philippe poignet,SP-ID regulation of rigid-link electrically-driven robots with uncertain kinematics,,,International Conference on Robotics and Automation,"2010
"
Chao Liu,598,125,chien-chern cheah;jean-jacques e. slotine,Adaptive Jacobian PID Regulation for Robots with Uncertain Kinematics and Actuator Model,,,International Conference on Intelligent RObots and Systems - IROS,"2006
"
Chao Liu,599,125,rogério richa;philippe poignet,Deformable motion tracking of the heart surface,,Motion Tracking;,International Conference on Intelligent RObots and Systems - IROS,"2008
"
Chao Liu,600,125,chien-chern cheah;jean-jacques e. slotine,Experiments on Adaptive Control of Robots with Uncertain Kinematics and Dynamics,,Adaptive Control;Kinematics and Dynamics;,International Symposium on Experimental Robotics,"2004
"
Chao Liu,601,125,rogério richa;philippe poignet,Efficient 3D Tracking for Motion Compensation in Beating Heart Surgery,,Beating Heart Surgery;Motion Compensated;,Medical Image Computing and Computer-Assisted Intervention,"2008
"
Chao Liu,602,125,chien-chern cheah;jean-jacques e. slotine,Adaptive Jacobian vision based control for robots with uncertain depth information,,,Automatica,"2010
"
Chao Liu,603,125,chien-chern cheah;jean-jacques e. slotine,Adaptive Jacobian tracking control of rigid-link electrically driven robots based on visual task-space information,,Tracking Control;,Automatica,"2006
"
Chao Liu,604,125,chien-chern cheah;jean-jacques e. slotine,Adaptive task-space regulation of rigid-link flexible-joint robots with uncertain kinematics,,Flexible Joint Robot;,Automatica,"2008
"
Chao Liu,605,125,chien-chern cheah;jean-jacques e. slotine,Adaptive Tracking Control for Robots with Unknown Kinematic and Dynamic Properties,"It has been almost two decades since the first globally tracking con- vergent adaptive controllers were derived for robot with dynamic uncertainties. However, the problem of concurrent adaptation to both kinematic and dynamic uncertainties has never been system- atically solved. This is the subject of this paper. We derive a new adaptive Jacobian controller for trajectory tracking of robot with",Adaptive Control;Kinematics and Dynamics;Tracking Control;Trajectory Tracking;visual servoing;Visual Tracking;,International Journal of Robotic Research,"2006
"
