author,pid,label,coauthor,title,abstract,keywords,venue,year
Daniel G. Brown,763,167,emily w. xu;paul kearney,The use of functional domains to improve transmembrane protein topology prediction,"Transmembrane proteins affect vital cellular functions and diseases, and are a focus of drug design. It is difficult to obtain diffraction quality crystals to study transmembrane protein structure. Computational tools for transmembrane protein topology prediction fill in the gap between the abundance of transmembrane proteins and the scarcity of known membrane protein structures. Their prediction accuracy is still inadequate: TMHMM",Drug Design;Gene Finding;Membrane Protein Structure;Prediction Accuracy;Sensitivity and Specificity;Statistical Test;Transmembrane Protein;,Asia-Pacific Bioinformatics Conference,"2005
"
Daniel G. Brown,764,167,christina boucher,Detecting Motifs in a Large Data Set: Applying Probabilistic Insights to Motif Finding,"We give a probabilistic algorithm for Consensus Sequence, a NP-complete subproblem of motif recognition, that can be described as follows: given set of l-length sequences, determine if there exists a sequence that has Hamming distance at most d from every sequence. We demonstrate that distance between a randomly selected majority sequence and a consensus sequence decreases as the size of",Hamming Distance;Large Data Sets;Probabilistic Algorithm;,,"2009
"
Daniel G. Brown,765,167,dan gusfield;yelena frid,Integer Programming Formulations and Computations Solving Phylogenetic and Population Genetic Problems with Missing or Genotypic Data,"Several central and well-known combinatorial problems in phylogenetics and population genetics have ecient, elegant solutions when the input is complete or consists of haplotype data, but lack e- cient solutions when input is either incomplete, consists of genotype data, or is for problems generalized from decision questions to optimization questions. Unfortunately, in biological applications, these harder prob- lems arise very",Combinatorial Problems;Haplotype Inference;Integer Linear Program;Integer Program;Missing Data;Objective Function;Population Genetics;,Computing and Combinatorics,"2007
"
Daniel G. Brown,766,167,brona brejová;ian m. harrower;alejandro lópez-ortiz;tomás vinar,Sharper Upper and Lower Bounds for an Approximation Scheme for Consensus-Pattern,"We present sharper upper and lower bounds for a known polynomial-time approximation scheme due to Li, Ma and Wang (7) for the Consensus-Pattern problem. This NP-hard problem is an abstrac- tion of motif flnding, a common bioinformatics discovery task. The PTAS due to Li et al. is simple, and a preliminary implementation (8) gave rea- sonable results in practice. However,",Approximation Scheme;Lower and Upper Bound;np-hard problem;Performance Bounds;Polynomial Time Approximation Scheme;Upper and Lower Bounds;,Combinatorial Pattern Matching,"2005
"
Daniel G. Brown,767,167,brona brejová;ian m. harrower;tomás vinar,New Bounds for Motif Finding in Strong Instances,"Many algorithms for motif finding that are commonly used in bioinformatics start by sampling r potential motif occurrences from n input sequences. The motif is derived from these samples and evaluated on all sequences. This approach works extremely well in practice, and is implemented by several programs. Li, Ma and Wang have shown that a simple algorithm of this sort",High Performance;Polynomial Time Approximation Scheme;Sample Size;,Combinatorial Pattern Matching,"2006
"
Daniel G. Brown,768,167,brona brejová;tomás vinar,"Optimal Spaced Seeds for Hidden Markov Models, with Application to Homologous Coding Regions",,Hidden Markov Model;,Combinatorial Pattern Matching,"2003
"
Daniel G. Brown,769,167,jinbo xu;ming li;bin ma,Optimizing Multiple Spaced Seeds for Homology Search,"Optimized spaced seeds improve sensitivity and specificity in local homology search. Several authors have shown that multiple seeds can have better sensitivity and specificity than single seeds. We describe a linear programming (LP)–based algorithm to optimize a set of seeds. Theoretically, our algorithm offers a performance guarantee: the sensitivity of a chosen seed set is at least 70% of what",Greedy Algorithm;Homology Search;Performance Guarantee;Seed Set;Sensitivity and Specificity;Linear Program;,Journal of Computational Biology,"2006
"
Daniel G. Brown,770,167,brona brejová;ming li;tomás vinar,ExonHunter: a comprehensive approach to gene finding,"Motivation: We present ExonHunter, a new and comprehens- ive gene finding system that outperforms existing systems and features several new ideas and approaches. Our system com- bines numerous sources of information (genomic sequences, expressed sequence tags and protein databases of related species) into a gene finder based on a hidden Markov model in a novel and systematic way. In our",Comparative Genomics;Expressed Sequence Tag;Gene Finding;Gene Prediction;Genome Sequence;Quadratic Program;Hidden Markov Model;,Intelligent Systems in Molecular Biology,"2005
"
Daniel G. Brown,771,167,,A probabilistic analysis of a greedy algorithm arising from computational biology,"Abstract: IntroductionGenetic mapping is a common technique by whichbiologists approximately locate important genes on thegenome of an organism. The laboratory work needed tobuild highly precise genetic maps can be too expensivefor all but very well-studied organisms [4]. Our recentwork presents algorithms to reduce the cost of mappingprojects [5, 3, 2]. We focus on shrinking the populationsused in laboratory work, since",Computational Biology;Genetic Map;Greedy Algorithm;,Symposium on Discrete Algorithms,"2001
"
Daniel G. Brown,772,167,todd j. vision;steven d. tanksleyt,Selective mapping: a discrete optimization approach to selecting a population subset for use in a high-density genetic mapping project,"Abstract: We study the problem of sampling from a large genetic mappingpopulation in which all individuals have identical pedigrees.We show that samples obtained from large populations,selected on the basis of limited genetic data, are bettersuited for use in high-density mapping experiments thanrandom samples of the same size. We model the problemof choosing a mapping sample as a discrete stochastic optimizationproblem,",Discrete Optimization;Genetic Map;Genetics;High Density;,Symposium on Discrete Algorithms,"2000
"
Daniel G. Brown,773,167,christina boucher;stephane durocher,On the Structure of Small Motif Recognition Instances,"Given a set of sequences, S, and degeneracy parameter, d, the Consensus Sequence problem asks whether there exists a sequence that has Hamming distance at most d from each sequence in S. A valid motif set is a set of sequences for which such a consensus sequence exists, while a decoy set is a set of sequences that does not",Binary Sequence;Exact Algorithm;Hamming Distance;Linear Time;,String Processing and Information Retrieval,"2008
"
Daniel G. Brown,774,167,christina boucher;paul church,A Graph Clustering Approach to Weak Motif Recognition,The aim of the motif recognition problem is to detect a set of mutually similar subsequences within a collection of biological sequences. The weak motif recognition problem on DNA sequences is where the se- quences are highly degenerate. Our new approach to this problem uses a weighted graph model and a heuristic that determines high weight subgraphs in polynomial time.,Degeneration;Dna Sequence;Experimental Tests;Graph Clustering;Polynomial Time;Weighted Graph;,Algorithms in Bioinformatics,"2007
"
Daniel G. Brown,775,167,brona brejová;tomás vinar,Vector Seeds: An Extension to Spaced Seeds Allows Substantial Improvements in Sensitivity and Specifity,"Abstract: We present improved techniques for finding homologous regions in DNA and protein sequences. Our approach focuses on the core region of a local pairwise alignment; we suggest new ways to characterize these regions that allow marked improvements in both specificity and sensitivity over existing techniques for sequence alignment. For any such characterization, which we call a vector seed, we",Efficient Algorithm;Protein Sequence;Sensitivity and Specificity;Sequence Alignment;,Algorithms in Bioinformatics,"2003
"
Daniel G. Brown,776,167,brona brejová;tomás vinar,Optimal DNA Signal Recognition Models with a Fixed Amount of Intrasignal Dependency,"Abstract: We study new probabilistic models for signals in DNA. Ourmodels allow dependencies between multiple non-adjacent positions, ina generative model we call a higher-order tree. Computing the model ofmaximum likelihood is equivalent in our context to computing a minimumdirected spanning hypergraph, a problem we show is NP-complete.",Generic Model;Probabilistic Model;Higher Order;,Algorithms in Bioinformatics,"2003
"
Daniel G. Brown,777,167,brona brejová;tomás vinar,The Most Probable Labeling Problem in HMMs and Its Application to Bioinformatics,"Abstract: Hidden Markov models (HMMs) have been successfully used for several sequence annotationtasks in bioinformatics. In this setting, every sequence element is represented by a group of states withthe same label. The annotation is the labeling of the input sequence with the highest probability.",Abstract Hidden Markov Model;,Algorithms in Bioinformatics,"2004
"
Daniel G. Brown,778,167,,Multiple Vector Seeds for Protein Alignment,,,Algorithms in Bioinformatics,"2004
"
Daniel G. Brown,779,167,tanya y. berger-wolf,Discovering Kinship through Small Subsets,,,Algorithms in Bioinformatics,"2010
"
Daniel G. Brown,780,167,ian m. harrower,A New Integer Programming Formulation for the Pure Parsimony Problem in Haplotype Analysis,,Integer Program;,Algorithms in Bioinformatics,"2004
"
Daniel G. Brown,781,167,alexander k. hudek,New Algorithms for Multiple DNA Sequence Alignment,,Dna Sequence;,Algorithms in Bioinformatics,"2004
"
Daniel G. Brown,782,167,daniil golod,Decoding HMMs using the k best paths: algorithms and applications,"Background: Traditional algorithms for hidden Markov model decoding seek to maximize either the probability of a state path or the number of positions of a sequence assigned to the correct state. These algorithms provide only a single answer and in practice do not produce good results. Results: We explore an alternative approach, where we efficiently compute the k paths of",Membrane Protein;Hidden Markov Model;,BMC Bioinformatics,"2010
"
Daniel G. Brown,783,167,jakub truszkowski,New decoding algorithms for Hidden Markov Models using distance measures on labellings,"Background: Existing hidden Markov model decoding algorithms do not focus on approximately identifying the sequence feature boundaries. Results: We give a set of algorithms to compute the conditional probability of all labellings ""near"" a reference labelling l for a sequence y for a variety of definitions of ""near"". In addition, we give optimization algorithms to find the best labelling for",Conditional Probability;Distance Measure;Membrane Protein;Optimal Algorithm;Transmembrane Helix;Hidden Markov Model;,BMC Bioinformatics,"2010
"
Daniel G. Brown,784,167,alexander k. hudek,Ancestral sequence alignment under optimal conditions,"Background: Multiple genome alignment is an important problem in bioinformatics. An important subproblem used by many multiple alignment approaches is that of aligning two multiple alignments. Many popular alignment algorithms for DNA use the sum-of-pairs heuristic, where the score of a multiple alignment is the sum of its induced pairwise alignment scores. However, the biological meaning of the sum-of-pairs of",Multiple Alignment;Optimality Condition;Phylogenetic Tree;Sequence Alignment;Maximum Likelihood;Simulated Evolution;,BMC Bioinformatics,"2005
"
Daniel G. Brown,785,167,brona brejová;tomás vinar,Optimal Spaced Seeds for Homologous Coding Regions,"Optimal spaced seeds were developed as a method to increase sensitivity of local align- ment programs similar to BLASTN. Such seeds have been used before in the pro- gram PatternHunter, and have given improved sensitivity and running time relative to BLASTN in genome-genome comparison. We study the problem of computing optimal spaced seeds for detecting homologous coding regions in unannotated",Gene Prediction;Genome Comparison;Genome Sequence;Homology Search;Local Alignment;Probabilistic Model;Sequence Alignment;Hidden Markov Model;,Journal of Bioinformatics and Computational Biology,"2004
"
Daniel G. Brown,786,167,bin ma,A Tutorial of Recent Developments in the Seeding of Local Alignment,"We review recent results on local alignment. We begin with a review of classical methods and early heuristic methods, and then focus on more recent work on the seeding of local alignment. We show that these techniques give a vast improvement in both sensitivity and specificity over previous methods, and can achieve sensitivity at the level of classical algorithms while",Heuristic Method;Homology Search;Local Alignment;Sensitivity and Specificity;Sequence Alignment;,Journal of Bioinformatics and Computational Biology,"2004
"
Daniel G. Brown,787,167,daniil golod,A Tutorial of Techniques for Improving Standard Hidden Markov Model Algorithms,,Hidden Markov Model;,Journal of Bioinformatics and Computational Biology,"2009
"
Daniel G. Brown,788,167,jinbo xu;ming li;bin ma,Optimizing Multiple Spaced Seeds for Homology Search,"Optimized spaced seeds improve sensitivity and specificity in local homology search. Several authors have shown that multiple seeds can have better sensitivity and specificity than single seeds. We describe a linear programming (LP)–based algorithm to optimize a set of seeds. Theoretically, our algorithm offers a performance guarantee: the sensitivity of a chosen seed set is at least 70% of what",Greedy Algorithm;Homology Search;Performance Guarantee;Seed Set;Sensitivity and Specificity;Linear Program;,Journal of Computational Biology,"2006
"
Daniel G. Brown,789,167,brona brejová;tomás vinar,Vector seeds: An extension to spaced seeds,"We present improved techniques for nding homologous regions in DNA and protein sequences. Our approach focuses on the core regions of a local pairwise alignment; we suggest new ways to characterize these regions that allow marked improvements in both specicit y and sensitivity over existing techniques for sequence alignment. For any such characterization, which we call a vector seed, we",Dna Sequence;Probabilistic Model;Protein Sequence;Sequence Alignment;,Journal of Computer and System Sciences,"2005
"
Daniel G. Brown,790,167,brona brejová;tomás vinar,The most probable annotation problem in HMMs and its application to bioinformatics,"Hidden Markov models (HMMs) are often used for biological sequence annotation. Each sequence feature is represented by a collection of states with the same label. In annotating a new sequence, we seek the sequence of labels that has highest probability. Computing this most probable annotation was shown NP-hard by Lyngsø and Pedersen (R.B. Lyngsø, C.N.S. Pedersen, The consensus string problem",Computational Biology;Efficient Algorithm;Gene Finding;Large Classes;Transmembrane Protein;Hidden Markov Model;,Journal of Computer and System Sciences,"2007
"
Daniel G. Brown,791,167,,Optimizing Multiple Seeds for Protein Homology Search,"We present a framework for improving local protein alignment algorithms. Specifically, we discuss how to extend local protein aligners to use a collection of vector seeds or ungapped alignment seeds to reduce noise hits. We model picking a set of seed models as an integer programming problem and give algorithms to choose such a set of seeds. While the problem",False Positive;Homology Search;Integer Program;Genetics;Indexing Terms;Similarity Measure;,IEEE/ACM Transactions on Computational Biology and Bioinformatics,"2005
"
Daniel G. Brown,792,167,ian m. harrower,Integer Programming Approaches to Haplotype Inference by Pure Parsimony,"In 2003, Gusfield introduced the Haplotype Inference by Pure Parsimony (HIPP) problem and presented an integer program (IP) that quickly solved many simulated instances of the problem (1). Although it solved well on small instances, Gusfield's IP can be of exponential size in the worst case. Several authors (2), (3) have presented polynomial-sized IPs for the problem. In this paper,",Genetics;Haplotype Inference;Indexing Terms;Integer Program;Haplotype Inference By Pure Parsimony;,IEEE/ACM Transactions on Computational Biology and Bioinformatics,"2006
"
Daniel G. Brown,793,167,kathleen bergen;eric j. gustafson;m. craig dobson,Integrating Radar Remote Sensing of Habitat Structure: A Pilot Project for Biodiversity Informatics,"Mapping for biodiversity informatics requires information on habitat so that known species occurrences may be extrapolated to maps of potential species occurrences. In the case of vegetation requirements for habitat, most current datasets of actual vegetation have been derived from optical (e.g. aerial photography or Landsat) remotely sensed data. These data are largely limited to describing horizontal structure: vegetation community",Aerial Photography;Community Composition;Coniferous Forest;Forest Structure;Habitat Preference;Habitat Structure;Pilot Project;Pilot Study;Remote Sensing;Remote Sensing Data;Basal Area;Multi Dimensional;,DG.O (Inter)National Conference on Digital Government Research,"2002
"
Daniel G. Brown,794,167,kathleen bergen;eric j. gustafson;m. craig dobson,Radar Remote Sensing of Habitat Structure for Biodiversity Informatics,,Habitat Structure;Remote Sensing;,DG.O (Inter)National Conference on Digital Government Research,"2002
"
Daniel G. Brown,795,167,kathleen bergen;amy m. gilboy,Multidimensional vegetation structure in modeling avian habitat,,Vegetation Structure;Multi Dimensional;,Ecological Informatics,"2007
"
Daniel G. Brown,796,168,scott e. page;rick l. riolo;william rand,Agent-based and analytical modeling to evaluate the effectiveness of greenbelts,"We present several models of residential development at the rural-urban fringe to evaluate the effectiveness of a greenbelt loca- ted beside a developed area, for delaying development outside the greenbelt. First, we develop a mathematical model, under two assumptions about the distributions of service centers, that represents the trade-off between greenbelt placement and width, their effects on the rate of",Agent Based Model;Analytical Model;Heterogeneous Agents;Heterogeneous Preferences;Land Use Change;Landscape Ecology;Landscape Pattern;Mathematical Analysis;Mathematical Model;Spatial Pattern;Urban Sprawl;Agent Based;,Environmental Modelling and Software,"2004
"
Daniel G. Brown,797,168,,Classification and Boundary Vagueness in Mapping Presettlement Forest Types,"Presettlement forest types were mapped as fuzzy sets from point data representing trees contained in General Land OÅ ce survey notes (circa 1850) for Chippewa County, Michigan. The resulting representation agreed with a polygon map of the same forest types at 66% of the locations (represented as grid cells) in the county. Boundary vagueness was de® ned in relation to",Fuzzy Set;linear functionals;Vegetation Mapping;,International Journal of Geographical Information Science,"1998
"
Daniel G. Brown,798,168,jiunn-der duh,Spatial simulation for translating from land use to land cover,An approach to simulating land-cover patterns based on historical land-use maps and forecasts based on models and planning documents is described and demonstrated. The approach uses stochastic spatial simulation to generate land-cover patterns on the basis of a land-use map and stated translation rules. The translation rules take the form of (1) a table that summarizes the proportions of each,Ecological Impact;Land Cover Mapping;Land Use;Land Cover;,International Journal of Geographical Information Science,"2004
"
Daniel G. Brown,799,168,scott e. page;rick l. riolo;moira zellner;william rand,Path dependence and the validation of agent-based spatial models of land use,"In this paper, we identify two distinct notions of accuracy of land-use models and highlight a tension between them. A model can have predictive accuracy: its predicted land-use pattern can be highly correlated with the actual land-use pattern. A model can also have process accuracy: the process by which locations or land-use patterns are determined can be consistent with real",Agent Based Model;Complex System;Data Collection;Land Use;Land Use Change;Land Use Pattern;Model Performance;Model Validation;Path Dependence;Prediction Accuracy;Spatial Model;Urban Sprawl;Agent Based;,International Journal of Geographical Information Science,"2005
"
Daniel G. Brown,800,168,yichun xie,Spatial agent-based modelling,,Agent Based Modelling;,International Journal of Geographical Information Science,"2006
"
Daniel G. Brown,801,168,derek t. robinson,Evaluating the effects of land-use development policies on exurban forest cover: An integrated agent-based GIS approach,"We use a GIS-based agent-based model (ABM), named dynamic ecological exurban development (DEED), with spatial data in hypothetical scenarios to evaluate the individual and interacting effects of lot-size zoning and municipal land-acquisition strategies on possible forest-cover outcomes in Scio Township, a municipality in Southeastern Michigan. Agent types, characteristics, behavioural methods, and landscape perceptions (i.e. landscape aesthetics) are empirically informed using",Agent Based Model;Agent Based Modelling;Development Policy;Forest Conservation;Forest Cover;Geographic Information System;Interaction Effect;Land Use;Lot Sizing;Spatial Data;Survey Data;Urban Forest;Agent Based;Land Use Land Cover;,International Journal of Geographical Information Science,"2009
"
Daniel G. Brown,802,168,rick l. riolo;derek t. robinson;michael north;william rand,Spatial process and data models: Toward integration of agent-based models and GIS,"The use of object-orientation for both spatial data and spatial process models facilitates their integration, which can allow exploration and explanation of spatial-temporal phenomena. In order to better understand how tight coupling might proceed and to evaluate the possible functional and efficiency gains from such a tight coupling, we identify four key relationships affecting how geographic data (fields and objects)",Agent Based Model;Data Model;Middleware;Object Oriented;Process Model;Spatial Data;Spatial Process;Tight Coupling;Agent Based;,Journal of Geographical Systems,"2005
"
Daniel G. Brown,803,168,amy c. burnicki;pierre goovaerts,Simulating error propagation in land-cover change analysis: The implications of temporal dependence,"We examined factors that affect the propagation of error in analyses of land-cover change clas- sified from multi-temporal satellite imagery by simulating multiple versions of land-cover maps at two times, time-1 and time-2. The maps, each with two categories of land-cover, were produced to investigate three specific attributes that affect change-detection accuracy: (1) the pattern of change that produced a",Change Analysis;Change Detection;Error Propagation;Land Cover Change;Land Cover Mapping;Satellite Imagery;Spatial Pattern;Land Cover;,"Computers, Environment and Urban Systems","2007
"
Daniel G. Brown,804,168,jiunn-der duh,Knowledge-informed Pareto simulated annealing for multi-objective spatial allocation,"Spatial allocation is the process of assigning different attributes (e.g., land-use or land-cover) to spatial entities (e.g., map polygons or grid cells). It is an exercise that often requires the analysis of multiple, sometimes conflicting, objectives. Multi-objective spatial allocation problems often exhibit substantial computational complexity, especially when spatial pattern characteristics are specified as the allocation objectives. Optimization techniques that incorporate",Computational Complexity;Land Use;Optimization Technique;pareto optimal solution;Perforation;Simulated Annealing;Simulated Annealing Algorithm;Spatial Pattern;Land Cover;,"Computers, Environment and Urban Systems","2007
"
Daniel G. Brown,805,168,yichun xie,Simulation in spatial analysis and modeling,,Spatial Analysis;,"Computers, Environment and Urban Systems","2007
"
