author,pid,label,coauthor,title,abstract,keywords,venue,year
Hong Wang,1331,286,puya ghasemi afshar;amin nobakhti,Direct solution of the parametric Stochastic Distribution Control problem,,Distributed Control;,Conference on Decision and Control,"2009
"
Hong Wang,1332,286,xuewu dai;zhiwei gao;tim breikin,Estimation delay compensation in high-gain observer-based parameter identification,,Delay Compensation;High Gain Observer;Parameter Identification;,Conference on Decision and Control,"2009
"
Hong Wang,1333,286,liyan zhang;tianyou chai,An intelligent mill load switching control of pulverizing system for an alumina sintering process,,Switching Control;,Conference on Decision and Control,"2009
"
Hong Wang,1334,286,jianhua zhang,A minimized zero mean entropy approach to networked control systems,,Networked Control System;,Conference on Decision and Control,"2009
"
Hong Wang,1335,286,aiping wang;lei guo,Advances in stochastic distribution control,,Distributed Control;,"International Conference on Control, Automation, Robotics and Vision","2008
"
Hong Wang,1336,286,wen wang,Dynamic modelling and control for multivariable output distribution systems,,Distributed System;Dynamic Modelling;,"International Conference on Control, Automation, Robotics and Vision","2004
"
Hong Wang,1337,286,liping yin;lei guo,Robust minimum entropy tracking control with guaranteed stability for nonlinear stochastic systems under modeling errors,,Model Error;Stochastic System;Tracking Control;,"International Conference on Control, Automation, Robotics and Vision","2008
"
Hong Wang,1338,286,xuewu dai;tim breikin,An Algorithm for Identification of Reduced-Order Dynamic Models of Gas Turbines,,Dynamic Model;Gas Turbine;,"International Conference on Innovative Computing, Information and Control","2006
"
Hong Wang,1339,286,jianfang jia;taiyuan liu;hong yue,Minimum Entropy Control Algorithm for General Dynamic Stochastic Systems,,Control Algorithm;Stochastic System;,"International Conference on Innovative Computing, Information and Control","2006
"
Hong Wang,1340,286,wen wang;you lun xiong;hong yue,MIMO Probability Density Function Control Using Simple LOG-MLP Neural Networks,,Mlp Neural Network;Probability Density Function;,,"2008
"
Hong Wang,1341,286,amin nobakhti;martin brown,On Reduced Structure Control and the 1norm regularisation,,Structural Control;,"International Conference on Networking, Sensing and Control","2007
"
Hong Wang,1342,286,lei guo,An Optimal Iterative Learning Scheme for Dynamic Neural Network Modelling,,Dynamic Neural Network;,International Symposium on Neural Networks,"2006
"
Hong Wang,1343,286,lei guo;yumin zhang;chengliang liu;chun-bo feng,Optimal Actuator Fault Detection via MLP Neural Network for PDFs,,Fault Detection;Mlp Neural Network;,International Symposium on Neural Networks,"2005
"
Hong Wang,1344,286,yang yi;tao li;lei guo,Adaptive Tracking Control for the Output PDFs Based on Dynamic Neural Networks,,Dynamic Neural Network;Tracking Control;,International Symposium on Neural Networks,"2007
"
Hong Wang,1345,286,hong yue;aurelie j. a. leprand,Output PDF Shaping of Singular Weights System: Monotonical Performance Design,,,International Symposium on Neural Networks,"2006
"
Hong Wang,1346,286,zhiwei gao;tim breikin,Sensor fault estimator and its application for linear multivariable dynamic systems with delayed state and input,,Dynamic System;,Robotics and Biomimetics,"2006
"
Hong Wang,1347,286,amin nobakhti,A simple self-adaptive Differential Evolution algorithm with application on the ALSTOM gasifier,,Differential Evolution;,Applied Soft Computing,"2008
"
Hong Wang,1348,286,lei guo,Generalized discrete-time PI control of output PDFs using square root B-spline expansion,,Discrete Time;Pi Control;,Automatica,"2005
"
Hong Wang,1349,286,hong yue;jinglin zhou,Minimum entropy of B-spline PDF systems with mean constraint,,,Automatica,"2006
"
Hong Wang,1350,286,jinglin zhou;donghua zhou;lei guo;tianyou chai,Distribution function tracking filter design using hybrid characteristic functions,,Characteristic Function;Distribution Function;Filter Design;,Automatica,"2010
"
Hong Wang,1351,286,lina yao,Robust fault diagnosis for non-Gaussian stochastic systems based on the rational square-root approximation model,,Fault Diagnosis;Stochastic System;,Science in China Series F: Information Sciences,"2008
"
Hong Wang,1352,286,,Model reference adaptive control of the output stochastic distributions for unknown linear stochastic systems,,Model Reference Adaptive Control;Stochastic System;,International Journal of Systems Science,"1999
"
Hong Wang,1353,286,tao li;yang yi;lei guo,Delay-dependent fault detection and diagnosis using B-spline neural networks and nonlinear filters for time-delay stochastic systems,,Fault Detection and Diagnosis;Nonlinear Filter;Stochastic System;Time Delay;Neural Network;,Neural Computing and Applications,"2008
"
Hong Wang,1354,286,jianhua zhang,Minimum entropy control of nonlinear ARMA systems over a communication network,,Community Networks;,Neural Computing and Applications,"2008
"
Hong Wang,1355,286,zhiwei gao,Descriptor observer approaches for multivariable systems with measurement noises and application in fault detection and diagnosis,,Fault Detection and Diagnosis;Measurement Noise;Multivariable System;,Systems & Control Letters,"2006
"
Hong Wang,1356,286,zhiwei gao;xuewu dai;tim breikin,Novel Parameter Identification by Using a High-Gain Observer With Application to a Gas Turbine Engine,,High Gain Observer;Parameter Identification;Gas Turbine Engine;,IEEE Transactions on Industrial Informatics,"2008
"
Hong Wang,1357,286,puya ghasemi afshar;tianyou chai,An ILC-Based Adaptive Control for General Stochastic Systems With Strictly Decreasing Entropy,,Adaptive Control;Stochastic System;,IEEE Transactions on Neural Networks,"2009
"
Hong Wang,1358,286,zhiwei gao;tim breikin,Reliable Observer-Based Control Against Sensor Failures for Systems With Time Delays in Both State and Input,,Time Delay;,"IEEE Transactions on Systems, Man, and Cybernetics","2008
"
Hong Wang,1359,286,lei guo,PID controller design for output PDFs of stochastic systems using linear matrix inequalities,,Linear Matrix Inequality;Pid Controller;Stochastic System;,"IEEE Transactions on Systems, Man, and Cybernetics","2005
"
Hong Wang,1360,286,xuewu dai;zhiwei gao;tim breikin,Zero Assignment for Robust H2/Hinfty Fault Detection Filter Design,,Fault Detection;Filter Design;,IEEE Transactions on Signal Processing,"2009
"
Hong Wang,1361,287,alexander russell,How to Fool an Unbounded Adversary with a Short Key,"We consider the symmetric encryption problem which man- ifests when two parties must securely transmit a message m with a short shared secret key. As we permit arbitrarily powerful adversaries, any encryption scheme must leak information about m|the mutual infor- mation between m and its ciphertext cannot be zero. Despite this, we present a family of encryption schemes which guarantee",Boolean Function;Symmetric Encryption;,Theory and Application of Cryptographic Techniques,"2002
"
Hong Wang,1362,287,alexander russell,How to fool an unbounded adversary with a short key,,,IEEE Transactions on Information Theory,"2006
"
Hong Wang,1363,288,michael d. linderman;jamison d. collins;teresa h. meng,Merge: a programming model for heterogeneous multi-core systems,"In this paper we propose the Merge framework, a general pur- pose programming model for heterogeneous multi-core systems. The Merge framework replaces current ad hoc approaches to par- allel programming on heterogeneous platforms with a rigorous, library-based methodology that can automatically distribute com- putation across heterogeneous cores to achieve increased energy and performance efficiency. The Merge framework provides (1) a",Integral Functional;Parallel Languages;Programming Model;,Architectural Support for Programming Languages and Operating Systems,"2008
"
Hong Wang,1364,288,dongkeun kim;steve shih-wei liao;perry h. wang;juan del cuvillo;xinmin tian;xiang zou;donald yeung;milind girkar;john paul shen,Physical Experimentation with Prefetching Helper Threads on Intel's Hyper-Threaded Processors,"Pre-execution techniques have received much attention as aneffective way of prefetching cache blocks to tolerate the ever-increasingmemory latency. A number of pre-execution techniquesbased on hardware, compiler, or both have been proposed andstudied extensively by researchers. They report promising resultson simulators that model a Simultaneous Multithreading (SMT)processor. In this paper, we apply the helper threading idea ona real multithreaded machine, i.e.,",Behavior Change;Dynamic Behavior;simultaneous multithreading;,Symposium on Code Generation and Optimization,"2004
"
Hong Wang,1365,288,sung-boem park;anne bracy;subhasish mitra,BLoG: post-silicon bug localization in processors using bug localization graphs,"Post-silicon bug localization -- the process of identifying the location of a detected hardware bug and the cycle(s) during which the bug produces error(s) -- is a major bottleneck for complex integrated circuits. Instruction Footprint Recording and Analysis (IFRA) is a promising post-silicon bug localization technique for complex processor cores. However, applying IFRA to new processor microarchitectures can be challenging",Dependence Analysis;Integrated Circuit;Simulation Model;,Design Automation Conference,"2010
"
Hong Wang,1366,288,thomas y. yeh,Redundant Arithmetic Optimizations (Research Note),,,European Conference on Parallel Processing,"2000
"
Hong Wang,1367,288,graham schelle;jamison d. collins;ethan schuchman;perry h. wang;xiang zou;gautham n. chinya;ralf plate;thorsten mattner;franz olbrich;per hammarlund;ronak singhal;jim brayton;sebastian steibl,Intel nehalem processor core made FPGA synthesizable,"We present a FPGA-synthesizable version of the Intel Nehalem processor core, synthesized, partitioned and mapped to a multi-FPGA emulation system consisting of Xilinx Virtex-4 and Virtex-5 FPGAs. To our knowledge, this is the first time a modern state-of-the-art x86 design with the out-of-order micro-architecture is made FPGA synthesizable and capable of high-speed cycle-accurate emulation. Unlike the Intel Atom core which",Clock Gating;fpga architecture;High Speed;Out of Order;,Symposium on Field Programmable Gate Arrays,"2010
"
Hong Wang,1368,288,tor m. aamodt;paul chow;per hammarlund;john paul shen,Hardware Support for Prescient Instruction Prefetch,"This paper proposes and evaluates hardware mecha- nisms for supporting prescient instruction prefetch—an approach to improving single-threaded application per- formance by using helper threads to perform instruc- tion prefetch. We demonstrate the need for enabling store-to-load communication and selective instruction ex - ecution when directly pre-executing future regions of an application that suffer I-cache misses. Two novel hard- ware mechanisms,safe-store",Satisfiability;State Machine;Next Generation;,International Symposium on High-Performance Computer Architecture,"2004
"
Hong Wang,1369,288,samantika subramaniam;anne bracy;gabriel h. loh,Criticality-based optimizations for efficient load processing,"Some instructions have more impact on processor perfor- mance than others. Identification of these critical instruc- tions can be used to modify and improve instruction pro- cessing. Previous work has shown that the criticality of instructions can be dynamically predicted with high accu- racy, and that this information can be leveraged to optimize the performance of load value prediction and",Data Cache;Perforation;Performance Improvement;Value Prediction;,International Symposium on High-Performance Computer Architecture,"2009
"
Hong Wang,1370,288,perry h. wang;jamison d. collins;ed grochowski;ralph-michael kling;john paul shen,Memory Latency-Tolerance Approaches for Itanium Processors: Out-of-Order Execution vs. Speculative Precomputation,,Memory Latency;Out-of-order Execution;,International Symposium on High-Performance Computer Architecture,"2002
"
Hong Wang,1371,288,perry h. wang;ralph-michael kling;kalpana ramakrishnan;john paul shen,Register Renaming and Scheduling for Dynamic Execution of Predicated Code,,,International Symposium on High-Performance Computer Architecture,"2001
"
Hong Wang,1372,288,ed grochowski;ronny ronen;john paul shen,Best of Both Latency and Throughput,This paper describes the tradeoff between latency performance and throughput performance in a power-constrained environment. We show that the key to achieving both excellent latency performance as well as excellent throughput performance is to dynamically vary the amount of energy expended to process instructions according to the amount of parallelism available in the software. We survey four techniques for achieving,Energy Per Instruction;,International Conference on Computer Design,"2004
"
Hong Wang,1373,288,qing yang,Prime Cube Graph Approach for Processor Allocation in Hypercube Multiprocessors,,,International Conference on Parallel Processing,"1991
"
Hong Wang,1374,288,qing yang,On Fault-Tolerant Computation of Orthogonal Transforms on Hypercube Computers,,Fault Tolerant;Orthogonal Transformation;,International Conference on Parallel Processing,"1992
"
Hong Wang,1375,288,perry h. wang;jamison d. collins;gautham n. chinya;bernard lint;asit mallick;koichi yamada,Sequencer virtualization,"The Multiple Instruction Stream Processor (MISP) architecture introduces the sequencer as a new class of architectural resource, and provides a minimalist user-level MIMD instruction set extension for application programs to directly control execution of concurrent instruction streams on these sequencers. As with classic architectural resources, namely, registers and memory, the sequencer architectural resource can be subject to virtualization. This paper",Instruction Set Extension;Large Scale;Multiprocessor Systems;Programming Environment;,International Conference on Supercomputing,"2007
"
Hong Wang,1376,288,r. david weldon;steven s. chang;gerolf hoflehner;perry h. wang;daniel m. lavery;john paul shen,Quantitative Evaluation of the Register Stack Engine and Optimizations for Future Itanium Processors,,Quantitative Evaluation;,Workshop on Interaction between Compilers and Computer Architectures,"2002
"
Hong Wang,1377,288,henry wong;anne bracy;ethan schuchman;tor m. aamodt;jamison d. collins;perry h. wang;gautham n. chinya;ankur khandelwal groen;hong jiang,Pangaea: a tightly-coupled IA32 heterogeneous chip multiprocessor,"Moore's Law and the drive towards performance eciency have led to the on-chip integration of general-purpose cores with special-purpose accelerators. Pangaea is a heteroge- neous CMP design for non-rendering workloads that inte- grates IA32 CPU cores with non-IA32 GPU-class multi- cores, extending the current state-of-the-art CPU-GPU in- tegration that physically""fuses""existing CPU and GPU de- signs. Pangaea introduces (1) a resource",Chip Multiprocessor;Shared Memory;Total Power;,International Conference on Parallel Architectures and Compilation Techniques,"2008
"
Hong Wang,1378,288,satish narayanasamy;perry h. wang;john paul shen;brad calder,A Dependency Chain Clustered Microarchitecture,In this paper we explore a new clustering approach for re- ducing the complexity of wide issue in-order processors based on EPIC architectures. Complexity effectiveness is achieved by heavily clustering the pipeline from decode to commit stage without the need for any direct bypass between clusters. This is made possible by assuming support for executing compiler- constructed traces. One trace,Compiler Construction;superscalar processor;,International Parallel and Distributed Processing Symposium/International Parallel Processing Symposium,"2005
"
Hong Wang,1379,288,jamison d. collins;dean m. tullsen;christopher j. hughes;yong-fong lee;daniel m. lavery;john paul shen,Speculative precomputation: long-range prefetching of delinquent loads,"This paper explores Speculative Precomputation, a tech- nique that uses idle thread contexts in a multithreaded ar- chitecture to improve performance of single-threaded appli- cations. It attacks program stalls from data cache misses by pre-computing future memory accesses in available thread contexts, and prefetching these data. This technique is eval- uated by simulating the performance of a research proces- sor",Data Cache;Memory Access;simultaneous multithreading;Long Range;,International Symposium on Computer Architecture,"2001
"
Hong Wang,1380,288,richard a. hankins;gautham n. chinya;jamison d. collins;perry h. wang;ryan rakvic;john paul shen,Multiple Instruction Stream Processor,"Microprocessor design is undergoing a major paradigm shift towards multi-core designs, in anticipation that fu- ture performance gains will come from exploiting thread- level parallelism in the software. To support this trend, we present a novel processor architecture called the Multiple Instruction Stream Processing (MISP) architecture. MISP introduces the sequencer as a new category of architectural resource, and defines a",Architectural Design;Cache Coherence;Multiprocessor Systems;Paradigm Shift;Processor Architecture;Programming Model;Programming Paradigm;Shared Memory;Stream Processing;Thread Level Parallelism;,International Symposium on Computer Architecture,"2006
"
Hong Wang,1381,288,tong sun;qing yang,CAT - Caching Address Tags: A Technique for Reducing Area Cost of On-Chip Caches,This paper presents a technique for minimizing chip-area cost of implementing an on-chip cache memory of microprocessors. The main idea of the technique  is expected to have a great impact on overall system performance.,Cache Memory;System Performance;,International Symposium on Computer Architecture,"1995
"
Hong Wang,1382,288,omid azizi;jamison d. collins;dinesh patil;mark horowitz,Processor Performance Modeling using Symbolic Simulation,,Performance Model;,International Symposium on Performance Analysis of Systems and Software,"2008
"
Hong Wang,1383,288,shiri manor;dave lafollette;nadav nesher;ku-jei king;perry h. wang;shay levy;shai satt;gal carmeli;arjun kapur;ioannis schoinas;ed rubinstein;rahul bhatt,Inferno: a functional simulation infrastructure for modeling microarchitectural data speculations,,,International Symposium on Performance Analysis of Systems and Software,"2003
"
Hong Wang,1384,288,jamison d. collins;dean m. tullsen,Control Flow Optimization Via Dynamic Reconvergence Prediction,"This paper presents a novel microarchitecture technique for accurately predicting control flow reconvergence dynamically. A reconvergence point is the earliest dynamic instruction in the program where we can expect program paths to reconverge regardless of the outcome or target of the current branch. Thus, even if the immediate control flow after a branch is uncertain, execution following the reconvergence point",Control Flow;Performance Optimization;Predictive Control;,IEEE Internet Computing,"2004
"
Hong Wang,1385,288,jamison d. collins;dean m. tullsen;john paul shen,Dynamic speculative precomputation,"A large number of memory accesses in memory-bound applications are irregular, such as pointer dereferences, and can be effectively targeted by thread-based prefetching techniques like Speculative Precomputation. These techniques execute instructions, for example on an available SMT thread context, that have been extracted directly from the program they are trying to accelerate. Proposed techniques typically require manual user intervention to",Critical Path;Memory Access;,International Symposium on Microarchitecture,"2001
"
Hong Wang,1386,288,benjamin c. lee;jamison d. collins;david brooks,CPR: Composable performance regression for scalable multiprocessor models,"Uniprocessor simulators track resource utilization cycle by cycle to estimate performance. Multiprocessor simulators, however, must account for synchronization events that in- crease the cost of every cycle simulated and shared resource contention that increases the total number of cycles simulated. These effects cause multiprocessor simulation times to scale superlinearly with the number of cores. Composable performance regression (CPR) fundamentally addresses",Performance Estimation;Product Quality;Resource Utilization;,International Symposium on Microarchitecture,"2008
"
Hong Wang,1387,288,steve s. w. liao;perry h. wang;john paul shen;gerolf hoflehner;daniel m. lavery,Post-Pass Binary Adaptation for Software-Based Speculative Precomputation,"Recently, a number of thread-based prefetching techniques have been proposed. These techniques aim at improving the latency of single-threaded applications by leveraging multithreading resources to perform memory prefetching via speculative prefetch threads. Software-based speculative precomputation (SSP) is one such technique, proposed for multithreaded Itanium models. SSP does not require expensive hardware support-instead it relies on the compiler to adapt binaries",Long Range;Out of Order;,Sigplan Notices,"2002
"
Hong Wang,1388,288,perry h. wang;jamison d. collins;gautham n. chinya;hong jiang;xinmin tian;milind girkar;nick y. yang;guei-yuan lueh,EXOCHI: architecture and programming environment for a heterogeneous multi-core multithreaded system,"Future mainstream microprocessors will likely integrate special- ized accelerators, such as GPUs, onto a single die to achieve bet- ter performance and power efficiency. However, it remains a keen challenge to program such a heterogeneous multi-core platform, since these specialized accelerators feature ISAs and functional- ity that are significantly different from the general purpose CPU cores. In this paper, we",Domain Specificity;Parallel Computer;Power Efficiency;Programming Environment;Shared Virtual Memory;,SIGPLAN Conference on Programming Language Design and Implementation,"2007
"
Hong Wang,1389,288,tor m. aamodt;pedro marcuello;paul chow;antonio gonzález;per hammarlund;john paul shen,A framework for modeling and optimization of prescient instruction prefetch,"This paper describes a framework for modeling macroscopic program behavior and applies it to optimizing prescient instruction prefetch -- novel technique that uses helper threads to improve single-threaded application performance by performing judicious and timely instruction prefetch. A helper thread is initiated when the main thread encounters a spawn point, and prefetches instructions starting at a distant target point. The",Analytical Model;Control Flow;Efficient Estimation;Path Expressions;simultaneous multithreading;itanium processor family;Markov Chain;,Sigmetrics Performance Evaluation Review,"2003
"
Hong Wang,1390,288,perry h. wang;jamison d. collins;dongkeun kim;bill greene;kai-ming chan;aamir b. yunus;terry sych;stephen f. moore;john paul shen,Helper Threads via Virtual Multithreading,"ABSTRACT Helper threading is a technology to accelerate a program by exploiting a processor’s multithreading capability to run “assist” threads. Previous experiments on hyper-threaded processors have demonstrated significant speedups by using helper threads to prefetch hard-to-predict delinquent data accesses. In order to apply this technique to processors that do not have built-in hardware support for multithread- ing, we introduce virtual",Data Access;Operating System;,IEEE Micro,"2004
"
Hong Wang,1391,288,tong sun;qing yang,Minimizing Area Cost of On-Chip Cache Memories by Caching Address Tags," This paper presents a technique for minimizing chip-area cost of implementing an on-chip cache memory ofmicroprocessors. The main idea of the technique is Caching Address Tags, or CAT cache, for short. The CAT cache exploits localityproperty that exists among addresses of memory references. By keeping only a limited number of distinct tags of cached data,rather than having as many tags",Cache Memory;,IEEE Transactions on Computers,"1997
"
Hong Wang,1392,288,carlos madriles;carlos garcía quiñones;jesús sánchez;pedro marcuello;antonio gonzález;dean m. tullsen;john paul shen,Mitosis: A Speculative Multithreaded Processor Based on Precomputation Slices,,,IEEE Transactions on Parallel and Distributed Systems,"2008
"
Hong Wang,1393,288,qing yang,A New Graph Approach to Minimizing Processor Fragmentation in Hypercube Multiprocessors,,,IEEE Transactions on Parallel and Distributed Systems,"1993
"
Hong Wang,1394,289,ke sun,A Composite Method to Extract Eye Contour,,,Affective Computing and Intelligent Interaction,"2005
"
Hong Wang,1395,289,fan xia;xiaolan fu;jiaying zhao,An XML-Based Implementation of Multimodal Affective Annotation,,,Affective Computing and Intelligent Interaction,"2005
"
Hong Wang,1396,289,fan xia;junxian huang,Deception Detection Via Blob Motion Pattern Analysis,,Pattern Analysis;,Affective Computing and Intelligent Interaction,"2007
"
Hong Wang,1397,289,ge song,A Fast and Robust Ellipse Detection Algorithm Based on Pseudorandom Sample Consensus,,Ellipse Detection;Random Sampling;,Computer Analysis of Images and Patterns,"2007
"
Hong Wang,1398,289,ge song;miao hao;zengqi sun,A Polygon Detection Algorithm for Robot Visual Servoing,,Detection Algorithm;visual servoing;,International Conference on Intelligent Robotics and Applications,"2008
"
Hong Wang,1399,289,ming yang;bin dong;bo zhang,Real-Time Pose Estimation for Outdoor Mobile Robots Using Range Data,,Mobile Robot;Pose Estimation;Range Data;Real Time;,International Conference on Pattern Recognition,"2002
"
Hong Wang,1400,289,jie cao;po hu;junwei miao,PAD Model Based Facial Expression Analysis,,Facial Expression Analysis;,International Symposium on Visual Computing,"2008
"
Hong Wang,1401,289,qian yu;helder araújo,A Stereovision Method for Obstacle Detection and Tracking in Non-Flat Urban Environments,,Obstacle Detection;Urban Environment;,Autonomous Robots,"2005
"
Hong Wang,1402,289,yinghua he;bo zhang,Color-based road detection in urban traffic scenes,,Road Detection;,IEEE Transactions on Intelligent Transportation Systems,"2004
"
Hong Wang,1403,290,hiroyuki takizawa;hiroaki kobayashi,A Workflow Management Mechanism for Peer-to-Peer Computing Platforms,,Peer-to-peer Computing;Workflow Management;,International Symposium on Parallel and Distributed Processing and Applications,"2005
"
Hong Wang,1404,290,ling xu;hiroyuki takizawa;hiroaki kobayashi,A Reliability Model for Result Checking in Volunteer Computing,,Reliability Modeling;,Symposium on Applications and the Internet,"2008
"
Hong Wang,1405,290,hiroyuki takizawa;hiroaki kobayashi,A dependable Peer-to-Peer computing platform,,Peer-to-peer Computing;,Future Generation Computer Systems,"2007
"
Hong Wang,1406,290,hiroyuki takizawa;hiroaki kobayashi,A Performance Study of Secure Data Mining on the Cell Processor,,Cell Processor;Data Mining;,Cluster Computing and the Grid,"2008
"
Hong Wang,1407,291,robert a. walker,Implementing a Scalable ASC Processor,"Previous papers (1,2) have described our implementation of a small prototype processor and control unit for associative computing, called the ASC Procesor. That initial prototype was implemented on an Altera education board using an Altera FLEX 10K FPGA, and was limited to an unrealistic 4 Processing Elements (PEs). This paper describes a more complete implementation — a scalable ASC processor",Scaling Up;Processing Element;,International Parallel and Distributed Processing Symposium/International Parallel Processing Symposium,"2003
"
Hong Wang,1408,291,lei xie;meiduo wu;robert a. walker,A Scalable Associative Processor with Applications in Database and Image Processing,"This paper describes the implementation and use of a dedicated associative SIMD co-processor ideally suited for many applications such as database processing, image processing, genome matching, or molecular similarity analysis. The concept of associative SIMD processing is introduced, and differentiated from other associative and SIMD techniques. Then our ASC (ASsociative Computing) processor is briefly described, along with its implementation of",Edge Detection;Image Processing;Relational Database;,International Parallel and Distributed Processing Symposium/International Parallel Processing Symposium,"2004
"
Hong Wang,1409,291,robert a. walker,A Scalable Pipelined Associative SIMD Array with Reconfigurable PE Interconnection Network for Embedded Applications,"This paper describes the FPGA implementation of a specialized SIMD processor array for embedded applications. An alternative to traditional SoC or MPSoC architectures, this array combines the massive parallelism inherent in SIMD architectures with the search capabilities of associative computing, producing a SIMD Processor Array System on a Chip (PASoC) well suited for applications such as data mining and bioinformatics.",Data Mining;Embedded System;fpga implementation;Interconnection Network;String Matching;Processing Element;system on a chip;,Parallel and Distributed Computing Systems,"2005
"
Hong Wang,1410,292,yuan tian,Analysis of DC characteristics of GaAs double heterojunction bipolar transistors (DHBTs) with a pseudomorphic GaAsSb base,,Double Heterojunction Bipolar Transistor;,Microelectronics Journal,"2006
"
Hong Wang,1411,292,yuan tian,Temperature dependence of DC characteristics of NpN InP/GaAsSb/InP double heterojunction bipolar transistors: an analytical study,,Temperature Dependence;Double Heterojunction Bipolar Transistor;,Microelectronics Journal,"2006
"
Hong Wang,1412,293,,Directed Bipartite Graphs Containing Every Possible Pair of Directed Cycles,,Bipartite Graph;,Ars Combinatoria,"2001
"
Hong Wang,1413,293,,On Quadrilaterals and Cycle Covers in a Bipartite Graph,,Bipartite Graph;,Ars Combinatoria,"2001
"
Hong Wang,1414,293,,Maximal Total Length Of k Disjoint Cycles In Bipartite Graphs,,Bipartite Graph;Total Length;,Combinatorica,"2005
"
Hong Wang,1415,293,,Vertex-Disjoint Triangles in Claw-Free Graphs with Minimum Degree at Least Three,,claw-free graph;Minimum Degree;,Combinatorica,"1998
"
Hong Wang,1416,293,david m. berman;a. j. radcliffe;alex d. scott;larry wargo,All trees contain a large induced subgraph having all degrees 1 (mod k)," . We prove that, for integers n  2 and k  2, every tree with n verticescontains an induced subgraph of order at least 2b(n + 2k \Gamma 3)=(2k \Gamma 1)c with all degreescongruent to 1 modulo k. This extends a result of Radcliffe and Scott, and answers aquestion of Caro, Krasikov and Roditty.y Supported in part by NSF 94013511x1. IntroductionAn",,Discrete Mathematics,"1997
"
Hong Wang,1417,293,yoshimi egawa;shinya fujita;ken-ichi kawarabayashi,Existence of two disjoint long cycles in graphs,"Let n, h be integers with n ≥ 6 and h ≥ 7. We prove that if G is a graph of order n with σ2(G) ≥ h, then G contains two disjoint cycles C1 and C2 such that |V (C1)| + |V (C2) |≥ min{h, n}.",,Discrete Mathematics,"2005
"
Hong Wang,1418,293,yoshimi egawa;mariko hagita;ken-ichi kawarabayashi,Covering vertices of a graph by k disjoint cycles,,,Discrete Mathematics,"2003
"
Hong Wang,1419,293,yoshiyas ishigami,An extension of a theorem on cycles containing specified independent edges,,,Discrete Mathematics,"2002
"
Hong Wang,1420,293,bert randerath;ingo schiermeyer,On quadrilaterals in a graph,,,Discrete Mathematics,"1999
"
Hong Wang,1421,293,,Vertex-disjoint quadrilaterals in graphs,,,Discrete Mathematics,"2004
"
Hong Wang,1422,293,,Partition of a bipartite graph into cycles,,Bipartite Graph;,Discrete Mathematics,"1993
"
Hong Wang,1423,293,,P2p-factorization of a complete bipartite graph,,Complete Bipartite Graph;P2P;,Discrete Mathematics,"1993
"
Hong Wang,1424,293,,"On K1, k-factorizations of a complete bipartite graph",,Complete Bipartite Graph;,Discrete Mathematics,"1994
"
Hong Wang,1425,293,,Vertex-disjoint hexagons with chords in a bipartite graph,,Bipartite Graph;,Discrete Mathematics,"1998
"
Hong Wang,1426,293,,Triangles in claw-free graphs,,claw-free graph;,Discrete Mathematics,"1998
"
Hong Wang,1427,293,,On the maximum number of independent cycles in a graph,,,Discrete Mathematics,"1999
"
Hong Wang,1428,293,,Bipartite graphs containing every possible pair of cycles,,Bipartite Graph;,Discrete Mathematics,"1999
"
Hong Wang,1429,293,charles h. c. little;kee l. teo,Partition of a directed bipartite graph into two directed cycles,,Bipartite Graph;,Discrete Mathematics,"1996
"
Hong Wang,1430,293,norbert sauer,Packing Three Copies of a Tree into a Complete Graph,,Complete Graph;,European Journal of Combinatorics,"1993
"
Hong Wang,1431,293,,On Independent Cycles in a Bipartite Graph,,Bipartite Graph;,Graphs and Combinatorics,"2001
"
Hong Wang,1432,293,,On the Maximum Number of Independent Cycles in a Bipartite Graph,,Bipartite Graph;,Journal of Combinatorial Theory,"1996
"
Hong Wang,1433,293,,Pentagons and cycle coverings,,,Journal of Graph Theory,"2007
"
Hong Wang,1434,293,danhong zhang,Disjoint directed quadrilaterals in a directed graph,,Directed Graph;,Journal of Graph Theory,"2005
"
Hong Wang,1435,293,,On Covering a Bipartite Graph with Cycles,,Bipartite Graph;,Siam Journal on Discrete Mathematics,"2001
"
