author,pid,label,coauthor,title,abstract,keywords,venue,year
Hui Zhang,1496,311,fang hao;murali s. kodialam;t. v. lakshman,Fast payload-based flow estimation for traffic monitoring and network security,"Real-time IP flow estimation has many potential applications in network management, monitoring, security, and traffic engineering. Existing techniques typically rely on flow definitions being constrained as subsets of the fields in packet headers. This makes flow-membership tests relatively inexpensive. In this paper, we consider a more general flow estimation problem that needs complex packet-payload based tests for flow-membership. An example",Bloom Filter;Efficient Algorithm;Longest Common Subsequence;Network Management;Network Security;Traffic Engineered;Traffic Monitoring;Real Time;,Architecture for Networking and Communications Systems,"2005
"
Hui Zhang,1497,311,jian liang;aniruddha bohra;samrat ganguly;rauf izmailov,Minimizing Metadata Access Latency in Wide Area Networked File Systems,"Traditional network file systems, like NFS, do not extend to wide-area due to low bandwidth and high network latency. We present WireFS, a Wide Area File System, which enables delegation of metadata management to nodes at client sites (homes). The home of a file stores the most recent copy of the file, serializes all updates, and streams updates to the",Data Management;Dynamic Program;File System;Greedy Algorithm;Integer Program;Metadata Management;Network File System;Wide Area Network;,High Performance Computing,"2006
"
Hui Zhang,1498,311,guofei jiang;kenji yoshihira;haifeng chen;akhilesh saxena,Resilient workload manager: taming bursty workload of scaling internet applications,"In data centers hosting scaling Internet applications, oper- ators face the tradeo dilemma between resource eciency and Quality of Service (QoS), and the root cause lies in work- load dynamics. In this paper, we address the problem with the design of Resilient Workload Manager (ROM). ROM ex- plicitly segregates base workload and trespassing workload, the two naturally dieren t components",Cloud Computing;Data Access;Data Center;Design Management;High Performance;Information System;Internet Application;Load Balance;Optimization Technique;Perceived Service Quality;Processing Speed;Quality of Service;System Architecture;,International Conference on Autonomic Computing,"2009
"
Hui Zhang,1499,311,samrat ganguly;sudeept bhatnagar;rauf izmailov;abhishek sharma,Optimal Load Balancing in Publish/Subscribe Broker Networks Using Active Workload Management,,Load Balance;Publish Subscribe;,IEEE International Conference on Communications,"2008
"
Hui Zhang,1500,311,abhishek sharma;haifeng chen;guofei jiang;xiaoqiao meng;kenji yoshihira,Enabling Information Confidentiality in Publish/Subscribe Overlay Services,"Alice has a piece of valuable information which she is willing to sell to anyone who is interested in; she is too busy and wants to ask Bob, a professional broker, to sell that information for her; but Alice is in a dilemma where she cannot trust Bob with that information but Bob cannot help her find her customers without",Data Privacy;Indexing Terms;Internet Application;Publish Subscribe;,IEEE International Conference on Communications,"2008
"
Hui Zhang,1501,311,xin li;fang bian;christophe diot;ramesh govindan;wei hong;gianluca iannaccone,Advanced Indexing Techniques for Wide-Area Network Monitoring,"Detecting and unraveling incipient coordinated at- tacks on Internet resources requires a distributed network monitoring infrastructure. Such an infrastructure will have two logically distinct elements: distributed monitors that continuously collect packet and flow-level information, and a distributed query system that allows network operators to efficiently and rapidly access this information. We argue that, in addition to supporting other types of",Distributed Networks;Indexation;Network Monitoring;Range Query;Multi Dimensional;Wide Area Network;,International Conference on Data Engineering,"2005
"
Hui Zhang,1502,311,xiaozhu kang;guofei jiang;haifeng chen;xiaoqiao meng;kenji yoshihira,"Measurement, Modeling, and Analysis of Internet Video Sharing Site Workload: A Case Study","In this paper we measured and analyzed the workload on Yahoo! Video, the 2nd largest U.S. video sharing site, to understand its nature and the impact on online video data center design. We discovered interesting statistical prop- erties on both static and temporal dimensions of the work- load; theyincludefiledurationandpopularitydistributions, arrival rate dynamics and predictability, and workload sta- tionarity and burstiness.",Case Study;Data Center;Distributed System;Large Scale;Modeling and Analysis;Service Level Agreement;,International Conference on Web Services,"2008
"
Hui Zhang,1503,311,huadong liu;rauf izmailov;guofei jiang;xiaoqiao meng,Real-time Application Monitoring and Diagnosis for Service Hosting Platforms of Black Boxes,,Real Time Application;,Integrated Network Management,"2007
"
Hui Zhang,1504,311,fang hao;murali s. kodialam;t. v. lakshman;vivek vishnumurthy,Content Based Rate Estimation Using Lazy Membership Testing,"Fast IP flow rate estimation has many potential applications in network management, monitoring, security, and traffic engi- neering. Recently, low cost and memory efficient techniques to accurately estimate flow-rates in real-time have been de- veloped. These techniques rely on flow definitions being con- strained to being subsets of the fields in the packet header mak- ing flow-membership tests relatively inexpensive.",Flow Rate;Network Management;Property Testing;Real Time;,IEEE INFOCOM,"2006
"
Hui Zhang,1505,311,fang hao;murali s. kodialam;t. v. lakshman,"Fast, memory-efficient traffic estimation by coincidence counting","Abstract We consider the problem of fast estimation of o w rates in backbone network links with possibly millions of o ws. Accurate o w rate estimation is necessary for network trac management, network planning, measuring compliance to service level agreements, and network security. Ideally, a rate estimation scheme should have short estimation times with provable bounds on estimation error,",Denial of Service Attack;Estimation Error;Hardware Implementation;High Speed;Network Planning;Network Security;Service Level Agreement;,IEEE INFOCOM,"2005
"
Hui Zhang,1506,311,xin li;fang bian;christophe diot;ramesh govindan;wei hong;gianluca iannaccone,MIND: A Distributed MultiDimensional Indexing System for Network Diagnosis,"Detecting coordinated attacks on Internet resources requires a distributed network monitoring infrastructure. Such an in- frastructure will have two logically distinct elements: distributed monitors that continuously collect traffic information, and a dis- tributed query system that allows network operators to efficiently correlate information from different monitors in order to detect anomalous traffic patterns. In this paper, we discuss the design",Design and Implementation;Distributed Networks;Indexation;Load Balance;Management System;Multi Dimensional;,IEEE INFOCOM,"2006
"
Hui Zhang,1507,311,xiaoqiao meng;guofei jiang;haifeng chen;kenji yoshihira,Automatic Profiling of Network Event Sequences: Algorithm and Applications,"The behavior of network entities, such as flows, sessions, hosts, and users, can often be described by commu- nication event sequences in the time domain. For the purpose of many network measurement and monitoring tasks, it is desirable to have an accurate yet information-compact profiling of the behavior of massive event sequences. This paper proposes a new method to achieve",Anomaly Detection;Expectation Maximization Algorithm;Mixture Model;Network Management;Network Measurement;Traffic Analysis;Wireless Network;Markov Chain;Time Domain;,IEEE INFOCOM,"2008
"
Hui Zhang,1508,311,ashish goel;ramesh govindan,Using the small-world model to improve freenet performance,"Efficient data retrieval in a peer-to-peer system like Freenet is a challenging problem. In this paper we study the impact of cache replacement policy on the performance of Freenet. We find that, with Freenet's LRU cache replacement, there is a steep reduction in the hit ratio with increasing load. Based on intuition from the small-world models and the recent theoretical",Cache Replacement;Data Retrieval;Graph Clustering;Peer To Peer System;Satisfiability;Small World;,Computer Communication Review,"2002
"
Hui Zhang,1509,311,songyun duan;guofei jiang;xiaoqiao meng,Supporting System-wide Similarity Queries for networked system management,"Today's networked systems are extensively instru- mented for collecting a wealth of monitoring data. In this paper, we propose a framework called System-wide Similarity Query (S2Q) to support a new type of similarity queries on monitoring data for managing complex networked systems. The similarity queries are defined on a novel data model that captures system states, and the implementation includes",Communication System;Complex Network;Computer Network;Data Management;Data Model;Indexation;Indexing Terms;Networked Systems;Statistical Machine Learning;Streaming Algorithm;Support System;System Management;Web Service;Wireless Network;,IEEE/IFIP Network Operations and Management Symposium,"2010
"
Hui Zhang,1510,311,haifeng chen;guofei jiang;kenji yoshihira,Boosting the performance of computing systems through adaptive configuration tuning,"Good system performance depends on the correct setting of its con- figuration parameters. It is observed that such optimal confi gura- tion relies on the incoming workload of the system. In this paper, we utilize the Markov decision process(MDP) theory and present a reinforcement learning strategy to discover the complex relation- ship between the system workload and the corresponding optimal",Learning Process;Reinforcement Learning;System Management;System Performance;Error Back Propagation;Markov Decision Process;Neural Network;rein forcement learning;Temporal Difference;,ACM Symposium on Applied Computing,"2009
"
Hui Zhang,1511,311,guofei jiang;kenji yoshihira;haifeng chen;akhilesh saxena,Intelligent Workload Factoring for a Hybrid Cloud Computing Model,"Despite the hype, cloud computing still stays on IT managers' watching list. The hindrances to the adoption of public cloud computing services into enterprise IT include service reliability, security &amp; data privacy, regulation compliant requirements, and so on. To address those concerns, we propose a hybrid cloud computing model which enterprise customers may adopt as a viable and cost-saving methodology",Cloud Computing;Cost Saving;Data Cache;Data Center;Data Privacy;Detection Algorithm;Local Computation;Statistical Techniques;trace-driven simulation;,IEEE Congress on Services,"2009
"
Hui Zhang,1512,311,ashish goel;ramesh govindan,Incrementally improving lookup latency in distributed hash table systems,"Distributed hash table (DHT) systems are an important class of peer-to-peer routing infrastructures. They enable scalable wide-area storage and retrieval of information, and will support the rapid development of a wide variety of Internet-scale applications ranging from naming systems and file systems to application-layer multicast. DHT systems essentially build an overlay network, but a path on the overlay between any",Application Layer Multicast;Distributed Hash Table;File System;Internet Router;Overlay Network;Peer To Peer;Random Sampling;Power Law;,Sigmetrics Performance Evaluation Review,"2003
"
Hui Zhang,1513,311,ashish goel;ramesh govindan;kahn mason;benjamin van roy,Making Eigenvector-Based Reputation Systems Robust to Collusion,,Eigenvectors;Reputation System;,Workshop on Algorithms and Models for the Web-Graph,"2004
"
Hui Zhang,1514,311,xiaozhu kang;guofei jiang;haifeng chen;xiaoqiao meng;kenji yoshihira,Understanding internet video sharing site workload: a view from data center design,"In this paper we measured and analyzed the workload on Yahoo! Video, the 2nd largest U.S. video sharing site, to understand its nature and the impact on online video data center design. We discovered interesting statistical proper- ties on both static and temporal dimensions of the workload including file duration and popularity distributions, arrival rate dynamics and predictability, and workload",Capacity Management;Capacity Planning;Data Center;Distributed System;Large Scale;Quality of Service;Queueing Model;Service Level Agreement;,Journal of Visual Communication and Image Representation,"2008
"
Hui Zhang,1515,311,ashish goel;ramesh govindan,An empirical evaluation of internet latency expansion,"The Internet's latency expansion determines the asymptotic performance of large-scale distributed systems (such as Peer-to-Peer systems), but previous studies on the Internet have defined expansion in terms of  expansion rate in terms of hops.",Empirical Evaluation;Large-scale Distributed Systems;Peer To Peer System;,Computer Communication Review,"2004
"
Hui Zhang,1516,311,ashish goel;ramesh govindan,Using the small-world model to improve Freenet performance,,Small World;,Computer Networks and Isdn Systems,"2004
"
Hui Zhang,1517,311,haifeng chen;guofei jiang;xiaoqiao meng;kenji yoshihira,Fast Indexing for Large-scale Networked System Modeling,"Today's networked systems are extensively instru- mented for collecting a wealth of monitoring data. Statistical techniques like regression analysis can be applied to uncover rich relationships (e.g., correlation, causality, independence) between the measurement data which are further utilized for systems management tasks including fault diagnosis, configuration management, performance analysis, etc. How- ever, one problem during this system modeling process comes",Configuration Management;Data Mining;Fault Diagnosis;Graph Theory;Indexation;Indexing Terms;Large Scale;Mobile Network;Network Management;Networked Systems;Optimal Solution;Performance Analysis;Random Sampling;Randomized Algorithm;Regression Analysis;Statistical Techniques;Statistical Model;System Management;System Modeling;Vertex Cover;,Journal of Networks,"2009
"
Hui Zhang,1518,311,ashish goel;ramesh govindan,Improving lookup latency in distributed hash table systems using random sampling,"Distributed hash table (DHT) systems are an impor- tant class of peer-to-peer routing infrastructures. They enable scalable wide-area storage and retrieval of information, and will support the rapid development of a wide variety of Internet-scale applications ranging from naming systems and file systems to application-layer multicast. DHT systems essentially build an overlay network, but a path on the overlay between",Application Layer Multicast;Distributed Hash Table;File System;Indexing Terms;Internet Router;Internet Topology;Overlay Network;Peer To Peer;Random Sampling;Randomized Algorithm;Power Law;,IEEE/ACM Transactions on Networking,"2005
"
Hui Zhang,1519,312,frank wm. tompa,Querying XML documents by dynamic shredding,With the wide adoption of XML as a standard data representation and exchange format querying XML documents becomes increasingly important. However relational database systems constitute a much more mature technology than what is available for native storage of XML. To bridge the gap one way to manage XML data is to use a commercial relational database system. In this approach,Data Representation;Query Optimization;Relation Algebra;Relational Database;Relational Database System;Xml Document;,ACM Symposium on Document Engineering,"2004
"
Hui Zhang,1520,312,qiang yang;henry haining zhang,Taylor Series Prediction: A Cache Replacement Policy based on Second-Order Trend Analysis," Caching is one of the most effective techniques for improving the performance of Internetsystems. The heart of a caching system is its page replacement policy, which decides which pageto replace in a cache by a new one. Different caching policies have dramatically different effectson the system performance. In this paper, we extend the well-known GDSF caching policiesto include not only",Cache Replacement;Replacement Policy;System Performance;Taylor Series;Trend Analysis;Second Order;,Hawaii International Conference on System Sciences,"2001
"
Hui Zhang,1521,312,frank wm. tompa,XQuery rewriting at the relational algebra level,,Relation Algebra;,Computer Systems: Science & Engineering,"2003
"
Hui Zhang,1522,313,zhilin feng;jianwei yin;jinxiang dong,A Phase-Field Based Segmentation Algorithm for Jacquard Images Using Multi-start Fuzzy Optimization Strategy,,Fuzzy Optimization;Phase Field;,Fuzzy Systems and Knowledge Discovery,"2005
"
Hui Zhang,1523,314,paul a. yushkevich;james c. gee,Registration of Diffusion Tensor Images,,Diffusion Tensor Images;,Computer Vision and Pattern Recognition,"2004
"
Hui Zhang,1524,314,paul a. yushkevich;tony j. simon;james c. gee,Structure-Specific Statistical Mapping of White Matter Tracts using the Continuous Medial Representation,,White Matter;,International Conference on Computer Vision,"2007
"
Hui Zhang,1525,314,paul a. yushkevich;james c. gee,Parametric Medial Shape Representation in 3-D via the Poisson Partial Differential Equation with Non-linear Boundary Conditions,,Boundary Condition;Partial Differential Equation;Shape Representation;,Information Processing in Medical Imaging,"2005
"
Hui Zhang,1526,314,suyash p. awate;tony j. simon;james c. gee,Multivariate segmentation of brain tissues by fusion of MRI and DTI data,,Brain Tissue;,IEEE International Symposium on Biomedical Imaging,"2008
"
Hui Zhang,1527,314,philip a. cook;suyash p. awate;james c. gee,Atlas-guided probabilistic diffusion-tensor fiber tractography,,Diffusion Tensor;,IEEE International Symposium on Biomedical Imaging,"2008
"
Hui Zhang,1528,314,paul a. yushkevich;james c. gee,Towards Diffusion Profile Image Registration,"This paper presents a novel method for diffusion MRI reg- istration that treats diffusion profile as an arbitrary positive- valued function of spatial direction and treats Cartesian dif- fusion tensors as a special case. A metric based on ele- mentary notions of signal analysis is presented and in the case of diffusion tensors, a closed form expression of the metric",Diffusion Mri;Gradient Descent Method;Image Registration;Image Sampling;Inner Product;Large Scale;Objective Function;Signal Analysis;Value Function;Diffusion Tensor;Multi Resolution;,IEEE International Symposium on Biomedical Imaging,"2004
"
Hui Zhang,1529,314,paul a. yushkevich;tony j. simon;james c. gee,Surface-based modeling of white matter fasciculi with orientation encoding,,White Matter;,IEEE International Symposium on Biomedical Imaging,"2008
"
Hui Zhang,1530,314,brian b. avants;jeffrey duda;james c. gee,Multivariate Normalization with Symmetric Diffeomorphisms for Multivariate Studies,,Multivariate Normal;,Medical Image Computing and Computer-Assisted Intervention,"2007
"
Hui Zhang,1531,314,suyash p. awate;james c. gee,Fuzzy Nonparametric DTI Segmentation for Robust Cingulum-Tract Extraction,"This paper presents a novel segmentation-based approach for fiber-tract extraction in diffusion-tensor (DT) images. Typical tractog- raphy methods, incorporating thresholds on fractional anisotropy and fiber curvature to terminate tracking, can face serious problems aris- ing from partial voluming and noise. For these reasons, tractography often fails to extract thin tracts with sharp changes in orientation, e.g. the cingulum. Unlike tractography—which",Fractional Anisotropy;Fuzzy Segmentation;Statistical Model;Diffusion Tensor;Partial Volume;,Medical Image Computing and Computer-Assisted Intervention,"2007
"
Hui Zhang,1532,314,philip a. cook;brian b. avants;paul a. yushkevich;daniel c. alexander;james c. gee;o. ciccarelli;a. j. thompson,An Automated Approach to Connectivity-Based Partitioning of Brain Structures,"We present an automated approach to the problem of conn- ectivity-based partitioning of brain structures using diusion imaging. White-matter fibres connect dierent areas of the brain, allowing them to interact with each other. Diusion-tensor MRI measures the orientation of white-matter fibres in vivo, allowing us to perform connectivity-based partitioning non-invasively. Our new approach leverages atlas-based seg- mentation to automate anatomical",Brain Structure;Corpus Callosum;Healthy Subjects;White Matter;,Medical Image Computing and Computer-Assisted Intervention,"2005
"
Hui Zhang,1533,314,eleftheria panagiotaki;matt g. hall;bernard siow;mark f. lythgoe;daniel c. alexander,High-Fidelity Meshes from Tissue Samples for Diffusion MRI Simulations,,Diffusion Mri;,Medical Image Computing and Computer-Assisted Intervention,"2010
"
Hui Zhang,1534,314,hui sun;paul a. yushkevich;philip a. cook;jeffrey duda;tony j. simon;james c. gee,Evaluation of Shape-Based Normalization in the Corpus Callosum for White Matter Connectivity Analysis,,Corpus Callosum;White Matter;,Medical Image Computing and Computer-Assisted Intervention,"2007
"
Hui Zhang,1535,314,paul a. yushkevich;john a. detre;kathy z. tang;angela hoang;dawn mechanic-hamilton;maría a. fernández-seara;marc korczykowski;james c. gee,Hippocampus-Specific fMRI Group Activation Analysis with Continuous M-Reps,,Activity Analysis;,Medical Image Computing and Computer-Assisted Intervention,"2006
"
Hui Zhang,1536,314,paul a. yushkevich;james c. gee,Statistical Modeling of Shape and Appearance Using the Continuous Medial Representation,,Statistical Model;,Medical Image Computing and Computer-Assisted Intervention,"2005
"
Hui Zhang,1537,314,daniel c. alexander,Axon Diameter Mapping in the Presence of Orientation Dispersion with Diffusion MRI,,Diffusion Mri;,Medical Image Computing and Computer-Assisted Intervention,"2010
"
Hui Zhang,1538,314,suyash p. awate;sandhitsu r. das;john h. woo;elias r. melhem;james c. gee;paul a. yushkevich,A Tract-Specific Framework for White Matter Morphometry Combining Macroscopic and Microscopic Tract Features,,White Matter;,Medical Image Computing and Computer-Assisted Intervention,"2009
"
Hui Zhang,1539,314,paul a. yushkevich;james c. gee,Deformable Registration of Diffusion Tensor MR Images with Explicit Orientation Optimization,"In this paper, we present a novel deformable registration algorithm for diffusion tensor MR images that enables explicit optimization of tensor reorientation. The optimization seeks a piecewise affine transformation that divides the image domain into uniform regions and transform each region affinely. The objective function captures both the image similarity and the smoothness of the transformation across region boundaries. The",Affine Transformation;Conjugate Gradient Method;Corpus Callosum;Deformable Registration;Diffusion Tensor Images;Diffusion Tensor Mri;Image Similarity;Mr Imaging;Objective Function;Similarity Measure;Diffusion Tensor;White Matter;,Medical Image Computing and Computer-Assisted Intervention,"2005
"
Hui Zhang,1540,314,paul a. yushkevich;daniel rueckert;james c. gee,Unbiased White Matter Atlas Construction Using Diffusion Tensor Images,"Abstract. This paper describes an algorithm for unbiased construction of white matter (WM) atlases using full information available to diusion tensor (DT) images. The key component,of the proposed algorithm is a novel DT image registration method,that leverages metrics comparing tensors as a whole and optimizes tensor orientation explicitly. The problem of unbiased atlas construction is formulated using the approach proposed",Diffusion Tensor Images;Fractional Anisotropy;Image Registration;Large Deformation;White Matter;,Medical Image Computing and Computer-Assisted Intervention,"2007
"
Hui Zhang,1541,314,paul a. yushkevich;daniel rueckert;james c. gee,Tensor-Based Morphometry of Fibrous Structures with Application to Human Brain White Matter,,Human Brain;Tensor Based Morphometry;White Matter;,Medical Image Computing and Computer-Assisted Intervention,"2009
"
Hui Zhang,1542,314,paul a. yushkevich;brian b. avants;ng lydia;michael hawrylycz;pablo d. burstein;james c. gee,3D Mouse Brain Reconstruction from Histology Using a Coarse-to-Fine Approach,,,Workshop on Biomedical Image Registration,"2006
"
Hui Zhang,1543,314,paul a. yushkevich;daniel rueckert;james c. gee,A Computational White Matter Atlas for Aging with Surface-Based Representation of Fasciculi,,White Matter;,Workshop on Biomedical Image Registration,"2010
"
Hui Zhang,1544,314,suyash p. awate;james c. gee,"A Fuzzy, Nonparametric Segmentation Framework for DTI and MRI Analysis: With Applications to DTI-Tract Extraction","Abstract—This paper presents a novel fuzzy-segmentation method for diffusion tensor (DT) and magnetic resonance (MR) images. Typical fuzzy-segmentation schemes, e.g., those based on fuzzy C means (FCM), incorporate Gaussian class models that are inherently biased towards ellipsoidal clusters characterized by a mean element and a covariance matrix. Tensors in fiber bundles, however, inherently lie on specific manifolds in Riemannian spaces.",Covariance Matrix;Diffusion Tensor Images;Fractional Anisotropy;Fuzzy C Mean;Fuzzy Segmentation;Fuzzy Set;Indexing Terms;Magnetic Resonance;Mr Imaging;Statistical Model;Diffusion Tensor;Information Theoretic;Markov Random Field;Partial Volume;,IEEE Transactions on Medical Imaging,"2007
"
Hui Zhang,1545,314,hui sun;paul a. yushkevich;philip a. cook;jeffrey duda;tony j. simon;james c. gee,Shape-Based Normalization of the Corpus Callosum for DTI Connectivity Analysis,,Corpus Callosum;,IEEE Transactions on Medical Imaging,"2007
"
Hui Zhang,1546,314,paul a. yushkevich;james c. gee,Continuous Medial Representation for Anatomical Structures,,,IEEE Transactions on Medical Imaging,"2006
"
Hui Zhang,1547,314,brian b. avants;paul a. yushkevich;john h. woo;sumei wang;leo f. mccluskey;lauren b. elman;elias r. melhem;james c. gee,High-Dimensional Spatial Normalization of Diffusion Tensor Images Improves the Detection of White Matter Differences: An Example Study Using Amyotrophic Lateral Sclerosis,,Amyotrophic Lateral Sclerosis;Diffusion Tensor Images;High Dimensionality;White Matter;,IEEE Transactions on Medical Imaging,"2007
"
Hui Zhang,1548,315,jian yang;jiaoying shi;zhefan jin,Design and implementation of a large-scale hybrid distributed graphics system,"Although modern graphics hardware has strong capability to render millions of triangles within a second, huge scenes are still unable to be rendered in real-time. Lots of parallel and distributed graphics systems are explored to solve this problem. However none of them is built for large-scale graphics applications.We designed AnyGL, a large-scale hybrid distributed graphics system, which consists of four",Code Compression;Design and Implementation;Geometry Compression;Graphics Hardware;Graphics System;Image Compositing;Image Compression;Large Scale;Rendering System;Real Time;,Eurographics Workshop on Parallel Graphics and Visualization,"2002
"
Hui Zhang,1549,315,sidharth thakur;andrew j. hanson,Haptic Exploration of Mathematical Knots,"We present a novel multi-modal haptic interface for sketching and exploring the structure and properties of mathematical knots. Our interface de- rives from the familiar pencil-and-paper process of drawing 2D knot diagrams to facilitate the creation and exploration of mathematical knots; however, with a touch-based interface, users can also leverage their physical intuition by seeing, touching, and feeling the knots.",Haptic Interface;Interaction Model;Mental Model;,International Symposium on Visual Computing,"2007
"
Hui Zhang,1550,315,jianguang weng;yueting zhuang,Error-Bounded Solid Voxelization for Polygonal Model Based on Heuristic Seed Filling,,Error Bound;,International Symposium on Visual Computing,"2005
"
Hui Zhang,1551,315,andrew j. hanson,Physically Interacting with Four Dimensions,,Physical Interaction;,International Symposium on Visual Computing,"2006
"
Hui Zhang,1552,315,damian fricker;chen yu,A Multimodal Real-Time Platform for Studying Human-Avatar Interactions,,Real Time;,Intelligent Virtual Agents,"2010
"
Hui Zhang,1553,315,andrew j. hanson,Multimodal Exploration of the Fourth Dimension,"We present a multimodal paradigm for exploring topological sur- faces embedded in four dimensions; we exploit haptic methods in particular to overcome the intrinsic limitations of 3D graphics im- ages and 3D physical models. The basic problem is that, just as 2D shadows of 3D curves lose structure where lines cross, 3D graph- ics projections of smooth 4D topological surfaces",3d graphics;Physical Model;,IEEE Visualization,"2005
"
Hui Zhang,1554,315,andrew j. hanson,Shadow-Driven 4D Haptic Visualization,"ABSTRACT Just as we can work with two-dimensional oor,plans to communicate 3D architectural design, we can exploit reduced-dimension shadows to manipulate the higher-dimensional objects generating the shadows. In particular, by taking advantage of physically reactive 3D shadow-space controllers, we can transform the task of interacting with 4D objects to a new level of physical reality. We begin with a teaching",Architectural Design;Computer Graphic;Force Feedback;Haptic Interface;Indexing Terms;Interactive System;Knot Theory;Physical Model;Teaching Tool;,IEEE Transactions on Visualization and Computer Graphics,"2007
"
