author,pid,label,coauthor,title,abstract,keywords,venue,year
Jianzhong Zhang,1904,396,xiucui guan,Inverse Bottleneck Optimization Problems on Networks,,Optimization Problem;,Algorithmic Applications in Management,"2006
"
Jianzhong Zhang,1905,396,xiao-guang yang,Some New Results on Inverse Sorting Problems,"In this paper, we consider two types of inverse sorting prob- lems. The first type is an inverse sorting problem under weighted Ham- ming distance with bound constraints, which can be solved in O(n2) time. The second type is a family of partial inverse sorting problems which we can further divide into two kinds, with free positions and with fixed",Hamming Distance;Inverse Problem;,Computing and Combinatorics,"2005
"
Jianzhong Zhang,1906,396,xiucui guan,Inverse Constrained Bottleneck Problems on Networks,,,Computational Science and Its Applications,"2005
"
Jianzhong Zhang,1907,396,xiao-guang yang;mao-cheng cai,Reverse Center Location Problem,,Location Problem;,International Symposium on Algorithms and Computation,"1999
"
Jianzhong Zhang,1908,396,chengxian xu,A Survey of Quasi-Newton Equations and Quasi-Newton Methods for Optimization,,quasi-newton method;Quasi Newton;,Annals of Operations Research,"2001
"
Jianzhong Zhang,1909,396,naihua xiu,A characteristic quantity of P-matrices,,,Applied Mathematics Letters,"2002
"
Jianzhong Zhang,1910,396,xiucui guan,Inverse constrained bottleneck problems under weighted linfinity norm,,,Computers & Operations Research,"2007
"
Jianzhong Zhang,1911,396,dan sha,A priority measure in interval methods for constrained global optimization,,Constrained Global Optimization;Interval Method;,Computers & Operations Research,"1994
"
Jianzhong Zhang,1912,396,chao yang;yixun lin,A class of bottleneck expansion problems,,,Computers & Operations Research,"2001
"
Jianzhong Zhang,1913,396,rainer e. burkard;carmen pleschiutschnig,Inverse median problems,,,Discrete Optimization,"2004
"
Jianzhong Zhang,1914,396,rainer e. burkard;carmen pleschiutschnig,The inverse 1median problem on a cycle,"Let the graph G = (V;E) be a cycle with n+1 vertices, nonnega- tive vertex weights and positive edge lengths. The inverse 1-median problem on a cycle consists in changing the vertex weights at minimum cost such that a prespecifled vertex becomes the 1-median. The cost is proportional to the increase or decrease of the corresponding weight. We show that",Location Problem;Linear Program;,Discrete Optimization,"2008
"
Jianzhong Zhang,1915,396,rainer e. burkard;yixun lin,Weight reduction problems with certain bottleneck objectives,,Weight Reduction;,European Journal of Operational Research,"2004
"
Jianzhong Zhang,1916,396,mao-cheng cai;c. w. duin;xiao-guang yang,The partial inverse minimum spanning tree problem when weight increase is forbidden,,Minimum Spanning Tree;,European Journal of Operational Research,"2008
"
Jianzhong Zhang,1917,396,xiucui guan,A class of node based bottleneck improvement problems,,,European Journal of Operational Research,"2006
"
Jianzhong Zhang,1918,396,xiucui guan,Improving multicut in directed trees by upgrading nodes,,,European Journal of Operational Research,"2007
"
Jianzhong Zhang,1919,396,yi xue;ping zhong;naiyang deng,PCG-inexact Newton methods for unary optimization,,Inexact Newton Method;,European Journal of Operational Research,"2002
"
Jianzhong Zhang,1920,396,zhenhong liu,On Inverse Problems of Optimum Perfect Matching,"As far as we know, for most polynomially solvable network optimization problems, their inverse problems under l1 or l∞ norm have been studied, except the inverse maximum-weight matching problem in non-bipartite networks. In this paper we discuss the inverse problem of maximum-weight perfect matching in a non-bipartite network under l1 and l∞ norms. It has been proved that the inverse",Binary Search;Inverse Problem;Maximum Weight Matching;Network Optimization;Perfect Match;Polynomial Algorithm;Polynomial Time;Linear Program;,Journal of Combinatorial Optimization,"2003
"
Jianzhong Zhang,1921,396,longcheng liu,Inverse maximum flow problems under the weighted Hamming distance,,Hamming Distance;Maximum Flow;,Journal of Combinatorial Optimization,"2006
"
Jianzhong Zhang,1922,396,xiao-guang yang,Some inverse min-max network problems under weighted l1 and linfinity norms with bound constraints on changes,,,Journal of Combinatorial Optimization,"2007
"
Jianzhong Zhang,1923,396,zhenhong liu,A General Model of Some Inverse Combinatorial Optimization Problems and Its Solution Method Under l-Norm,,Combinatorial Optimization Problem;Generic Model;,Journal of Combinatorial Optimization,"2002
"
Jianzhong Zhang,1924,396,zhongfan ma,Solution Structure of Some Inverse Combinatorial Optimization Problems,,Combinatorial Optimization Problem;Solution Structure;,Journal of Combinatorial Optimization,"1999
"
Jianzhong Zhang,1925,396,binwu zhang;yong he,The Center Location Improvement Problem Under the Hamming Distance,,Hamming Distance;,Journal of Combinatorial Optimization,"2005
"
Jianzhong Zhang,1926,396,binwu zhang;liqun qi,The shortest path improvement problems under Hamming distance,,Hamming Distance;Shortest Path;,Journal of Combinatorial Optimization,"2006
"
Jianzhong Zhang,1927,396,qin wang;jinjiang yuan,An inverse model for the most uniform problem,,Inverse Modeling;,Operations Research Letters,"2008
"
Jianzhong Zhang,1928,396,xiao-guang yang,Partial inverse assignment problems under l1 norm,"Abstract In this paper, we consider the partial inverse assignment problem under l1 norm without bound constraints. We show that the partial inverse problem,can be solved by a strongly polynomial algorithm. The technique for solving this problem,can be extended to handle a special type of partial inverse 0.1 combinatorial optimization problems. © 2006 Elsevier B.V. All rights reserved. Keywords: Partial",Assignment Problem;Combinatorial Optimization Problem;Inverse Problem;Polynomial Algorithm;,Operations Research Letters,"2007
"
Jianzhong Zhang,1929,396,emilio spedicato;naiyang deng;shaolin xi,Numerical Methods for Unary Optimization,,Numerical Method;,,"2009
"
Jianzhong Zhang,1930,397,hua zhang;dian zhou;yi hu;ruiming li,Phase noise spectra analysis for LC oscillators,,Oscillations;Phase Noise;,IEEE International Symposium on Circuits and Systems,"2005
"
Jianzhong Zhang,1931,397,hua zhang;dian zhou;jin liu;liangjun jiang;yan pan,A closed-form phase noise solution for an ideal LC oscillator,,Oscillations;Phase Noise;,IEEE International Symposium on Circuits and Systems,"2004
"
Jianzhong Zhang,1932,397,a. m. sayeed;b. d. van veen,Optimal space-time transceiver design for selective wireless broadcast with channel state information,"Abstract, Selective broadcast schemes for point-to-multiple point transmission of identical information to several selected users are studied for a code-division multiple-access wireless system. The channel states for all selected users are assumed known at both the transmitter and the receivers. The goal is to minimize total transmit power while satisfying minimum received signal-to-noise ratio (SNR) requirements. Three designs, namely, time-only,",Channel State Information;Code Division Multiple Access;Indexing Terms;Satisfiability;Signal To Noise Ratio;Space Time Block Code;Spatial Diversity;Wireless Systems;Linear Program;Space Time;,IEEE Transactions on Wireless Communications,"2004
"
Jianzhong Zhang,1933,397,a. m. sayeed;b. d. van veen,Reduced-state MIMO sequence detection with application to EDGE systems,"Abstract, In this paper we propose a joint reduced-state se-quence detector (JRSSD) for a multiple-input multiple-output (MIMO) system. The proposed JRSSD incorporates the set-par-titioning principle to obtain a reduced-state trellis and is the space-time extension of the RSSD proposed in [1] for a single-input single-output (SISO) equalization problem. We show that two elements are essential in achieving the desired complexity",Indexing Terms;Low Complexity;mimo system;Minimum Mean Square Error;Multiple Input Multiple Output;Numerical Simulation;Set Partitions;Temporal Processing;Delayed Decision Feedback Sequence Estimator;Reduced State Sequence Estimation;Single Input Single Output;Space Time;,IEEE Transactions on Wireless Communications,"2005
"
Jianzhong Zhang,1934,398,yun he;xiaoguang niu;qi zhao,Search and index in locality-based clustering overlay,,Indexation;,Cluster Computing and the Grid,"2005
"
Jianzhong Zhang,1935,398,hailan yang;gongyi wu,On-Demand Resource Allocation for Service Level Guarantee in Grid Environment,,Resource Allocation;Service Level;,Grid and Cooperative Computing,"2005
"
Jianzhong Zhang,1936,398,hongbo lu;xiaofeng lan;dafan dong,DHTnil: An Approach to Publish and Lookup Nilsimsa Digests in DHT,,,High Performance Computing and Communications,"2008
"
Jianzhong Zhang,1937,398,kai pan;yuntao yu;jingdong xu,iCTPH: An Approach to Publish and Lookup CTPH Digests in Chord,,,International Conference on Algorithms and Architectures for Parallel Processing,"2010
"
Jianzhong Zhang,1938,398,qi zhao;yun he,A Hybrid Approach for Overlay Multicast,,Hybrid Approach;Overlay Multicast;,International Multi-Symposium of Computer and Computational Sciences,"2006
"
Jianzhong Zhang,1939,398,dafan dong;ying wu;hongbo lu;gongyi wu,A Spam Filter System Based on P2P Architecture,,P2P;Spam Filtering;,"Networking, Architecture and Storages","2008
"
Jianzhong Zhang,1940,398,tianyan zhang;xiaofeng lan;jingdong xu,An Aggregation-Based Raw Reputation Generation Approach,,,"IEEE NAS - Networking, Architecture, and Storage","2009
"
Jianzhong Zhang,1941,398,yun he;qi zhao;gongyi wu,Topology-Aware Multi-cluster Architecture Based on Efficient Index Techniques,,Indexation;,Network and Parallel Computing,"2005
"
Jianzhong Zhang,1942,399,daniel berleant,Arithmetic on Random Variables: Squeezing the Envelopes with New Joint Distribution Constraints,"Uncertainty is a key issue in decision analysis and other kinds of applications. Researchers have developed a number of approaches to address computations on uncertain quantities. When doing arithmetic operations on random variables, an important question has to be considered: the dependency relationships among the variables. In practice, we often have partial information about the dependency relationship between two random",Decision Analysis;Partial Information;Random Variable;Linear Program;,International Symposium on Imprecise Probabilities and Their Applications,"2005
"
Jianzhong Zhang,1943,399,daniel berleant;lizhi xie,"Statool: A Tool for Distribution Envelope Determination (DEnv), an Interval-Based Algorithm for Arithmetic on Random Variables",,Random Variable;,Reliable Computing,"2003
"
Jianzhong Zhang,1944,399,daniel berleant,Using Pearson Correlation to Improve Envelopes around the Distributions of Functions,,,Reliable Computing,"2004
"
Jianzhong Zhang,1945,399,daniel berleant,Bounding the times to failure of 2component systems,"Characterizing the distribution of times to failure in 2-component systems is an important special case of a more general problem, finding the distribution of a function of random variables. Advances in this area are relevant to reliability as well as other fields, and influential papers on the topic have appeared in the reliability field over a span of many years.",Indexing Terms;Model Uncertainty;Partial Information;Random Variable;Uncertainty Quantification;,IEEE Transactions on Reliability,"2004
"
Jianzhong Zhang,1946,400,mei-juan huang;shu-cui xie,"A Secure and Efficient (t, n) Threshold Verifiable Multi-secret Sharing Scheme",,Secret Sharing Scheme;,Computational and Information Science,"2005
"
Jianzhong Zhang,1947,400,jianghong hu,Cryptanalysis and improvement of a threshold proxy signature scheme,,Threshold Proxy Signature;,Computer Standards & Interfaces,"2009
"
Jianzhong Zhang,1948,400,jian-jie zhao;rong zhao,A practical verifiable multi-secret sharing scheme,,Secret Sharing Scheme;,Computer Standards & Interfaces,"2007
"
