author,pid,label,coauthor,title,abstract,keywords,venue,year
Jian Zhang,1668,360,hantao zhang,Combining Local Search and Backtracking Techniques for Constraint Satisfaction,,Constraint Satisfaction;Local Search;,National Conference on Artificial Intelligence,"1996
"
Jian Zhang,1669,360,xiaohui ji;feifei ma,Solving Global Unconstrained Optimization Problems by Symmetry-Breaking,,Symmetry Breaking;Unconstrained Optimization;,ACIS International Conference on Computer and Information Science,"2009
"
Jian Zhang,1670,360,jun yan;zhongxing xu,Finding Relations Among Linear Constraints,,Linear Constraint;,Artificial Intelligence and Symbolic Computation,"2006
"
Jian Zhang,1671,360,hantao zhang,Extending Finite Model Searching with Congruence Closure Computation,,,Artificial Intelligence and Symbolic Computation,"2004
"
Jian Zhang,1672,360,,Specification Analysis and Test Data Generation by Solving Boolean Combinations of Numeric Constraints,,Test Data Generation;,Asia-Pacific Conference on Quality Software,"2000
"
Jian Zhang,1673,360,,A Path-Based Approach to the Detection of Infinite Looping,,,Asia-Pacific Conference on Quality Software,"2001
"
Jian Zhang,1674,360,feifei ma,Computer Search for Large Sets of Idempotent Quasigroups,,,,"2007
"
Jian Zhang,1675,360,xiangxue jia,A Powerful Technique to Eliminate Isomorphism in Finite Model Search,,,Conference on Automated Deduction,"2006
"
Jian Zhang,1676,360,feifei ma;sheng liu,Volume Computation for Boolean Combination of Linear Arithmetic Constraints,,,Conference on Automated Deduction,"2009
"
Jian Zhang,1677,360,,Computer Search for Counterexamples to Wilkie's Identity,,,Conference on Automated Deduction,"2005
"
Jian Zhang,1678,360,,Problems on the Generation of Finite Models,,,Conference on Automated Deduction,"1994
"
Jian Zhang,1679,360,,System Description: MCS: Model-based Conjecture Searching,,,Conference on Automated Deduction,"1999
"
Jian Zhang,1680,360,hantao zhang,System Description: Generating Models by SEM,,Generic Model;,Conference on Automated Deduction,"1996
"
Jian Zhang,1681,360,sheng liu;binhai zhu,Volume Computation Using a Direct Monte Carlo Method,,Monte Carlo Method;,Computing and Combinatorics,"2007
"
Jian Zhang,1682,360,jun yan,Backtracking Algorithms and Search Heuristics to Generate Test Suites for Combinatorial Testing,,,International Computer Software and Applications Conference,"2006
"
Jian Zhang,1683,360,chen xu;s. c. cheung,Automatic Generation of Database Instances for White-box Testing,,Automatic Generation;,International Computer Software and Applications Conference,"2001
"
Jian Zhang,1684,360,hantao zhang,Constraint Propagation in Model Generation,,Constraint Propagation;Model Generation;,Principles and Practice of Constraint Programming,"1995
"
Jian Zhang,1685,360,s. c. cheung;samuel t. chanson,Stress Testing of Distributed Multimedia Software Systems,,Distributed Multimedia;Software Systems;Stress Testing;,Formal Techniques for Networked and Distributed Systems,"1999
"
Jian Zhang,1686,360,,Checking Inconsistency of Rule Sets in Active Real-Time Databases,,Real Time;,High-Assurance Systems,"2008
"
Jian Zhang,1687,360,xiangxue jia,Predicate-Oriented Isomorphism Elimination in Model Finding,"Finding models of logical formulas is a challenging problem. For rst-order formulas, a nite model can be found by exhaustive search. For many struc- tured problem instances, there is much isomor- phism in the search space. This paper proposes general-purpose techniques for eliminating isomor- phic subspaces, which can be helpful when the for- mulas have many predicates. The techniques are",Exhaustive Search;Search Space;,International Joint Conference on Artificial Intelligence,"2005
"
Jian Zhang,1688,360,hantao zhang,SEM: a System for Enumerating Models,"Model generation can be regarded as a spe­ cial case of the Constraint Satisfaction Problem (CSP). It has many applications in AI, com­ puter science and mathematics. In this paper, we describe SEM, a System for Enumerating fi­ nite Models of first-order many-sorted theories. To the best of our knowledge, SEM outperforms any other finite model generation system on many",Constraint Satisfaction Problem;Efficient Implementation;High Performance;Model Generation;First Order;,International Joint Conference on Artificial Intelligence,"1995
"
Jian Zhang,1689,360,jun yan;zhongjie li;yuan yuan;wei sun,BPEL4WS Unit Testing: Test Case Generation Using a Concurrent Path Analysis Approach,,Path Analysis;Test Case Generation;Unit Testing;,International Symposium on Software Reliability Engineering,"2006
"
Jian Zhang,1690,360,feifei ma,Finding Orthogonal Arrays Using Satisfiability Checkers and Symmetry Breaking Constraints,,Orthogonal Array;Satisfiability;Symmetry Breaking;,Pacific Rim International Conference on Artificial Intelligence,"2008
"
Jian Zhang,1691,360,wenhui zhang;zhuo huang,Parallel Execution of Stochastic Search Procedures on Reduced SAT Instances,,Stochastic Search;,Pacific Rim International Conference on Artificial Intelligence,"2002
"
Jian Zhang,1692,360,zhongxing xu,A Test Data Generation Tool for Unit Testing of C Programs,,Test Data Generation;Unit Testing;,International Conference on Quality Software,"2006
"
Jian Zhang,1693,360,zhongxing xu,Path and Context Sensitive Inter-procedural Memory Leak Detection,,Leak Detection;Procedural Memory;,International Conference on Quality Software,"2008
"
Jian Zhang,1694,360,,Symbolic Execution of Program Paths Involving Pointer and Structure Variables,,Symbolic Execution;,International Conference on Quality Software,"2004
"
Jian Zhang,1695,360,xiangxue jia;runming lu;sheng liu,Local lemma: a new strategy of pruning in SAT solvers,"This paper proposes a search tree pruning strategy for SAT solving. It is called Local Lemma, because it generates lemmas from explored subtrees and these lemmas are valid only in a part of the search tree. The paper explains the basic principle of the strategy, illustrates it with an example, and presents some experimental results.",Sat Solver;Search Trees;,ACM Symposium on Applied Computing,"2010
"
Jian Zhang,1696,360,,Automatic symmetry breaking method combined with SAT,"Finding models of first-order formulas is an important and challenging problem in computational logic. Many satisfiable formulas have finite models. To find a finite model of a first- order formula, one may use a backtracking search procedure directly, or transform the problem into propositional satisfiability. In the former approach, symmetries can be used effectively to prune the search space; while",Backtrack Search;Computational Logic;Hybrid Approach;Propositional Satisfiability;Satisfiability;Search Space;Symmetry Breaking;First Order;,ACM Symposium on Applied Computing,"2001
"
Jian Zhang,1697,360,zhuo huang;hantao zhang,Improving First-order Model Searching by Propositional Reasoning and Lemma Learning,"The finite model generation problem in the first-order logic is a generalization of the propositional satisfiability (SAT) problem. An essential algorithm for solving the problem is backtracking search. In this paper, we show how to improve such a search procedure by lemma learning. For eciency reasons, we represent the lemmas by propositional formulas and use a SAT solver to perform",Backtrack Search;Model Generation;Propositional Satisfiability;Sat Solver;First Order;First Order Logic;,Theory and Applications of Satisfiability Testing,"2004
"
Jian Zhang,1698,360,hui ruan;jun yan,Test Data Generation for C Programs with String-Handling Functions,,Test Data Generation;,Theoretical Aspects of Software Engineering,"2008
"
Jian Zhang,1699,360,,Finite Model Generation and Formal Specification Development,,Formal Specification;Model Generation;,Technology of Object-Oriented Languages and Systems,"1997
"
Jian Zhang,1700,360,,Constraint Solving and Symbolic Execution,,Constraint Solving;Symbolic Execution;,"Verified Software: Theories, Tools, Experiments","2005
"
Jian Zhang,1701,360,sheng liu,Retrieving and Matching RDF Graphs by Solving the Satisfiability Problem,,Satisfiability;,Web Intelligence,"2006
"
Jian Zhang,1702,360,wenhui zhang;naijun zhan;yidong shen;haiming chen;yunquan zhang;yongji wang;enhua wu;hongan wang;xueyang zhu,Basic research in computer science and software engineering at SKLCS,,Basic Research;Software Engineering;,Frontiers of Computer Science in China,"2008
"
Jian Zhang,1703,360,jun yan,An efficient method to generate feasible paths for basis path testing,,,Information Processing Letters,"2008
"
Jian Zhang,1704,360,,Constructing Finite Algebras with FALCON,,,Journal of Automated Reasoning,"1996
"
Jian Zhang,1705,360,jun yan,A backtracking search tool for constructing combinatorial test suites,,Backtrack Search;,Journal of Systems and Software,"2008
"
Jian Zhang,1706,360,s. c. cheung,Automated test case generation for the stress testing of multimedia systems,"With the advancement in network bandwidth and computing power, multimedia systems have become a popular means for information delivery. However, general principles of system testing cannot be directly applied to testing of multimedia systems on account of their stringent temporal and synchronization requirements. In particular, few studies have been made on the stress testing of multimedia systems with respect to",Automated Test Case Generation;Constraint Solving;Multimedia Systems;Stress Testing;Test Case Generation;Real Time Systems;,Software - Practice and Experience,"2002
"
Jian Zhang,1707,361,worapan kusakunniran;qiang wu;hongdong li,Automatic Gait Recognition Using Weighted Binary Pattern on Video,,Gait Recognition;,Advanced Video and Signal Based Surveillance,"2009
"
Jian Zhang,1708,361,sijun lu;david dagan feng,A Knowledge-Based Approach for Detecting Unattended Packages in Surveillance Video,,Knowledge Base;,Advanced Video and Signal Based Surveillance,"2006
"
Jian Zhang,1709,361,sijun lu;david dagan feng,An efficient method for detecting ghost and left objects in surveillance video,,,Advanced Video and Signal Based Surveillance,"2007
"
Jian Zhang,1710,361,tuan hue thi;sijun lu;li cheng;li wang,Human Body Articulation for Action Recognition in Video Sequences,,Action Recognition;Human Body;,Advanced Video and Signal Based Surveillance,"2009
"
Jian Zhang,1711,361,sijun lu;david dagan feng,Classification of Moving Humans Using Eigen-Features and Support Vector Machines,,Support Vector Machine;,Computer Analysis of Images and Patterns,"2005
"
Jian Zhang,1712,361,sakrapee paisitkriangkrai;tao mei;xian-sheng hua,Scalable clip-based near-duplicate video detection with ordinal measure,"Detection of duplicate or near-duplicate videos on large-scale database plays an important role in video search. In this paper, we analyze the problem of near-duplicates detection and propose a practical and effective solution for real-time large-scale video retrieval. Unlike many existing approaches which make use of video frames or key-frames, our solution is based on a more discriminative signature of",Color Histogram;Compression Ratio;Duplicate Detection;Indexation;Large Scale;Locality Sensitive Hashing;Satisfiability;Similarity Search;Video Database;Video Retrieval;Video Search;Average Precision;Real Time;,Conference on Image and Video Retrieval,"2010
"
Jian Zhang,1713,361,sakrapee paisitkriangkrai;chunhua shen,Efficiently training a better visual detector with sparse eigenvectors,,Eigenvectors;,Computer Vision and Pattern Recognition,"2009
"
Jian Zhang,1714,361,worapan kusakunniran;hongdong li,A Direct Method to Self-Calibrate a Surveillance Camera by Observing a Walking Pedestrian,"Recent efforts show that it is possible to calibrate a surveillance camera simply from observing a walking hu- man. This procedure can be seen as a special application of the camera self-calibration technique. Several methods have been proposed along this line, but most of them have certain restrictions, such as require the human walking at a constant speed, or require",Camera Calibration;Direct Method;Indexing Terms;Object Tracking;Video Surveillance;,Digital Image Computing: Techniques and Applications,"2009
"
Jian Zhang,1715,361,cheng luo;xiongcai cai,GATE: A Novel Robust Object Tracking Method Using the Particle Filtering and Level Set Method,,Object Tracking;Particle Filter;Level Set Method;,Digital Image Computing: Techniques and Applications,"2008
"
Jian Zhang,1716,361,cahya ong;sijun lu,An Approach for Enhancing the Results of Detecting Foreground Objects and Their Moving Shadows in Surveillance Video,,,Digital Image Computing: Techniques and Applications,"2008
"
Jian Zhang,1717,361,sakrapee paisitkriangkrai;chunhua shen,An Experimental Evaluation of Local Features for Pedestrian Classification,,Experimental Evaluation;Local Features;,Digital Image Computing: Techniques and Applications,"2007
"
Jian Zhang,1718,361,weihong wang;chunhua shen;sakrapee paisitkriangkrai,A Two-Layer Night-Time Vehicle Detector,,,Digital Image Computing: Techniques and Applications,"2009
"
Jian Zhang,1719,361,jun yang,Offline Swimmer Cap Tracking Using Trajectory Interpolation,,,Digital Image Computing: Techniques and Applications,"2007
"
Jian Zhang,1720,361,chunhua shen;sakrapee paisitkriangkrai,Face detection from few training examples,"Face detection in images is very important for many multimedia applications. Haar-like wavelet features have become dominant in face detection because of their tremendous success since Viola and Jones (1) proposed their AdaBoost based detection system. While Haar features' simplicity makes rapid computation possible, its dis- criminative power is limited. As a consequence, a large training dataset is required to",Face Detection;Indexing Terms;Multimedia Application;Object Recognition;Detection Rate;Fisher Discriminant Analysis;,International Conference on Image Processing,"2008
"
Jian Zhang,1721,361,sakrapee paisitkriangkrai;chunhua shen,An overview of fast pedestrian detection: Feature selection and cascade framework of boosted features,,Feature Selection;Pedestrian Detection;,International Conference on Multimedia Computing and Systems/International Conference on Multimedia and Expo,"2009
"
Jian Zhang,1722,361,worapan kusakunniran;qiang wu;hongdong li,Multi-view Gait Recognition Based on Motion Regression Using Multilayer Perceptron,,Gait Recognition;Multilayer Perceptron;,International Conference on Pattern Recognition,"2010
"
Jian Zhang,1723,361,sakrapee paisitkriangkrai;chunhua shen,An experimental study on pedestrian classification using local features,,Experimental Study;Local Features;,IEEE International Symposium on Circuits and Systems,"2008
"
Jian Zhang,1724,362,lining zhang;jin he;feng liu;yue fu;yan song;xing zhang,An analytic model for Ge/Si core/shell nanowire MOSFETs considering drift-diffusion and ballistic transport,,Analytical Model;Ballistic Transport;nanowires;Drift Diffusion;,International Symposium on Quality Electronic Design,"2009
"
Jian Zhang,1725,361,cheng luo;xiongcai cai,Robust object tracking using the particle filtering and level set methods: A comparative experiment,,Object Tracking;Particle Filter;Level Set Method;,Multimedia Signal Processing,"2008
"
Jian Zhang,1726,361,werayut saesue;chun tung chou,Hybrid frame-recursive block-based distortion estimation model for wireless video transmission,"In wireless environments, video quality can be severely degraded due to channel errors. Improving error robust- ness towards the impact of packet loss in error-prone network is considered as a critical concern in wireless video networking research. Data partitioning (DP) is an efficient error-resilient tool in video codec that is capable of reducing the effect of transmission errors by reorganizing",Compressed Video;Computational Complexity;Cross Correlation;Data Partitioning;Error Concealment;Error Resilience;Estimation Algorithm;Inter Symbol Interference;Intra Prediction;Motion Compensated;Network Traffic;Packet Loss;Performance Improvement;Quality of Service;Rate Distortion;Traffic Congestion;Transmission Error;Unequal Error Protection;Video Codec;Video Compression;Video Quality;Wireless Channels;Wireless Links;Wireless Video;Bit Error Rate;Time Varying;Variable Block Size;,Multimedia Signal Processing,"2008
"
Jian Zhang,1727,361,chunhua shen;sakrapee paisitkriangkrai,Efficiently Learning a Detection Cascade with Sparse Eigenvectors,"Real-time object detection has many applications in video surveillance, teleconference and multimedia retrieval etc. Since Viola and Jones (1) proposed the first real-time AdaBoost based face detection system, much effort has been spent on improving the boosting method. In this work, we first show that feature selection methods other than boosting can also be used for training an efficient object",Computational Efficiency;Data Distribution;Eigenvectors;Face Detection;Feature Selection;High Dimensional Data;Indexing Terms;Linear Discriminate Analysis;Multimedia Retrieval;Object Detection;Video Surveillance;Real Time;,Computing Research Repository,"2009
"
Jian Zhang,1728,361,sakrapee paisitkriangkrai;chunhua shen,Incremental Training of a Detector Using Online Sparse Eigen-decomposition,"The ability to efficiently and accurately detect objects plays a very crucial role for many computer vision tasks. Recently, offline object detectors have shown a tremendous success. However, one major drawback of offline techniques is that a complete set of training data has to be collected beforehand. In addition, once learned, an offline detector can not make use of newly",Classification Accuracy;Computer Vision;Data Distribution;Linear Discriminate Analysis;Object Detection;Online Algorithm;Online Learning;,Computing Research Repository,"2010
"
Jian Zhang,1729,361,sakrapee paisitkriangkrai;chunhua shen,Face Detection with Effective Feature Extraction,"There is an abundant literature on face detection due to its important role in many vision applications. Since Viola and Jones proposed the first real-time AdaBoost based face detector, Haar-like features have been adopted as the method of choice for frontal face detection. In this work, we show that simple features other than Haar-like features can also be applied for",Face Detection;Feature Extraction;Performance Improvement;Real Time;,Computing Research Repository,"2010
"
Jian Zhang,1730,361,sijun lu;david dagan feng,Detecting Ghost and Left Objects in Surveillance Video,,,International Journal of Pattern Recognition and Artificial Intelligence,"2009
"
Jian Zhang,1731,361,michael r. frater;john f. arnold;terence m. percival,MPEG 2 Video Services for Wireless ATM Networks,"Audio-visual and other multimedia services are seen as an important source of traffic for future telecommunications networks, including wireless networks. In this paper, we examine the impact of the properties of a 50 Mb/s asynchronous transfer mode (ATM)-based wireless local-area network (WLAN) on mov- ing picture experts group phase 2 (MPEG 2) compressed video traffic, with emphasis on the network's",Asynchronous Transfer Mode;Compressed Video;Error Resilience;Multimedia Services;Quality of Service;Telecommunication Networks;Transmission Error;Wireless Atm;Wireless Network;Audio Visual;Wireless Local Area Network;,IEEE Journal on Selected Areas in Communications,"1997
"
Jian Zhang,1732,362,wei bian;jin he;lining zhang;mansun chan,Sub-threshold behavior of long channel undoped cylindrical surrounding-gate MOSFETs,,,Microelectronics Reliability,"2009
"
Jian Zhang,1733,361,sijun lu;david dagan feng,Detecting unattended packages through human activity recognition and object association,,Human Activity Recognition;,Pattern Recognition,"2007
"
Jian Zhang,1734,361,sakrapee paisitkriangkrai;chunhua shen,Fast Pedestrian Detection Using a Cascade of Boosted Covariance Features,"Efficiently and accurately detecting pedestrians plays a very important role in many computer vision applications such as video surveillance and smart cars. In order to find the right feature for this task, we first present a comprehensive experimental study on pedestrian detection using state-of-the- art locally extracted features (local receptive fields, histogram of oriented gradients and region covariance). Building upon",Computer Vision;Environmental Conditions;Euclidean Space;Experimental Study;Feature Extraction;Feature Selection;Indexing Terms;Object Detection;Pattern Classification;Pedestrian Detection;Receptive Field;riemannian manifold;Support Vector Machine;Video Surveillance;Fisher Linear Discriminant Analysis;Histograms of Oriented Gradients;,IEEE Transactions on Circuits and Systems for Video Technology,"2008
"
Jian Zhang,1735,361,michael r. frater;john f. arnold,A cell-loss concealment technique for MPEG2 coded video,"Audio-visual and other multimedia services are seen as important sources of traffic for future telecommunication net- works, including wireless networks. A major drawback with some wireless networks is that they introduce a significant number of transmission errors into the digital bitstream. For video, such er- rors can have the effect of degrading the quality of service to the point where",Atm Networks;Computational Efficiency;Data Structure;Multimedia Services;Quality Improvement;Quality of Service;Transmission Error;Video Quality;Wireless Network;Audio Visual;Cell Loss Rate;,IEEE Transactions on Circuits and Systems for Video Technology,"2000
"
Jian Zhang,1736,363,rong yan;jie yang;alexander g. hauptmann,A Discriminative Learning Framework with Pairwise Constraints for Video Object Classification,,Discrimination Learning;Video Object;,IEEE Transactions on Pattern Analysis and Machine Intelligence,"2006
"
Jian Zhang,1737,364,tiancheng li;ninghui li,Modeling and Integrating Background Knowledge in Data Anonymization,"Recent work has shown the importance of consid- ering the adversary's background knowledge when reasoning about privacy in data publishing. However, it is very difficu lt for the data publisher to know exactly the adversary's back- ground knowledge. Existing work cannot satisfactorily model background knowledge and reason about privacy in the presence of such knowledge. This paper presents a general",Background Knowledge;bayesian inference;Kernel Estimate;Negative Association;Privacy Protection;,International Conference on Data Engineering,"2009
"
Jian Zhang,1738,363,rong jin;rong yan;alexander g. hauptmann,A Faster Iterative Scaling Algorithm for Conditional Exponential Model,"Conditional exponential model has been one of the widely used conditional models in machine learning field and improved iterative scaling (IIS) has been one of the major algorithms for finding the optimal parameters for the conditional exponential model. In this paper, we proposed a faster iterative algorithm named FIS that is able to find the optimal parameters faster than the",Conditional Model;Conjugate Gradient;Empirical Study;Exponential Model;Iterative Algorithm;Learning Algorithm;Machine Learning;Text Classification;Theoretical Analysis;,International Conference on Machine Learning,"2003
"
Jian Zhang,1739,363,rong jin,A smoothed boosting algorithm using probabilistic output codes,"AdaBoost.OC has shown to be an effective method in boosting ""weak"" binary classifiers for multi-class learning. It employs the Error Correcting Output Code (ECOC) method to convert a multi-class learning problem into a set of binary classification problems, and ap- plies the AdaBoost algorithm to solve them efficiently. In this paper, we propose a new boosting algorithm that improves the",Binary Classification;Error Correcting Output Code;General Binaries;Learning Problems;,International Conference on Machine Learning,"2005
"
Jian Zhang,1740,364,han liu;mark palatucci,"Blockwise coordinate descent procedures for the multitask lasso, with applications to neural semantic basis discovery",We develop a cyclical blockwise coordinate descent algorithm for the multi-task Lasso that eciently solves problems with thou- sands of features and tasks. The main result shows that a closed-form Winsorization op- erator can be obtained for the sup-norm pe- nalized least squares regression. This allows the algorithm to nd solutions to very large- scale problems far more eciently than,Large-scale Problem;Least Square;,International Conference on Machine Learning,"2009
"
Jian Zhang,1741,363,rong jin;yiming yang;alexander g. hauptmann,Modified Logistic Regression: An Approximation to SVM and Its Applications in Large-Scale Text Categorization,,Large Scale;Logistic Regression;Text Categorization;,,"2003
"
Jian Zhang,1742,363,yiming yang,Probabilistic score estimation with piecewise logistic regression,"Well-calibrated probabilities are necessary in many applications like probabilistic frameworks or cost-sensitive tasks. Based on previous success of asymmetric Laplace method in calibrating text classifiers' scores, we propose to use piecewise logistic regression, which is a simple extension of standard logistic regression, as an alternative method in the discriminative family. We show that both methods have the flexibility to be",Logistic Regression;Naive Bayes;piecewise linear;Text Categorization;,International Conference on Machine Learning,"2004
"
Jian Zhang,1743,363,rong yan,On the value of pairwise constraints in classification and consistency,"In this paper we consider the problem of classification in the presence of pairwise con- straints, which consist of pairs of examples as well as a binary variable indicating whether they belong to the same class or not. We propose a method which can effectively uti- lize pairwise constraints to construct an esti- mator of the decision boundary, and we",,International Conference on Machine Learning,"2007
"
Jian Zhang,1744,363,rong yan,Transfer Learning Using Task-Level Features with Application to Information Retrieval,"We propose a probabilistic transfer learning model that uses task-level features to control the task mix- ture selection in a hierarchical Bayesian model. These task-level features, although rarely used in existing approaches, can provide additional infor- mation to model complex task distributions and allow effective transfer to new tasks especially when only limited number of data are available. To estimate",Empirical Bayes Method;hierarchical bayesian model;Information Retrieval;Model Complexity;Transfer Learning;In Formation Retrieval;,International Joint Conference on Artificial Intelligence,"2009
"
Jian Zhang,1745,363,yiming yang;jaime g. carbonell;chun jin,Topic-conditioned novelty detection,"Automated detection of the first document reporting each new event in temporally-sequenced streams of documents is an open challenge. In this paper we propose a new approach which addresses this problem in two stages: 1) using a supervised learning algorithm to classify the on-line document stream into pre-defined broad topic categories, and 2) performing topic-conditioned novelty detection for documents in",Feature Selection;Named Entity;Novelty Detection;Supervised Learning;Text Classification;Broadcast News;,Knowledge Discovery and Data Mining,"2002
"
Jian Zhang,1746,363,zoubin ghahramani;yiming yang,A Probabilistic Model for Online Document Clustering with Application to Novelty Detection,"In this paper we propose a probabilistic model for online document clus- tering. We use non-parametric Dirichlet process prior to model the grow- ing number of clusters, and use a prior of general English language model as the base distribution to handle the generation of novel clusters. Furthermore, cluster uncertainty is modeled with a Bayesian Dirichlet- multinomial distribution. We use",Dirichlet Process Prior;Document Clustering;Empirical Bayes Method;English Language;Multinomial Distribution;Novelty Detection;Number of Clusters;Probabilistic Model;Topic Detection and Tracking;,Neural Information Processing Systems,"2004
"
Jian Zhang,1747,363,zoubin ghahramani;yiming yang,Learning Multiple Related Tasks using Latent Independent Component Analysis,"We propose a probabilistic model based on Independent Component Analysis for learning multiple related tasks. In our model t he task pa- rameters are assumed to be generated from independent sources which account for the relatedness of the tasks. We use Laplace distributions to model hidden sources which makes it possible to identify the hidden, independent components instead of just",Efficient Algorithm;Independent Component Analysis;Laplace Distribution;Point Estimation;Probabilistic Model;Text Classification;Independent Component;,Neural Information Processing Systems,"2005
"
Jian Zhang,1748,363,yiming yang;bryan kisiel,A scalability analysis of classifiers in text categorization,"Real-world applications of text categorization often require a system to deal with tens of thousands of categories defined over a large taxonomy. This paper addresses the problem with respect to a set of popular algorithms in text categorization, including Support Vector Machines, k-nearest neighbor, ridge regression, linear least square fit and logistic regression. By providing a formal analysis of the",Complexity Analysis;Computational Complexity;Formal Analysis;K Nearest Neighbor;Logistic Regression;Real World Application;Ridge Regression;Support Vector Machine;Text Categorization;Linear Least Squares Fit;Power Law;,,"2003
"
Jian Zhang,1749,363,yiming yang,Robustness of regularized linear classification methods in text categorization,"Real-world applications often require the classification of documents under situations of small number of features, mis-labeled documents and rare positive examples. This paper investigates the robustness of three regularized linear classification methods (SVM, ridge regression and logistic regression) under above situations. We compare these methods in terms of their loss functions and score distributions, and establish the connection between their",Controlled Experiment;Generalization Error;Logistic Regression;Loss Function;Optimization Problem;Real World Application;Ridge Regression;Text Categorization;,,"2003
"
Jian Zhang,1750,364,tiancheng li;ninghui li;ian molloy,Slicing: A New Approach to Privacy Preserving Data Publishing,"Several anonymization techniques, such as generalization and bucketization, have been designed for privacy preserving microdata publishing. Recent work has shown that general- ization loses considerable amount of information, especially for high-dimensional data. Bucketization, on the other hand, does not prevent membership disclosure and does not apply for data that do not have a clear separation between quasi- identifying attributes and",High Dimensional Data;Privacy Preservation;,Computing Research Repository,"2009
"
Jian Zhang,1751,365,sujian li;huang xiong;shuo bai;qun liu,Semantic Computation in a Chinese Question-Answering System,"Abstract  This ,paper  introduces  semantic  computation ,into  our  Chinese  Question-Answering  system.  Based on two kinds of language resources hownet and Cilin, we present an approach to compute the  similarity  and  relevancy  between  words.   Using  these  results,  we  can  calculate  the  relevancy between,two sentences and then get the optimal answer for the query in the system. The calculation adopts quantitative methods",Language Resources;Natural Language Processing;Quantitative Method;Question Answering;Question Answering System;Satisfiability;,Journal of Computer Science and Technology,"2002
"
Jian Zhang,1752,363,rong jin,Multi-Class Learning by Smoothed Boosting,,,Machine Learning,"2007
"
Jian Zhang,1753,363,zoubin ghahramani;yiming yang,Flexible latent variable models for multitask learning,,hierarchical bayesian model;Latent Variable Model;Model Selection;Multi Task Learning;Transfer Learning;,Machine Learning,"2008
"
Jian Zhang,1754,363,rong yan;jie yang;alexander g. hauptmann,A Discriminative Learning Framework with Pairwise Constraints for Video Object Classification,,Discrimination Learning;Video Object;,IEEE Transactions on Pattern Analysis and Machine Intelligence,"2006
"
Jian Zhang,1755,364,joan feigenbaum,Finding highly correlated pairs efficiently with powerful pruning,"We consider the problem of finding highly correlated pairs in a large data set. That is, given a threshold not too small, we wish to report all the pairs of items (or binary attributes) whose (Pearson) correlation coefficients are greater than the threshold. Correlation analysis is an important step in many statistical and knowledge-discovery tasks. Normally, the number of highly",Correlation Analysis;Correlation Coefficient;General Methods;Knowledge Discovery;Large Data Sets;Massive Data Sets;Randomized Algorithm;Statistical Computing;Time Complexity;False Negative;,International Conference on Information and Knowledge Management,"2006
"
Jian Zhang,1756,364,joan feigenbaum;sampath kannan;andrew mcgregor;siddharth suri,On Graph Problems in a Semi-streaming Model,"We formalize a potentially rich new streaming model, the semi-streaming model, that we believe is necessary for the fruitful study of ecient algorithms for solving problems on massive graphs whose edge sets cannot be stored in memory. In this model, the input graph, G = (V,E), is presented as a stream of edges (in adversarial order), and the storage space",Approximate Algorithm;Weighted Graph;Lower Bound;,International Congress of Mathematicans,"2004
"
Jian Zhang,1757,365,,Co-clustering by similarity refinement,"When a data set contains objects of multiple types, to cluster the objects of one type, it is often necessary to consider the cluster structure on the objects of the other types. Co-clustering the related objects often generates bet- ter clusters. One basic connectionhere is that the similarity among the objects of one type is often affected by the clus-",Bipartite Graph;Document Clustering;Similarity Measure;,International Conference on Machine Learning and Applications,"2007
"
Jian Zhang,1758,364,jennifer rexford;joan feigenbaum,Learning-based anomaly detection in BGP updates,"Detecting anomalous BGP-route advertisements is crucial for improving the security and robustness of the Internet's interdomain-routing system. In this paper, we propose an instance-learning framework that identifies anomalies based on deviations from the ""normal"" BGP-update dynamics for a given destination prefix and across prefixes. We employ wavelets for a systematic, multi-scaled analysis that avoids the ""magic numbers"" (e.g., for grouping",Anomaly Detection;Instance Based Learning;interdomain routing;multi-scale analysis;,,"2005
"
Jian Zhang,1759,364,michael elkin,"Efficient algorithms for constructing (1+, varepsilon;, beta)-spanners in the distributed and streaming models",,Efficient Algorithm;,Symposium on Principles of Distributed Computing,"2004
"
Jian Zhang,1760,365,phillip a. porras;johannes ullrich,Gaussian Process Learning for Cyber-Attack Early Warning,"Network security has been a serious concern for many years. For example, flrewalls often record thousands of exploit attempts on a daily basis. Network adminis- trators could beneflt from information on potential ag- gressive attack sources, as such information can help to proactively defend their networks. For this pur- pose, several large-scale information sharing systems have been established, in which",Early Warning;Information Sharing;Large Scale;Network Security;Gaussian Process;,Statistical Analysis and Data Mining,"2008
"
Jian Zhang,1761,364,joan feigenbaum;sampath kannan;andrew mcgregor;siddharth suri,Graph distances in the streaming model: the value of space,"We investigate the importance of space when solving problems based on graph distance in the streaming model. In this model, the input graph is presented as a stream of edges in an arbitrary order. The main computational restriction of the model is that we have limited space and therefore cannot store all the streamed data; we are forced to make",Decision Problem;General Techniques;Randomized Algorithm;Streaming Algorithm;Lower Bound;,Symposium on Discrete Algorithms,"2005
"
Jian Zhang,1762,365,phillip a. porras;johannes ullrich,Highly Predictive Blacklisting,"The notion of blacklisting communication sources has been a well-established defensive measure since the ori- gins of the Internet community. In particular, the prac- tice of compiling and sharing lists of the worst offenders of unwanted traffic is a blacklisting strategy that has re- mained virtually unquestioned over many years. But do the individuals who incorporate such blacklists into their",Data Center;Link Analysis;Pattern Matching;Relevance Ranking;,USENIX Security Symposium,"2008
"
Jian Zhang,1763,364,joan feigenbaum;sampath kannan,Computing Diameter in the Streaming and Sliding-Window Models,"Abstract We investigate the diameter problem in the streaming and sliding- window models. We show that, for a stream of n points or a sliding window of size n, any exact algorithm for diameter requires ( n) bits of space. We present a simple -approximationDept. Computer and Information Science, University of Pennsylvania, Philadelphia, PA 19104, USA; Tel: +1-215-898-9514; Fax: +1-215-898-0587;",Approximate Algorithm;Data Stream;Exact Algorithm;Sliding Window;Informing Science;,Algorithmica,"2004
"
Jian Zhang,1764,364,michael elkin,"Efficient algorithms for constructing (1+epsilon, beta)-spanners in the distributed and streaming models",,Efficient Algorithm;,Distributed Computing,"2006
"
Jian Zhang,1765,366,l. f. abbott,Gain modulation of recurrent networks,"Gain modulation is an important mechanism by which attentional and other inputs modify the amplitude of neuronal responses without changing their selectivity. Gain modulation has been studied previously in feedforward circuits but not in recurrent neural networks. We show how gain modulation modi""es the response of a recurrent network to feedforward inputs. Even modest gain modulation of the recurrent network",Recurrent Network;Recurrent Neural Network;,Neurocomputing,"2000
"
Jian Zhang,1766,364,joan feigenbaum;sampath kannan;andrew mcgregor;siddharth suri,Graph Distances in the Data-Stream Model,We explore problems related to computing graph distances in the data-stream model. The goal is to design algorithms that can process the edges of a graph in an arbitrary order given only a limited amount of working memory. We are motivated by both the practical challenge of processing massive graphs such as the web graph and the desire for a,Data Stream;General Techniques;Graph Algorithm;Streaming Algorithm;Web Graph;Working Memory;Lower Bound;,Siam Journal on Computing,"2008
"
Jian Zhang,1767,364,joan feigenbaum;sampath kannan;andrew mcgregor;siddharth suri,On graph problems in a semi-streaming model,,,Theoretical Computer Science,"2005
"
Jian Zhang,1768,367,jaeseok kim;mazin s. yousif;robert carpenter;renato j. o. figueiredo,System-level performance phase characterization for on-demand resource provisioning,,,Cluster Computing,"2007
"
Jian Zhang,1769,367,renato j. o. figueiredo,Autonomic Feature Selection for Application Classification,"Abstract—Application,classification techniques,based on mon- itoring and learning of resource usage (e.g. CPU, memory, disk and,network) have been proposed,to aid in resource,scheduling decisions. An,important,problem,that,arises in application classifiers is how,to decide which subset of numerous,performance metrics collected from,monitoring,tools should,be used for the classification. This paper presents an approach,based on a prob- abilistic model,(Bayesian Network) to systematically,select the representative performance features, which can",Classification Accuracy;Feature Selection;Performance Metric;Resource Scheduling;Source Code;Virtual Machine;bayesian network;,International Conference on Autonomic Computing,"2006
"
Jian Zhang,1770,367,mazin s. yousif;robert carpenter;renato j. o. figueiredo,Application Resource Demand Phase Analysis and Prediction in Support of Dynamic Resource Provisioning,"Profiling the execution phases of an application can lead to optimizing the utilization of the underlying resources. This is the thrust of this paper, which presents a novel system-level application resource demand phase analysis and prediction prototype to support on-demand resource provisioning. The phase profile learned from historical runs is used to classify and predict phase behavior using a set",Phase Analysis;Phase Behavior;Service Level Agreement;,International Conference on Autonomic Computing,"2007
"
Jian Zhang,1771,367,renato j. o. figueiredo,Application classification through monitoring and learning of resource consumption patterns,Application awareness is an important factor of efficient resource scheduling. This paper introduces a novel ap- proach for application classification based on the Principal Component Analysis (PCA) and the k-Nearest Neighbor (k- NN) classifier. This approach is used to assist scheduling in heterogeneous computing environments. It helps to re- duce the dimensionality of the performance feature space and classify applications,Component Analysis;Feature Selection;Feature Space;Grid Applications;Grid Computing;Heterogeneous Computing;K Nearest Neighbor;Load Balance;Performance Metric;Principal Component Analysis;Resource Allocation;Resource Availability;Resource Scheduling;Scientific Application;Source Code;Virtual Machine;Multi Dimensional;,International Parallel and Distributed Processing Symposium/International Parallel Processing Symposium,"2006
"
Jian Zhang,1772,367,renato j. o. figueiredo,Adaptive Predictor Integration for System Performance Prediction,,System Performance;,International Parallel and Distributed Processing Symposium/International Parallel Processing Symposium,"2007
"
Jian Zhang,1773,367,ivan krsul;arijit ganguly;josé a. b. fortes;renato j. o. figueiredo,VMPlants: Providing and Managing Virtual Machine Execution Environments for Grid Computing,"Virtual machines provide flexible, powerful execution environments for Grid computing, offering isolation and security mechanisms complementary to operating systems, customization and encapsulation of entire application environments, and support for legacy applications. This paper describes a Grid service ¿ VMPlant ¿ that provides for automated configuration and creation of flexible VMs that, once configured to meet application needs, can then subsequently",Graph Matching;Grid Applications;Grid Computing;Grid Service;Middleware;Operating System;Problem Solving Environment;Resource Manager;Virtual Machine;Execution Environment;,Supercomputing Conference,"2004
"
Jian Zhang,1774,367,renato j. o. figueiredo,Learning-aided predictor integration for system performance prediction,,System Performance;,Cluster Computing,"2007
"
Jian Zhang,1775,367,sumalatha adabala;vineet chadha;puneet chawla;renato j. o. figueiredo;josé a. b. fortes;ivan krsul;andréa m. matsunaga;maurício o. tsugawa;ming zhao;liping zhu;xiaomin zhu,From virtualized resources to virtual computing grids: the In-VIGO system,"This paper describes the architecture of the first implementation of the In-VIGO grid-computing system. The architecture is designed to support computational tools for engineering and science research In Virtual Information Grid Organizations (as opposed to in vivo or in vitro experimental research). A novel aspect of In-VIGO is the extensive use of virtualization technol- ogy, emerging standards for grid-computing and",Computational Grid;Experimental Research;Grid Computing;Middleware;Network Computing;Polymorphism;Virtual Machine;,Future Generation Computer Systems,"2005
"
Jian Zhang,1776,368,chaomei chen;michael s. e. vogeley,Reflections on the Interdisciplinary Collaborative Design of Mapping the Universe,,Interdisciplinary Collaboration;,Human-Computer Interaction,"2009
"
Jian Zhang,1777,368,chaomei chen;weizhong zhu;michael s. e. vogeley,Delineating the citation impact of scientific discoveries,"Identifying the significance of specific concepts in the diffusion of scientific knowledge is a challenging issue concerning many theoretical and practical areas. We introduce an innovative visual analytic approach to integrate microscopic and macroscopic perspectives of a rapidly growing scientific knowledge domain. Specifically, our approach focuses on statistically unexpected phrases extracted from unstructured text of titles and abstracts at the",Digital Library;Domain Specificity;Google Earth;Indexation;Knowledge Diffusion;Performance Indicator;Scientific Discovery;Scientific Knowledge;Social Network;Visual Analytics;Decision Tree;Sloan Digital Sky Survey;Top Down;,ACM/IEEE Joint Conference on Digital Libraries,"2007
"
Jian Zhang,1778,368,chaomei chen,Collaboration in an Open Data eScience: A Case Study of Sloan Digital Sky Survey,"Current science and technology has produced more and more publically accessible scientific data. However, little is known about how the open data trend impacts a scientific community, specifically in terms of its collaboration behaviors. This paper aims to enhance our understanding of the dynamics of scientific collaboration in the open data eScience environment via a case study of co-author networks",Case Study;Collaborative Networks;Random Networks;Science and Technology;Scientific Communication;Scientific Data;Small World Network;Sloan Digital Sky Survey;,Computing Research Repository,"2010
"
Jian Zhang,1779,368,chaomei chen;michael s. e. vogeley,Making Sense of the Evolution of a Scientific Domain: A Visual Analytic Study of the Sloan Digital Sky Survey Research,"We introduce a new visual analytic approach to the study of scientific discoveries and knowledge diffusion. Our approach enhances contemporary co-citation network analysis by enabling analysts to identify co-citation clusters of cited references intuitively, synthesize thematic contexts in which these clusters are cited, and trace how research focus evolves over time. The new approach integrates and streamlines a few previously",Feature Selection;Heterogeneous Data Sources;Knowledge Diffusion;Network Analysis;Science Policy;Scientific Discovery;Sense Making;Spectral Clustering;Visual Analysis;Visual Analytics;Sloan Digital Sky Survey;,Scientometrics,"2010
"
Jian Zhang,1780,368,chaomei chen;michael s. e. vogeley,The Use of Scientific Data: A Content Analysis,"Nowadays, science has been coming into a new paradigm, called data-intensive science. While current studies of the new phenomenon focused on building up infrastructure for this new paradigm, yet a few studies concern users of scientific data, particularly their usage practices in the newly emerging paradigm, even though the importance of understanding users' work flow and practices has been summoned.",Content Analysis;Large Scale;Scientific Data;Sloan Digital Sky Survey;,Computing Research Repository,"2010
"
Jian Zhang,1781,368,chaomei chen;il-yeol song;xiaojun yuan,The thematic and citation landscape of Data and Knowledge Engineering,"abstract The thematic,and,citation structures,of Data and Knowledge,Engineering,(DKE) (1985–2007)",Knowledge Engineering;,Data & Knowledge Engineering,"2008
"
Jian Zhang,1782,368,hsinchun chen;ronald n. kostoff;chaomei chen;michael s. e. vogeley;katy börner;nianli ma;russell j. duhon;angela zoss;venkat srinivasan;edward a. fox;christopher c. yang;chih-ping wei,AI and Global Science and Technology Assessment,,Science and Technology;,IEEE Expert / IEEE Intelligent Systems,"2009
"
Jian Zhang,1783,368,chaomei chen;jiexun li,Visualizing the Intellectual Structure with Paper-Reference Matrices,"Abstract—Visualizing the intellectual structure of scientific domains,using co-cited units such,as references,or authors has become aroutine for  domain  analysis.  In  previous  studies,  paper-reference  matrices  are  usually  transformed  into  reference-reference  matrices to obtain co-citation relationships, which are then visualized in different representations,typically as node-link networks, to represent the intellectual structures of scientific domains. Such network visualizations sometimes contain tightly knit components, which",Domain Analysis;Indexing Terms;Information Sources;Information Visualization;Network Visualization;Visual Analysis;Sloan Digital Sky Survey;,IEEE Transactions on Visualization and Computer Graphics,"2009
"
Jian Zhang,1784,369,xiaohui yuan;xiaojing yuan;bill p. buckles,Low Level Fusion of Imagery Based on Dempster-Shafer Theory,"An approach to fuse multiple images based on Dempster-Shafer evidential reasoning is proposed in this article. Dempster-Shafer theory provides a com- plete framework for combining weak evidences from multiple sources. Such situations typically arise in the image fusion problems, where a 'real scene' image has to be estimated from incomplete and unreliable observa- tions. By converting images from their spatial",dempster shafer theory;Evidential Reasoning;Image Fusion;dempster shafer;,The Florida AI Research Society Conference,"2003
"
Jian Zhang,1785,369,xiaohui yuan;bill p. buckles,Sample Complexity of Real-Coded Evolutionary Algorithms,"Researchers studying Evolutionary Algorithms and their applications have always been confronted with the sample complexity problem. The relationship between population size and global convergence is not clearly understood. Population size is usually chosen depend- ing on researcher's experience. In this paper, we study the population size using Probably Approximately Cor- rect (PAC) learning theory. A ruggedness measure for fitness functions",Evolutionary Algorithm;Fitness Function;Global Convergence;Pac Learning;Population Size;Sample Complexity;Sampling Theorem;,The Florida AI Research Society Conference,"2003
"
Jian Zhang,1786,369,xiaohui yuan;bill p. buckles,Multimodal Function Optimization Using Local Ruggedness Information,"In multimodal function optimization, niching tech- niques create diversification within the population, thus encouraging heterogeneous convergence. The key to the effective diversification is to identify the similarity among individuals. Without knowledge of the fitness landscape, it is usually determined by uninformative as- sumptions. In this article, we propose a method to esti- mate the sharing distance for niching and the",Evolutionary Algorithm;Fitness Landscape;Function Optimization;Pac Learning;Population Size;Probably Approximately Correct;,The Florida AI Research Society Conference,"2004
"
Jian Zhang,1787,369,xiaohui yuan;bill p. buckles,A Fast Evolution Strategies Based Approach To Image Registration,,Evolution Strategy;Image Registration;,Genetic and Evolutionary Computation Conference,"2002
"
Jian Zhang,1788,369,xiaohui yuan;bill p. buckles,Population Sizing Based on Landscape Feature,,Population Size;,Genetic and Evolutionary Computation Conference,"2003
"
Jian Zhang,1789,369,xiaohui yuan;bill p. buckles;zhaoshan yuan,Mining negative association rules,"The focus of this paper is the discovery of negative association rules. Such association rules are complementary to the sorts of association rules most often encountered in literatures and have the forms of X→¬Y or ¬X→ Y. We present a rule discovery algorithm that finds a useful subset of valid negative rules. In generating negative rules, we employ a hierarchical",Association Rule;Negative Association;Rule Discovery;,International Symposium on Computers and Communications,"2002
"
Jian Zhang,1790,369,xiaohui yuan;bill p. buckles,Function Granularity Estimation for Multimodal Optimization,,,International Journal on Artificial Intelligence Tools,"2005
"
Jian Zhang,1791,369,xiaohui yuan;bill p. buckles,Evolution strategies based image registration via feature matching,"An image registration approach using evolution strategies is presented. The objectives of registration are to find an accurate transformation and minimize the computational expense. However, it is difficult to optimize both concurrently. Moreover, most conventional image registration approaches are unsuccessful in registering images requiring large transformations due to the computational constraints. In this article, we propose a novel method that",Evolution Strategy;Feature Extraction;Feature Matching;Image Registration;Mutual Information;,Information Fusion,"2004
"
Jian Zhang,1792,369,xiaojing yuan;xiaohui yuan;bill p. buckles,Multi-scale feature identification using evolution strategies,"Abstract An image usually contains a number of different features and regions. Many image-related applications, such as content-based image retrieval and MRI-based diagnosis, often require the ability to identify and mark features within the image. For images containing a specific sort of feature (e.g. convective storm) or region (e.g. earthquake debris), that feature or region is always located adjacent to",Content Based Image Retrieval;Evolution Strategy;Evolutionary Computing;Fitness Function;gabor filter;Optimal Algorithm;,Image and Vision Computing,"2005
"
Jian Zhang,1793,370,faming liang,Learning Bayesian networks for discrete data,"Bayesian networks have received much attention in the recent literature. In this article, we propose an approach to learn Bayesian networks using the stochastic approximation Monte Carlo (SAMC) algorithm. Our approach has two nice features. Firstly, it possesses the self-adjusting mechanism and thus avoids essentially the local-trap problem suered by conventional MCMC simulation-based approaches in learning Bayesian networks. Secondly, it",Approaches To Learning;bayesian model averaging;Discrete Data;Importance Sampling;Learning Process;Markov Chain Monte Carlo;Monte Carlo;Stochastic Approximation;bayesian network;Weighted Averaging;,Computational Statistics & Data Analysis,"2009
"
Jian Zhang,1794,371,,Analysis of Information Content for Biological Sequences,,Information Content;,Journal of Computational Biology,"2003
"
Jian Zhang,1795,372,zhiyuan zhao;jennifer evershed;guoying li,Monophyletic clustering and characterization of protein families,Summary,Protein Family;,Journal of Integrative Bioinformatics,"2007
"
Jian Zhang,1796,373,chunmei wang;junzhong zou;zhisuo zhang;chongming zhang,Classifying Detection of Epileptic EEG Based on Approximate Entropy in Wavelet Domain,,,International Conference on BioMedical Engineering and Informatics,"2009
"
