author,pid,label,coauthor,title,abstract,keywords,venue,year
Jun Yang,2246,457,adam silberstein;gregory filpus;kamesh munagala,Data-Driven Processing in Sensor Networks,"ABSTRACT Wireless sensor networks are poised to enable continuous data col- lection on unprecedented scales, in terms of area location and size, and frequency. This is a great boon to elds,such as ecological modeling. We are collaborating with researchers to build sophisti- cated temporal and spatial models of forest growth, utilizing a va- riety of measurements. There exists a crucial",Active Network;Data Collection;Ecological Model;Forest Growth;Network Monitoring;Sensor Network;Spatial Model;Base Station;Wireless Sensor Network;,Conference on Innovative Data Systems Research,"2007
"
Jun Yang,2247,457,hao he;haixun wang;philip s. yu,Compact reachability labeling for graph-structured data,"Testing reachability between nodes in a graph is a well-known problem with many important applications, including knowledge representation, program analysis, and more recently, biological and ontology databases inferencing as well as XML query processing. Various approaches have been proposed to encode graph reachability information using node labeling schemes, but most existing schemes only work well for specific types of graphs.",Knowledge Representation;Labeling Scheme;Program Analysis;Strongly Connected Component;Structured Data;Transitive Closure;Xml Query Processing;,International Conference on Information and Knowledge Management,"2005
"
Jun Yang,2248,457,badrish chandramouli;amin vahdat,Distributed Network Querying with Bounded Approximate Caching,"As networks continue to grow in size and complexity, dis- tributed network monitoring and resource querying are becoming in- creasingly difficult. Our aim is to design, build, and evaluate a scalable infrastructure for answering queries over distributed measurements, at reduced costs (in terms of both network traffic and query latency) while maintaining required precision. In this infrastructure, each network node",Distributed Hash Table;Distributed Networks;Large Scale;Network Monitoring;Network Traffic;Recursive Partitioning;,Database Systems for Advanced Applications,"2006
"
Jun Yang,2249,457,pankaj k. agarwal;lars arge;ke yi,I/O-Efficient Structures for Orthogonal Range-Max and Stabbing-Max Queries,"We develop several linear or near-linear space and I/O- ecient dynamic data structures for orthogonal range-max queries and stabbing-max queries. Given a set of N weighted points in d, the range- max problem asks for the maximum-weight point in a query hyper- rectangle. In the dual stabbing-max problem, we are given N weighted hyper-rectangles, and we wish to nd the",Dynamic Data Structure;Linear Space;,European Symposium on Algorithms,"2003
"
Jun Yang,2250,457,kamesh munagala;hai yu,Online View Maintenance Under a Response-Time Constraint,"A materialized view is a certain synopsis structure precomputed from one or more data sets (called base tables) in order to facilitate various queries on the data. When the underlying base tables change, the materialized view also needs to be updated accordingly to reect those changes. We consider the prob- lem of batch-incrementally maintaining a materialized view under a response-",Competitive Ratio;Cost Function;Maintenance Cost;Materialized Views;Online Algorithm;Time Constraint;,European Symposium on Algorithms,"2005
"
Jun Yang,2251,457,paul g. flikkema;pankaj k. agarwal;james s. clark;carla schlatter ellis;alan gelfand;kamesh munagala,Model-Driven Dynamic Control of Embedded Wireless Sensor Networks,"Next-generation wireless sensor networks may revolution- ize understanding of environmental change by assimilating heteroge- neous data, assessing the relative value and costs of data collection, and scheduling activities accordingly. Thus, they are dynamic, data-driven distributed systems that integrate sensing with modeling and prediction in an adaptive framework. Integration of a range of technologies will al- low estimation of the value",Data Collection;Distributed System;Dynamic Control;Environmental Change;Sensor Network;Wireless Network;Wireless Sensor Network;,International Conference on Computational Science,"2006
"
Jun Yang,2252,457,paul g. flikkema;pankaj k. agarwal;james s. clark;carla schlatter ellis;alan gelfand;kamesh munagala,From Data Reverence to Data Relevance: Model-Mediated Wireless Sensing of the Physical Environment,"Wireless sensor networks can be viewed as the integration of three subsystems: a low-impact in situ data acquisition and collection system, a system for inference of process models from observed data and ap rioriinformation, and a system that controls the observation and collection. Each of these systems is connected by feedforward and feed- back signals from the others; moreover, each",Data Acquisition;Ecosystem Processes;Network Computing;Physical Environment;Process Model;Relevance Model;Soil Moisture;Wireless Sensing;Wireless Sensor Network;,International Conference on Computational Science,"2007
"
Jun Yang,2253,457,badrish chandramouli;christopher n. bond;shivnath babu,On Suspending and Resuming Dataflows,,,International Conference on Data Engineering,"2007
"
Jun Yang,2254,457,hao he;junyi xie;hai yu,Asymmetric Batch Incremental View Maintenance,"Incremental view maintenance has found a growing number of applications recently, including data warehous- ing, continuous query processing, publish/subscribe sys- tems, etc. Batch processing of base table modifications, when applicable, can be much more efficient than process- ing individual modifications one at a time. In this paper, we tackle the problem of finding the most efficient batch incre- mental maintenance",Batch Process;Continuous Query;Data Warehousing;Incremental View Maintenance;Indexation;Maintenance Cost;Publish Subscribe;Time Constraint;,International Conference on Data Engineering,"2005
"
Jun Yang,2255,457,hao he,Multiresolution Indexing of XML for Frequent Queries,"XML and other types of semi-structured data are typ- ically represented by a labeled directed graph. To speed up path expression queries over the graph, a variety of structural indexes have been proposed. They usually work by partitioning nodes in the data graph into equivalence classes and storing equivalence classes as index nodes. A(k)-index introduces the concept of local bisimilarity",Directed Graph;Indexation;Path Expressions;Perforation;Query Answering;semi-structured data;,International Conference on Data Engineering,"2004
"
Jun Yang,2256,457,adam silberstein;rebecca braynard;carla schlatter ellis;kamesh munagala,A Sampling-Based Approach to Optimizing Top-k Queries in Sensor Networks,"Wireless sensor networks generate a vast amount of data. This data, however, must be sparingly extracted to conserve energy, usually the most precious resource in battery-powered sensors. When approximation is acceptable, a model-driven approach to query processing is effective in saving energy by avoiding contacting nodes whose values can be predicted or are unlikely to be in the result set.",Perforation;Query Processing;Sensor Network;Linear Program;Wireless Sensor Network;,International Conference on Data Engineering,"2006
"
Jun Yang,2257,457,adam silberstein;rebecca braynard,Energy-Efficient Continuous Isoline Queries in Sensor Networks,"Environmental monitoring is a promising application for sensor networks. Many scenarios produce geographically correlated readings, making them visually interesting and good targets for the isoline query. This query depicts bound- aries showing how values change in the network. Temporal and spatial suppression provide opportunities for reducing the cost of maintaining the query result. We combine both techniques for maximal benet",Energy Efficient;Environmental Monitoring;It Value;Sensor Network;,International Conference on Data Engineering,"2006
"
Jun Yang,2258,457,adam silberstein;hao he;ke yi,BOXes: Efficient Maintenance of Order-Based Labeling for Dynamic XML Data,"Order-based element labeling for tree-structured XML data is an important technique in XML processing. It lies at the core of many fundamental XML operations such as containment join and twig matching. While labeling for static XML documents is well understood, less is known about how to maintain accurate labeling for dynamic XML documents, when elements and subtrees are inserted and",Data Structure;Tree Structure;Xml Document;,International Conference on Data Engineering,"2005
"
Jun Yang,2259,457,adam silberstein,NEXSORT: Sorting XML in External Memory,"XML plays an important role in delivering data over the Internet, and the need to store and manipulate XML in its native format has become increasingly relevant. This grow- ing need necessitates work on developing native XML oper- ators, especially for one as fundamental as sort. In this pa- per we present NEXSORT, an algorithm that leverages the hierarchical nature",Degeneration;External Memory;Hierarchical Structure;Xml Document;Lower Bound;,International Conference on Data Engineering,"2004
"
Jun Yang,2260,457,adam silberstein,Many-to-Many Aggregation for Sensor Networks,"Wireless sensor networks have enormous potential to aid data collection in a number of areas, such as environmental and wildlife research. In this paper, we address the challenges of supporting many-to-many aggregation in a sensor network. An application of many-to-many aggregation is in-network con- trol of sensors. For expensive sensing tasks such as sap ux measurements and camera repositioning, we",Data Collection;Optimization Technique;Sensor Network;Wireless Sensor Network;,International Conference on Data Engineering,"2007
"
Jun Yang,2261,457,risi thonangi;hao he;anhai doan;haixun wang,Weighted Proximity Best-Joins for Information Retrieval,"We consider the problem of efficiently computing weighted proximity best-joins over multiple lists, with applica- tions in information retrieval and extraction. We are given a multi-term query, and for each query term, a list of all its matches with scores, sorted by locations. The problem is to find the overall best matchset, consisting of one match from each list, such",Crossed Product;Information Extraction;Information Retrieval;Score Function;Time Complexity;,International Conference on Data Engineering,"2009
"
Jun Yang,2262,457,haixun wang;hao he;philip s. yu;jeffrey xu yu,Dual Labeling: Answering Graph Reachability Queries in Constant Time,"Graph reachability is fundamental to a wide range of ap- plications, including XML indexing, geographic navigation, Internet routing, ontology queries based on RDF/OWL, etc. Many applications involve huge graphs and require fast an- swering of reachability queries. Several reachability label- ing methods have been proposed for this purpose. They assign labels to the vertices, such that the reachability be- tween",Indexation;Internet Routing;Labeling Scheme;massive datasets;,International Conference on Data Engineering,"2006
"
Jun Yang,2263,457,junyi xie;yuguo chen;haixun wang;philip s. yu,A Sampling-Based Approach to Information Recovery,"Abstract—There has been a recent resurgence of interest in research on noisy and incomplete data. Many applications require information to be recovered from such data. Ideally, an approach for information recovery should have the following features. First, it should be able to incorporate prior knowledge about the data, even if such knowledge is in the form of complex distributions and",Closed Form Solution;Incomplete Data;Prior Knowledge;Sequential Importance Sampling;,International Conference on Data Engineering,"2008
"
Jun Yang,2264,458,jennifer widom,Incremental Computation and Maintenance of Temporal Aggregates,"We consider the problems of computing aggrega- tion queries in temporal databases and of maintaining mate- rialized temporal aggregate views efficiently. The latter prob- lem is particularly challenging since a single data update can cause aggregate results to change over the entire time line. We introduce a new index structure called the SB-tree, which incorporates features from both segment-trees and",Access Method;cumulant;Incremental Computation;Index Structure;Indexation;Temporal Aggregation;Temporal Database;,International Conference on Data Engineering,"2001
"
Jun Yang,2265,457,ke yi;hai yu;gangqiang xia;yuguo chen,Efficient Maintenance of Materialized Top-k Views,"We tackle the problem of maintaining materialized top- views in this paper. Top- queries, includingMIN and MAX as important special cases, occur frequently in com- mon database workloads. A top- view can be materialized to improve query performance, but in general it is not self- maintainable unless it contains all tuples in the base table . Deletions and updates on",Data Warehouse;Indexing Terms;Prior Knowledge;Query Processing;,International Conference on Data Engineering,"2003
"
Jun Yang,2266,457,junfei geng,AUTOBIB: Automatic Extraction of Bibliographic Information on the Web,"The Web has greatly facilitated access to information. However, information presented in HTML is mainly intended to be browsed by humans, and the problem of automatically extracting such information remains an important and chal- lenging task. In this work, we focus on building a system called AUTOBIB to automate extraction of bibliographic in- formation on the Web. We use a",Access To Information;Heuristic Method;Information Presentation;Success Rate;Hidden Markov Model;Lines of Code;,International Database Engineering and Application Symposium,"2004
"
Jun Yang,2267,459,steve g. steinberg;katherine a. yelick,Performance Modeling and Composition: A Case Study in Cell Simulation,"We present a case study in the use of performance model- ing for parallel application development, with a biological cell simulation as our target application. We show that a simple performance model is adequate for determining data layout for arrays and linked structures, and validate our model against experimental results for some application kernels. We quantify the importance of optimizing",Case Study;Data Layout;Parallel Applications;Performance Model;,International Parallel and Distributed Processing Symposium/International Parallel Processing Symposium,"1996
"
Jun Yang,2268,457,pankaj k. agarwal;junyi xie;hai yu,Monitoring Continuous Band-Join Queries over Dynamic Data,"A continuous query is a standing query over a dynamic data set whose query result needs to be constantly updated as new data arrive. We consider the problem of constructing a data structure on a set of continuous band-join queries over two data sets R and S, where each band-join query asks for reporting the set f(r; s) 2 R",Continuous Query;Data Structure;Dynamic Data;Indexation;,International Symposium on Algorithms and Computation,"2005
"
Jun Yang,2269,457,badrish chandramouli;christopher n. bond;shivnath babu,Query suspend and resume,"Suppose a long-running analytical query is executing on a database server and has been allocated a large amount of physical mem- ory. A high-priority task comes in and we need to run it imme- diately with all available resources. We have several choices. We could swap out the old query to disk, but writing out a large execu- tion state",Database System;Process Optimization;High Priority;,International Conference on Management of Data,"2007
"
Jun Yang,2270,457,badrish chandramouli;junyi xie,On the database/network interface in large-scale publish/subscribe systems,"The work performed by a publish/subscribe system can conceptu- ally be divided into subscription processing and notication dis- semination. Traditionally, research in the database and networking communities has focused on these aspects in isolation. The inter- face between the database server and the network is often over- looked by previous research. At one extreme, database servers are directly responsible for",Design Space;Large Scale;Network Interface;publish/subscribe system;Query Processing;and Forward;Experience Base;,International Conference on Management of Data,"2006
"
Jun Yang,2271,457,badrish chandramouli;pankaj k. agarwal;albert yu;ying zheng,ProSem: scalable wide-area publish/subscribe,"We demonstrate ProSem, a scalable wide-area publish/subscribe system that supports complex, stateful subscriptions as well as simple ones. One unique feature of ProSem is its cost-based joint optimization of both subscription processing and notification dissemination. ProSem uses novel reformulation techniques to expose new alternatives for processing and disseminating data using standard stateless content-driven network components.",Publish Subscribe;publish/subscribe system;,International Conference on Management of Data,"2008
"
Jun Yang,2272,457,hao he;haixun wang;philip s. yu,BLINKS: ranked keyword searches on graphs,"Query processing over graph-structured data is enjoying a growing number of applications. A top-k keyword search query on a graph finds the top k answers according to some ranking criteria, where each answer is a substructure of the graph containing all query keywords. Current techniques for supporting such queries on general graphs suffer from several drawbacks, e.g., poor worst-case performance,",Indexation;Keyword Search;Performance Bounds;Performance Improvement;Query Processing;Search Strategy;Structured Data;,International Conference on Management of Data,"2007
"
Jun Yang,2273,457,adam silberstein;rebecca braynard,Constraint chaining: on energy-efficient continuous monitoring insensor networks,"Wireless sensor networks have created new opportunities for data collection in a variety of scenarios, such as environmental and in- dustrial, where we expect data to be temporally and spatially cor- related. Researchers may want to continuously collect all sensor data from the network for later analysis. Suppression, both tempo- ral and spatial, provides opportunities for reducing the energy cost",Continuous Query;Data Collection;Energy Cost;Energy Efficient;Experimental Evaluation;It Value;Sensor Network;Base Station;Wireless Sensor Network;,,"2006
"
Jun Yang,2274,457,adam silberstein;kamesh munagala,Energy-efficient monitoring of extreme values in sensor networks,"Monitoring extreme values (MAX or MIN) is a fundamental prob- lem in wireless sensor networks (and in general, complex dynamic systems). This problem presents very different algorithmic chal- lenges from aggregate and selection queries, in the sense that an individual node cannot by itself determine its inclusion in the query result. We present novel query processing algorithms for this prob-",Complex Dynamical Systems;Continuous Query;Energy Efficient;Extreme Value;Message Passing;Network Topology;Query Processing;Sensor Network;Wireless Sensor Network;,International Conference on Management of Data,"2006
"
Jun Yang,2275,457,junyi xie;yuguo chen,On joining and caching stochastic streams,"We consider the problem of joining data streams using limited cache memory, with the goal of producing as many result tuples as possible from the cache. Many cache replacement heuristics have been proposed in the past. Their performance often relies on implicit assumptions about the input streams, e.g., that the join attribute values follow a relatively stationary distribution. However, in",Cache Memory;Cache Replacement;Data Stream;Optimal Algorithm;Satisfiability;Stationary Distribution;Statistical Properties;Random Walk;,International Conference on Management of Data,"2005
"
Jun Yang,2276,457,ke yi;hao he;ioana stanoi,Incremental maintenance of XML structural indexes,"Increasing popularity of XML in recent years has generated much interest in query processing over graph-structured data. To support efficient evaluation of path expressions, many structural indexes have been proposed. The most popular ones are the 1-index, based on the notion of graph bisimilarity, and the recently proposed A(k)-index, based on the notion of local similarity to provide a trade-off",Experimental Evaluation;Indexation;Path Expressions;Query Answering;Query Processing;Structured Data;,International Conference on Management of Data,"2004
"
Jun Yang,2277,457,pankaj k. agarwal;junyi xie;hai yu,Scalable Continuous Query Processing by Tracking Hotspots,"This paper considers the problem of scalably processing a large number of continuous queries. We propose a flexible framework with novel data structures and a lgorithms for group-processing and index- ing continuous queries by exploiting potential overlaps in query predicates. Our approach partitions the collection of continuous queries into groups based on the clustering patterns of the query ranges, and",Continuous Query;Data Structure;Efficient Algorithm;Group Process;Indexation;Linear Time;,Very Large Data Bases,"2006
"
Jun Yang,2278,457,badrish chandramouli;jeff phillips,Value-Based Notification Conditions in Large-Scale Publish/Subscribe Systems,"We address the problem of providing scalable support for subscrip- tions with personalized value-based notication conditions in wide- area publish/subscribe systems. Notication conditions can be ne- tuned by subscribers, allowing precise and e xible control of when events are delivered to the subscribers. For example, a user may specify that she should be notied if and only if the price",Experimental Evaluation;Large Scale;publish/subscribe system;,Very Large Data Bases,"2007
"
Jun Yang,2279,457,adam silberstein;alan gelfand;kamesh munagala;gavino puggioni,Making Sense of Suppressions and Failures in Sensor Data: A Bayesian Approach,,bayesian approach;,Very Large Data Bases,"2007
"
Jun Yang,2280,457,xiao huang;qiang xue,TupleRank and Implicit Relationship Discovery in Relational Databases,,Relational Database;,Web-Age Information Management,"2003
"
Jun Yang,2281,457,laura m. haas;donald kossmann;edward l. wimmers,An Optimizer for Heterogeneous Systems with NonStandard Data and Search Capabilities, Much of the world's nonstandard data resides in specialized data sources. This data mustoften be queried together with data from other sources to give users the information they desire.Queries that can span several specialized sources with diverse search capabilities pose newchallenges for query optimization. This paper describes the design and illustrates the use of ageneral purpose optimizer that can be,Heterogeneous Systems;Query Optimization;,IEEE Data(base) Engineering Bulletin,"1996
"
Jun Yang,2282,457,badrish chandramouli,End-to-end support for joins in large-scale publish/subscribe systems,,Large Scale;publish/subscribe system;,Proceedings of The Vldb Endowment,"2008
"
Jun Yang,2283,457,yinan li;bingsheng he;qiong luo;ke yi,Tree Indexing on Solid State Drives,"Large flash disks, or solid state drives (SSDs), have become an at- tractive alternative to magnetic hard disks, due to their high ran- dom read performance, low energy consumption and other features. However, writes, especially small random writes, on the flash disk are inherently much slower than reads because of the erase-before- write mechanism. To address this asymmetry of read-write",Indexation;Low Energy;Similarity Search;Solid State Drive;,Proceedings of The Vldb Endowment,"2010
"
Jun Yang,2284,457,magdalena balazinska;amol deshpande;alexandros labrinidis;qiong luo;samuel r. madden,Report on the Fourth International Workshop on Data Management for Sensor Networks (DMSN 2007),"Sensor networks enable an unprecedented level of access to the physical world, and hold tremendous potential to revolutionize many application domains. Research on sensor networks spans many areas of computer science, and there are now major conferences, e.g., IPSN and SenSys, devoted to sensor networks. However, there is no focused forum for discussion of early and innovative work on data",Data Management;Sensor Network;,Sigmod Record,"2007
"
Jun Yang,2285,457,pankaj k. agarwal;junyi xie;hai yu,Input-sensitive scalable continuous join query processing,"This article considers the problem of scalably processing a large number of continuous queries. Our approach, consisting of novel data structures and algorithms and a flexible processing framework, advances the state-of-the-art in several ways. First, our approach is query sensitive in the sense that it exploits potential overlaps in query predicates for efficient group processing. We partition the collection of",Continuous Query;Continuous Selection;Data Stream;Data Structure;Group Process;Publish Subscribe;Query Processing;,ACM Transactions on Database Systems,"2009
"
Jun Yang,2286,458,jennifer widom,Incremental computation and maintenance of temporal aggregates,,Incremental Computation;Temporal Aggregation;,The Vldb Journal,"2003
"
Jun Yang,2287,457,kamesh munagala;adam silberstein,Data Aggregation in Sensor Networks,,Data Aggregation;Sensor Network;,,"2009
"
Jun Yang,2288,460,youtao zhang;lan gao,Efficient Group KeyManagement with Tamper-resistant ISA Extensions,,Tamper Resistance;,"Application-Specific Systems, Architectures, and Processors","2006
"
Jun Yang,2289,460,ping zhou;bo zhao;yu du;yi xu;youtao zhang;li zhao,Frequent value compression in packet-based NoC architectures,"The proliferation of Chip Multiprocessors (CMPs) has led to the integration of large on-chip caches. For scalability reasons, a large on-chip cache is often divided into smaller banks that are interconnected through packet-based Network-on-Chip (NoC). With increasing number of cores and cache banks integrated on a single die, the on-chip network introduces significant communication latency and power consumption. In this",Chip Multiprocessor;Hardware Design;Power Consumption;Network On Chip;,Asia and South Pacific Design Automation Conference,"2009
"
Jun Yang,2290,460,youtao zhang;rajiv gupta,Frequent value locality and value-centric data cache design,"By studying the behavior of programs in the SPECint95 suite we observed that six out of eight programs exhibit a new kind of value locality, the frequent value locality, according to which a few values appear very frequently in memory locations and are therefore involved in a large fraction of memory accesses. In these six programs ten distinct values occupy",Data Cache;Memory Access;Random Access;,ACM Sigarch Computer Architecture News,"2000
"
Jun Yang,2291,460,dinesh c. suresh;banit agrawal;walid a. najjar;laxmi n. bhuyan,Power efficient encoding techniques for off-chip data buses,"Reducing the power consumption of computing devices has gained a lot of attention recently. Many research works have focused on reducing power consumption in the off-chip buses as they consume a significant amount of total power. Since the bus power consumption is proportional to the switching activity, reducing the bus switching is an effective way to reduce bus power. While",Low Power;Numerical Technique;Power Consumption;Power Efficiency;Power Reduction;Spatial Locality;Switching Activity;Total Power;,"Compilers, Architecture, and Synthesis for Embedded Systems","2003
"
Jun Yang,2292,460,yan luo;jia yu;laxmi n. bhuyan,Low power network processor design using clock gating,"Network processors (NPs) have emerged as successful platforms to providing both high performance and flexibility in building powerful routers. Typical NPs incorporate multiprocessing and multi-threading to achieve maximum parallel processing capabilities. We observed that under low incoming traffic rates, most processing elements (PEs) in NPs are nearly idle and yet still consume dynamic power. This paper develops a low power",Clock Gating;High Performance;Low Income;Low Power;Network Traffic;Packet Loss;Parallel Processing;Power Consumption;Time Window;Network Processor;Processing Element;,Design Automation Conference,"2005
"
Jun Yang,2293,460,wei wu;lingling jin;pu liu;sheldon x.-d. tan,A systematic method for functional unit power estimation in microprocessors,"We present a new method for mathematically estimating the active unit power of functional units in modern microprocessors such as the Pen- tium 4 family. Our method leverages the phasic behavior in power consumption of programs, and captures as many power phases as pos- sible to form a linear system of equations such that the functional unit power can be",Linear System of Equations;Performance of Systems;Power Consumption;Power Estimation;Functional Unit;,Design Automation Conference,"2006
"
Jun Yang,2294,460,jia yu;jingnan yao;laxmi n. bhuyan,Program Mapping onto Network Processors by Recursive Bipartitioning and Refining,"Mapping packet processing applications onto embedded net- work processors (NP) is a challenging task due to the unique constraints of NP systems and the characteristics of network application domains. A remarkable difference with general multiprocessor task scheduling is that NPs are often pro- grammed into a hybrid parallel and pipeline topology. In this paper, we introduce a multilevel balancing and",Divide and Conquer;Iterative Refinement;Task Graphs;Task Scheduling;Network Processor;Processing Element;,Design Automation Conference,"2007
"
Jun Yang,2295,460,lin li;youtao zhang;jianhua zhao,Proactive NBTI mitigation for busy functional units in out-of-order microprocessors,"Due to fast technology scaling, negative bias temperature instability (NBTI) has become a major reliability concern in designing modern integrated circuits. In this paper, we present a simple and proactive NBTI recovery scheme targeting at critical and busy functional units with storage cells in modern microprocessors. Existing schemes have limitations when recovering these functional units. By exploiting the idle time",Integrated Circuit;Mean Time To Failure;Technology Scaling;Functional Unit;Negative Bias Temperature Instability;Out of Order;,"Design, Automation, and Test in Europe","2010
"
Jun Yang,2296,460,jia yu;wei wu;xi chen;harry hsieh;felice balarin,Assertion-Based Design Exploration of DVS in Network Processor Architectures,,Network Processor;,Computing Research Repository,"2007
"
Jun Yang,2297,460,chuanjun zhang;frank vahid,Low Static-Power Frequent-Value Data Caches,Static energy dissipation in cache memories will constitute an increasingly larger portion of total microprocessor energy dissipation due to nanoscale technology characteristics and the large size of on-chip caches. We propose to reduce the static energy dissipation of an on-chip data cache by taking advantage of the frequent values (FV) that widely exist in a data cache memory. The original,Cache Memory;Circuit Design;Data Cache;Energy Dissipation;Energy Saving;Low Power;Power Saving;,"Design, Automation, and Test in Europe","2004
"
Jun Yang,2298,460,youtao zhang;lingling jin;weijia li,Locating Compromised Sensor Nodes Through Incremental Hashing Authentication,"While sensor networks have recently emerged as a promising com- puting model, they are vulnerable to various node compromising attacks. In this paper, we propose COOL, a COmpromised nOde Locating protocol for detect- ing and locating compromised nodes once they misbehave in the sensor network. We exploit a proven collision-resilient incremental hashing algorithm and design secure steps to confidently locate",Sensor Network;Sensor Nodes;,Distributed Computing in Sensor Systems,"2006
"
Jun Yang,2299,460,weijia li;yu du;youtao zhang;bruce childers;ping zhou,Adaptive Buffer Management for Efficient Code Dissemination in Multi-Application Wireless Sensor Networks,"Future wireless sensor networks (WSNs) are projected to run multiple applicationsin the same network infrastruc- ture. While such multi-application WSNs (MA-WSNs) are economically more efficient and adapt better to the chang- ing environments than traditional single-applicationWSNs, theyusuallyrequirefrequentcoderedistribution on wireless sensors, making it critical to design energy efficient post- deployment code dissemination protocols in MA-WSNs. Different applications in MA-WSNs often share",Buffer Management;Energy Efficient;Wireless Sensor;Wireless Sensor Network;,Embedded and Ubiquitous Computing,"2008
"
Jun Yang,2300,460,dinesh c. suresh;chuanjun zhang;banit agrawal;walid a. najjar,FV-MSB: A Scheme for Reducing Transition Activity on Data Buses,"Power consumption becomes an important issue for modern processors. The off-chip buses consume considerable amount of total power (9,7). One effective way to reduce power is to reduce the overall bus switching activities since they are proportional to the power. Up till now, the most effective technique in reducing the switching activities on the data buses is Frequent Value Encoding",Energy Saving;Power Consumption;Switching Activity;Total Power;,High Performance Computing,"2003
"
Jun Yang,2301,460,jia yu;shaojie chen;yan luo;laxmi n. bhuyan,Enhancing Network Processor Simulation Speed with Statistical Input Sampling,"While cycle-accurate simulation tools have been widely used in mod- eling high-performance processors, such an approach can be hindered by the in- creasing complexity of the simulation, especially in modeling chip multi-processors with multi-threading such as the network processors (NP). We have observed that for NP cycle level simulation, several days of simulation time covers only about one second of",Code Size;Error Bound;High Performance;Network Traffic;Simulation Tool;Chip Multi Processor;Network Processor;,High Performance Embedded Architectures and Compilers,"2005
"
Jun Yang,2302,460,weidong shi;joshua b. fryman;guofei gu;hsien-hsin s. lee;youtao zhang,InfoShield: a security architecture for protecting information usage in memory,"Cyber theft is a serious threat to Internet security. It is one of the ma- jor security concerns by both network service providers and Internet users. Though sensitive information can be encrypted when stored in non-volatile memory such as hard disks, for many e-commerce and network applications, sensitive information is often stored as plain- text in main memory. Documented and",E Commerce;Internet Security;Memory Access;Non Volatile Memory;Security Architecture;Client Server;Network Service Provider;,International Symposium on High-Performance Computer Architecture,"2006
"
Jun Yang,2303,460,yi xu;yu du;bo zhao;xiuyi zhou;youtao zhang,A low-radix and low-diameter 3D interconnection network design,"Interconnection plays an important role in performance and power of CMP designs using deep sub-micron technol- ogy. The network-on-chip (NoCs) has been proposed as a scalable and high-bandwidth fabric for interconnect design. The advent of the 3D technology has provided further op- portunity to reduce on-chip communication delay. However, the design of the 3D NoC topologies has important distinc- tions",Communication Delay;Interconnection Network;Mesh Network;Deep Sub Micron;Network On Chip;,International Symposium on High-Performance Computer Architecture,"2009
"
Jun Yang,2304,460,youtao zhang;lan gao;xiangyu zhang;rajiv gupta,SENSS: Security Enhancement to Symmetric Shared Memory Multiprocessors,"With the increasing concern of the security on high performance multiprocessor enterprise servers, more and more effort is being in- vested into defending against various kinds of attacks. This paper proposes a security enhancement model called SENSS, that allows programs to run securely on a symmetric shared memory multipro- cessor (SMP) environment. In SENSS, a program, including both code and",Advanced Encryption Standard;Cache Coherence Protocol;High Performance;Integrity Checking;Low Latency;Shared Memory;Shared Memory Multiprocessor;System Simulation;Cipher Block Chaining;,International Symposium on High-Performance Computer Architecture,"2005
"
Jun Yang,2305,460,pu liu;zhenyu qi;hang li;lingling jin;wei wu;sheldon x.-d. tan,Fast thermal simulation for architecture level dynamic thermal management,"As power density increases exponentially, runtime regulation of operating temperature by dynamic thermal managements becomes necessary. This paper proposes a novel approach to the thermal analysis at chip architecture level for efficient dynamic thermal management. Our new approach is based on the observation that the power consumption of architecture level modules in micropro- cessors running typical workloads presents strong nature",Dynamic Thermal Management;Frequency Domain;Initial Condition;Moment Matching;Power Consumption;Power Density;Spectrum Analysis;Steady State;Thermal Analysis;Transient Analysis;Transient Response;,International Conference on Computer Aided Design,"2005
"
Jun Yang,2306,460,ping zhou;bo zhao;youtao zhang,Energy reduction for STT-RAM using early write termination,"The emerging Spin Torque Transfer memory (STT-RAM) is a promis- ing candidate for future on-chip caches due to STT-RAM's high density, low leakage, long endurance and high access speed. How- ever, one of the major challenges of STT-RAM is its high write current, which is disadvantageous when used as an on-chip cache since the dynamic power generated is too high.",Energy Consumption;Energy Efficient;Low Complexity;Low Energy;Power Generation;High Density;,International Conference on Computer Aided Design,"2009
"
Jun Yang,2307,460,lingling jin;wei wu;chuanjun zhang;youtao zhang,Reduce Register Files Leakage Through Discharging Cells,"We propose a low-leakage register file cell design based on the observation that the physical registers in a super- scalar processor have very short life cycles. When a register is dead, we discharge its cells to '0' to greatly reduce the leakage current from the read bitlines to the ground. Our design has no impact to critical register read access",Energy Saving;Leakage Current;Leakage Power;Life Cycle;Register File;,International Conference on Computer Design,"2006
"
Jun Yang,2308,460,hang li;pu liu;zhenyu qi;lingling jin;wei wu;sheldon x.-d. tan,Efficient Thermal Simulation for Run-Time Temperature Tracking and Management,"ABSTRACT As power density increases exponentially, run-time regulation of op- erating temperature by dynamic,thermal management,becomes,im- perative. This paper proposes a novel approach,to real-time ther- mal estimation at chip level for efficient dynamic,thermal manage- ment in lieu of the thermal sensors, which are erroneous and hav- ing longer delays. Our new,approach,is based on the observation that the average power,consumption,of architecture level",Dynamic Thermal Management;Frequency Domain;Initial Condition;Linear Time;Moment Matching;Power Consumption;Power Density;Simulation Tool;Thermal Analysis;Transient Analysis;Real Time;,International Conference on Computer Design,"2005
"
Jun Yang,2309,460,dinesh c. suresh;banit agrawal;walid a. najjar,VALVE: Variable Length Value Encoder for Off-Chip Data Buses,"We propose VAriable Length Value Encoding (VALVE) technique to reduce the power consumption in the off-chip data buses. While past research has focused on encoding fixed length data values to reduce the transition activity in the data buses, our proposed scheme is capable of detecting and encoding variable length bit patterns in the data values. VALVE also does not require",Power Consumption;Prior Knowledge;Spectrum;,International Conference on Computer Design,"2005
"
Jun Yang,2310,460,wei wu;sheldon x.-d. tan;shih-lien lu,Improving the reliability of on-chip data caches under process variations,"On-chip caches take a large portion of the chip area. They are much more vulnerable to parameter variation than smaller units. As leakage current becomes a significant com- ponent of the total power consumption, the leakage current variations induced thermal and reliability problem to the o n- chip caches become an important design concern. This paper studies the impact of",Data Cache;Data Intensive Application;Distribution Dynamics;Leakage Current;Process Variation;Thermal Stress;Total Power;,International Conference on Computer Design,"2007
"
Jun Yang,2311,460,lingling jin;wei wu;chuanjun zhang;youtao zhang,Dynamic Co-allocation of Level One Caches,,,International Conference on Embedded Software and Systems,"2005
"
Jun Yang,2312,460,rajiv gupta,Load Redundancy Removal through Instruction Reuse," Instruction reuse techniques have been developed to detect and remove redundancy at runtime. By maintaining the execution history of an instruction, reuse techniques detect if a subsequent execution of an instruction will yield the same result as its previous execution, and if this is the case, the result is made available to dependent instructions without executing the instruction. This approach",,International Conference on Parallel Processing,"2000
"
Jun Yang,2313,460,youtao zhang,Procedural Level Address Offset Assignment of DSP Applications with Loops,"Automatic optimization of address offset assignment for DSP applications, which reduces the number of address arithmeticinstructionstomeet thetightmemory size restric- tions and performance requirements, received a lot of at- tention in recent years. However, most of current research focuses at the basic block level and does not distinguish dif- ferent program structures, especially loops. Moreover, the effectiveness of modify register (MR)",,International Conference on Parallel Processing,"2003
"
Jun Yang,2314,460,xiuyi zhou;yi xu;yu du;youtao zhang,Thermal Management for 3D Processors via Task Scheduling,"A rising horizon in chip fabrication is the 3D integration technology. It stacks two or more dies vertically with a dense, high-speed interface to increase the device density and re- duce the delay of interconnects across the dies. However, a major challenge in 3D technology is the increased power density which brings the concern of heat dissipation within the processor.",3d integration;High Speed;High Temperature;Performance Improvement;Power Density;Scheduling Algorithm;Task Scheduling;Thermal Management;,International Conference on Parallel Processing,"2008
"
Jun Yang,2315,460,jun yang;marek chrobak;youtao zhang;san nguyen;hsien-hsin s. lee,A low-cost memory remapping scheme for address bus protection,The address sequence on the processor-memory bus can reveal abun- dant information about the control o w of a program. This can lead to critical information leakage such as encryption keys or propri- etary algorithms. Addresses can be observed by attaching a hard- ware device on the bus that passively monitors the bus transac- tion. Such side-channel attacks should be,Distributed Computing Environment;High Performance;Information Leakage;Passive Monitoring;Side Channel Attacks;,Journal of Parallel and Distributed Computing,"2006
"
Jun Yang,2316,460,youtao zhang;weijia li,Towards energy-efficient code dissemination in wireless sensor networks,,Energy Efficient;Wireless Sensor Network;,International Parallel and Distributed Processing Symposium/International Parallel Processing Symposium,"2008
"
Jun Yang,2317,460,ping zhou;bo zhao;youtao zhang,A durable and energy efficient main memory using phase change memory technology,"Using nonvolatile memories in memory hierarchy has been investigated to reduce its energy consumption because non- volatile memories consume zero leakage power in memory cells. One of the diculties is, however, that the endurance of most nonvolatile memory technologies is much shorter than the conventional SRAM and DRAM technology. This has limited its usage to only the low levels of",Energy Consumption;energy eciency;Energy Efficient;Leakage Power;Low Power;Memory Hierarchy;Non Volatile Memory;Nonvolatile Memory;Phase Change Memory;,International Symposium on Computer Architecture,"2009
"
Jun Yang,2318,460,dinesh c. suresh;banit agrawal;walid a. najjar,A tunable bus encoder for off-chip data buses,"Off-Chip buses constitute a significant portion of the total system power in embedded systems. Past research has focused on encoding contiguous bit positions in data values to reduce the transition activity in the off-chip data buses. In this paper, we propose TUnable Bus Encoding (TUBE) scheme to reduce the power consumption in the data buses, which exploits repetition in contiguous",Embedded System;Energy Consumption;Energy Saving;Hardware Design;Power Consumption;,International Symposium on Low Power Electronics and Design,"2005
"
Jun Yang,2319,460,rajiv gupta,Energy-efficient load and store reuse," Our experience has shown that even programs compiled usingoptimizing compilers contain very high levels of loadand store redundancy. With the increasing importance ofenergy-ecient processor design, this load-store redundancycan be viewed as an opportunity for reducing on-chip cacheactivity and hence the energy consumed by the cache. However,taking advantage of this opportunity is a non-trivialtask because a load-store reuse mechanism for removing",Energy Efficient;,International Symposium on Low Power Electronics and Design,"2001
"
Jun Yang,2320,460,rajiv gupta,FV encoding for low-power data I/O," Since the energy consumed by I/O pins of a CPU is a significantsource of energy consumption, work has been done ondeveloping encoding schemes for reducing switching activityon external buses. Modest reductions in switching canbe achieved for data and address busses using a number ofgeneral encoding schemes. However, by exploiting the characteristicof memory reference locality, switching activity ataddress bus can be",Energy Consumption;Low Power;Switching Activity;,International Symposium on Low Power Electronics and Design,"2001
"
Jun Yang,2321,460,youtao zhang,Lightweight set buffer: low power data cache for multimedia application,"A new architectural technique to reduce power dissipation in data caches is proposed. In multimedia applications, a major portion of data cache accesses hit in the same cache set continuously before going to a different set. This feature allows us to remove unnecessary driving power in data arrays as long as the same cache set is accessed incessantly. Power saving",Data Cache;Difference Set;Low Power;Multimedia Application;Power Dissipation;Power Reduction;Power Saving;,International Symposium on Low Power Electronics and Design,"2003
"
Jun Yang,2322,460,chuanjun zhang;frank vahid;walid a. najjar,A way-halting cache for low-energy high-performance systems,"Caches contribute to much of a microprocessor system's power and energy consumption. Numerous new cache architectures, such as phased, pseudo-set-associative, way predicting, reactive-associative, way-shutdown, way-concatenating, and highly-associative, are intended to reduce power and/or energy, but they all impose some performance overhead. We have developed a new cache architecture, called a way-halting cache, that reduces energy further than previously mentioned architectures,",Associative Memory;Dynamic Logic;Dynamic Optimization;Embedded System;Energy Consumption;High Performance;Indexation;Low Energy;Low Power;Memory Access;,ACM Transactions on Architecture and Code Optimization,"2005
"
Jun Yang,2323,460,youtao zhang,Low cost instruction cache designs for tag comparison elimination,"Tag comparison elimination (TCE) is an effective approach to reduce I-cache energy. Current research focuses on finding good tradeoffs between hardware cost and percentage of comparisons that can be removed. For this purpose, two low cost innovations are proposed in this paper. We design a small dedicated TCE table whose size is flexible both horizontally (entry size) and vertically (number",Instruction Cache;Low Power;,International Symposium on Low Power Electronics and Design,"2003
"
Jun Yang,2324,460,xiuyi zhou;marek chrobak;youtao zhang;lingling jin,Dynamic Thermal Management through Task Scheduling,"The evolution of microprocessors has been hindered by their increasing power consumption and the heat generation speed on-die. High temperature impairs the processor's reliability and reduces its lifetime. While hardware level dynamic thermal man- agement (DTM) techniques, such as voltage and frequency scal- ing, can effectively lower the chip temperature when it surpasses the thermal threshold, they inevitably come at",Dynamic Thermal Management;Heuristic Algorithm;High Temperature;Job Scheduling;Perforation;Power Consumption;Scheduling Algorithm;Task Scheduling;Thermal Environment;,International Symposium on Performance Analysis of Systems and Software,"2008
"
Jun Yang,2325,460,rajiv gupta,Energy efficient frequent value data cache design,Recent work has shown that a small number of distinct frequently occurring values often account for a large portion of memory accesses. In this paper we demonstrate how this frequent value phenomenon can be exploited in designing a cache that trades off performance with energy efficiency. We propose the design of the Frequent Value Cache (FVC) in which storing a,Data Cache;Energy Efficient;Memory Access;Time Delay;,International Symposium on Microarchitecture,"2002
"
Jun Yang,2326,460,youtao zhang;rajiv gupta,Frequent value compression in data caches," Since the area occupied by cache memories on processorchips continues to grow, an increasing percentageof power is consumed by memory. We present thedesign and evaluation of the compression cache (CC)which is a rst level cache that has been designed sothat each cache line can either hold one uncompressedline or two cache lines which have been compressed toat least half their",Cache Memory;Data Cache;,International Symposium on Microarchitecture,"2000
"
Jun Yang,2327,460,youtao zhang;lan gao,Fast Secure Processor for Inhibiting Software Piracy and Tampering,"Due to the widespread software piracy and virus attacks,significant efforts have been made to improve security forcomputer systems. For stand-alone computers, a key observationis that other than the processor, any component isvulnerable to security attacks. Recently, an execution onlymemory (XOM) architecture has been proposed to supportcopy and tamper resistant software [18, 17, 13]. In this design,the program and data are",Critical Path;Memory Access;Software Piracy;Tamper Resistance;One Time Pad;,International Symposium on Microarchitecture,"2003
"
Jun Yang,2328,460,bo zhao;yu du;youtao zhang,Variation-tolerant non-uniform 3D cache management in die stacked multicore processor,"Process variations in integrated circuits have significant impact on their performance, leakage and stability. This is particularly evident in large, regular and dense structures such as DRAMs. DRAMs are built using minimized transistors with presumably uniform speed in an organized array structure. Process variation can introduce latency disparity among different memory arrays. With the proliferation of 3D stacking technology, DRAMs",Cache Management;Integrated Circuit;Low Power;Multicore Processors;Process Variation;Last Level Cache;,International Symposium on Microarchitecture,"2009
"
Jun Yang,2329,460,weijia li;youtao zhang;jiang zheng,UCC: update-conscious compilation for energy efficiency in wireless sensor networks,"Wireless sensor networks (WSN), composed of a large number of low-cost, battery-powered sensors, have recently emerged as promising computing platforms for many non-traditional applica- tions. The preloaded code on remote sensors often needs to be up- dated after deployment in order for the WSN to adapt to the chang- ing demands from the users. Post-deployment code dissemination is challenging as",Data Layout;Energy Efficient;Register Allocation;Sensor Network;Wireless Sensor Network;,SIGPLAN Conference on Programming Language Design and Implementation,"2007
"
Jun Yang,2330,460,yongjing lin;youtao zhang;quanzhong li,Supporting efficient query processing on compressed XML files,"XML has been widely accepted as the de facto format for data representation and exchange. However, it is also known for the excessive information redundancy in its representation. While various compression schemes have been proposed and some of them can support query processing over compressed files, it is usually inevitable to perform partial (or full) data decompression which is expensive",Compression Algorithm;Compression Ratio;Data Compression;Data Representation;Efficient Query Processing;Query Processing;Context Free Grammar;,ACM Symposium on Applied Computing,"2005
"
Jun Yang,2331,460,dinesh c. suresh;walid a. najjar,Power Efficient Instruction Caches for Embedded Systems,"Instruction caches typically consume 27% of the total power in mod- ern high-end embedded systems. We propose a compiler-managed instruction store architecture (K-store) that places the computation intensive loops in a scratch- pad like SRAM memory and allocates the remaining instructions to a regular instruction cache. At runtime, execution is switched dynamically between the instructions in the traditional instruction cache",Embedded System;Energy Consumption;Instruction Cache;Power Efficiency;Total Power;,"Systems, Architectures, Modeling, and Simulation","2005
"
Jun Yang,2332,460,chuanjun zhang;frank vahid;walid a. najjar,A Way-Halting Cache for Low-Energy High-Performance Systems,"Caches contribute to much of a microprocessor system's power and energy consumption. We have developed a new cache architecture, called a way-halting cache, that reduces energy while imposing no performance overhead. Our way-halting cache is a four-way set-associative cache that stores the four lowest-order bits of all ways'tags into a fully associative memory, which we call the halt tag array.",Associative Memory;Dynamic Logic;Energy Consumption;Energy Saving;High Performance;Indexation;Memory Access;,IEEE Computer Architecture Letters,"2003
"
Jun Yang,2333,460,youtao zhang;lan gao,Supporting flexible streaming media protection through privacy-aware secure processors,"Due to the explosion of Internet technology in the last decade, there is an increasing demand for secure and eectiv e streaming media protection (SMP) in the new com- puting environment. Since end users usually have the full control of their machines, pure software based approaches such as user/password validation and group key based content encryption, are not sucien t",Data Transfer;Digital Content;Group Key Management;Instruction Set Extension;Internet Technology;Streaming Media;Support Group;Point To Point;Video On Demand;,Computers & Electrical Engineering,"2009
"
Jun Yang,2334,460,jia yu;wei wu;xi chen;harry hsieh;felice balarin,Assertion-Based Design Exploration of DVS in Network Processor Architectures,,Network Processor;,Computing Research Repository,"2007
"
Jun Yang,2335,460,youtao zhang,Reducing I-cache energy of multimedia applications through low cost tag comparison elimination,,Multimedia Application;,Journal of Embedded Computing,"2005
"
Jun Yang,2336,460,youtao zhang;weijia li;linzhang wang;lingling jin,An authentication scheme for locating compromised sensor nodes in WSNs,,Sensor Nodes;,Journal of Network and Computer Applications,"2010
"
Jun Yang,2337,460,jun yang;marek chrobak;youtao zhang;san nguyen;hsien-hsin s. lee,A low-cost memory remapping scheme for address bus protection,The address sequence on the processor-memory bus can reveal abun- dant information about the control o w of a program. This can lead to critical information leakage such as encryption keys or propri- etary algorithms. Addresses can be observed by attaching a hard- ware device on the bus that passively monitors the bus transac- tion. Such side-channel attacks should be,Distributed Computing Environment;High Performance;Information Leakage;Passive Monitoring;Side Channel Attacks;,Journal of Parallel and Distributed Computing,"2006
"
Jun Yang,2338,460,jia yu;youtao zhang,A low energy cache design for multimedia applications exploiting set access locality,An architectural technique is proposed to reduce power dissipation in conventional caches. Our technique is based on the observation of cache access locality: current access is likely to touch the same cache set including the tags as the last access. We show that considerable amount of power driving the cache tag and data banks can be saved if this cache,Instruction Cache;Low Energy;Low Power Design;Multimedia Application;Power Dissipation;Power Saving;,Journal of Systems Architecture,"2005
"
Jun Yang,2339,460,benjamin c. lee;ping zhou;youtao zhang;bo zhao;engin ipek;onur mutlu;doug burger,PhaseChange Technology and the Future of Main Memory,"As DRAM and other charge memories reach scaling lim- its, resistive memories, such as phase change memory (PCM), may permit continued scaling of main memo- ries. However, while PCM may scale further than DRAM, PCM presently wears out more quickly, has higher read latency, has much higher write latency, and has much higher write power than DRAM. This article mitigates",Perforation;Phase Change;Phase Change Memory;,IEEE Micro,"2010
"
Jun Yang,2340,460,yan luo;laxmi n. bhuyan;li zhao,NePSim: A Network Processor Simulator with a Power Evaluation Framework,"Abstract: There is an increasing interest in the NP architecture design as well as its power dissipation characteristics. Up to now, there has not been an open-source simulation infrastructure that makes the performance/power tradeoffs in NPs clearly visible to computer architects. This paper presents NePSim...",Architectural Design;Evaluation Framework;Open Source;Power Dissipation;Network Processor;,IEEE Micro,"2004
"
Jun Yang,2341,460,youtao zhang;yongjing lin;lan gao,Architectural support for protecting user privacy on trusted processors,"Recently proposed trusted processor model is a promising model for building secure applications. While effective designs have been proposed for protecting data confidentiality and data integrity in such environments, an important security criterion -- user privacy is usually neglected in current designs. Due to the increasing concern of privacy protection in the Internet era, such deficiency can hinder the adoption",Data Confidentiality;Data Integrity;Privacy Protection;,ACM Sigarch Computer Architecture News,"2005
"
Jun Yang,2342,460,weijia li;youtao zhang;jiang zheng,Towards update-conscious compilation for energy-efficient code dissemination in WSNs,"Post-deployment code dissemination in wireless sensor networks (WSN) is challenging as the code has to be transmitted via energy-expensive wireless communication. In this paper, we propose novel update-conscious compilation (UCC) techniques to achieve energy efficiency. By integrat- ing the compilation decisions in generating the old binary, an update-conscious compiler strives to match the old decisions, which improves the binary code",Data Layout;Energy Efficient;Register Allocation;Sensor Network;Wireless Communication;Wireless Sensor Network;,ACM Transactions on Architecture and Code Optimization,"2009
"
Jun Yang,2343,460,yan luo;jia yu;laxmi n. bhuyan,Conserving network processor power consumption by exploiting traffic variability,"Network processors (NPs) have emerged as successful platforms for providing both high performance and flexibility in building powerful routers. Typical NPs incorporate multiprocessing and multithreading to achieve maximum parallel processing capabilities. We observed that under low incoming traffic rates, processing elements (PEs) in an NP are idle for most of the time but still consume dynamic power. This paper develops",Clock Gating;High Performance;Low Income;Low Power;Network Traffic;Packet Loss;Parallel Processing;Power Consumption;Time Window;Network Processor;Processing Element;,ACM Transactions on Architecture and Code Optimization,"2007
"
Jun Yang,2344,460,chuanjun zhang;frank vahid;walid a. najjar,A way-halting cache for low-energy high-performance systems,"Caches contribute to much of a microprocessor system's power and energy consumption. Numerous new cache architectures, such as phased, pseudo-set-associative, way predicting, reactive-associative, way-shutdown, way-concatenating, and highly-associative, are intended to reduce power and/or energy, but they all impose some performance overhead. We have developed a new cache architecture, called a way-halting cache, that reduces energy further than previously mentioned architectures,",Associative Memory;Dynamic Logic;Dynamic Optimization;Embedded System;Energy Consumption;High Performance;Indexation;Low Energy;Low Power;Memory Access;,ACM Transactions on Architecture and Code Optimization,"2005
"
Jun Yang,2345,460,xiuyi zhou;marek chrobak;youtao zhang,Performance-aware thermal management via task scheduling,,Task Scheduling;Thermal Management;,ACM Transactions on Architecture and Code Optimization,"2010
"
Jun Yang,2346,460,dinesh c. suresh;banit agrawal;walid a. najjar,Tunable and Energy Efficient Bus Encoding Techniques,,Energy Efficient;,IEEE Transactions on Computers,"2009
"
Jun Yang,2347,460,lan gao;youtao zhang,Improving Memory Encryption Performance in Secure Processors,"Due to the widespread software piracy and virus attacks, significant efforts have been made to improve security for computer systems. For stand-alone computers, a key observation is that, other than the processor, any component is vulnerable to security attacks. Recently, an execution only memory (XOM) architecture has been proposed to support copy and tamper resistant software. In this design, the",Critical Path;Memory Access;Software Piracy;Tamper Resistance;One Time Pad;,IEEE Transactions on Computers,"2005
"
Jun Yang,2348,460,pu liu;hang li;lingling jin;wei wu;sheldon x.-d. tan,Fast Thermal Simulation for Runtime Temperature Tracking and Management,,,IEEE Transactions on Computer-aided Design of Integrated Circuits and Systems,"2006
"
Jun Yang,2349,460,dinesh c. suresh;banit agrawal;walid a. najjar,Energy-efficient encoding techniques for off-chip data buses,"Reducing the power consumption of computing devices has gained a lot of attention recently. Many research works have focused on reducing power consumption in the off-chip buses as they consume a significant amount of total power. Since the bus power consumption is proportional to the switching activity, reducing the bus switching is an effective way to reduce bus power. While",Energy Efficient;Low Power;Numerical Technique;Power Consumption;Power Reduction;Spatial Locality;Switching Activity;Total Power;,ACM Transactions in Embedded Computing Systems,"2009
"
Jun Yang,2350,460,rajiv gupta,Frequent value locality and its applications,"By analyzing the behavior of a set of benchmarks, we demonstrate that a small number of distinct values tend to occur very frequently in memory. On an average, only eight of these frequent values were found to occupy 48&amp;percnt; of memory locations for the benchmarks studied. In addition, we demonstrate that the identity of frequent values remains stable over the",Data Cache;Data Stream;Low Power;Low Power Design;Memory Hierarchy;,ACM Transactions in Embedded Computing Systems,"2002
"
Jun Yang,2351,460,wei wu;lingling jin;pu liu;sheldon x.-d. tan,Efficient power modeling and software thermal sensing for runtime temperature monitoring,"The evolution of microprocessors has been hindered by increasing power consumption and heat dissipation on die. An excessive amount of heat creates reliability problems, reduces the lifetime of a processor, and elevates the cost of cooling and packaging considerably. It is therefore imper- ative to be able to monitor the temperature variations across the die in a timely and accurate",Efficient Algorithm;Numerical Method;Power Consumption;Power Modeling;Thermal Imaging;Thermal Model;Functional Unit;,ACM Transactions on Design Automation of Electronic Systems,"2007
"
Jun Yang,2352,460,rajiv gupta;chuanjun zhang,Frequent value encoding for low power data buses,"Since the I/O pins of a CPU are a significant source of energy consumption, work has been done on developing encoding schemes for reducing switching activity on external buses. Modest reductions in switching can be achieved for data and address buses using a number of general purpose encoding schemes. However, by exploiting the characteristic of memory reference locality, switching activity",Adaptive Method;Data Cache;Energy Consumption;Energy Saving;Low Power;Switching Activity;,ACM Transactions on Design Automation of Electronic Systems,"2004
"
Jun Yang,2353,460,xiuyi zhou;yi xu;youtao zhang;jianhua zhao,Thermal-Aware Task Scheduling for 3D Multicore Processors,,Multicore Processors;Task Scheduling;,IEEE Transactions on Parallel and Distributed Systems,"2010
"
Jun Yang,2354,460,youtao zhang;hai t. vu;yizhi wu,The design and evaluation of interleaved authentication for filtering false reports in multipath routing WSNs,,Multipath Routing;,Wireless Networks,"2010
"
Jun Yang,2355,461,qing li;yueting zhuang,Multi-Modal Information Retrieval with a Semantic View Mechanism,,Information Retrieval;,Advanced Information Networking and Applications,"2005
"
Jun Yang,2356,461,dawei ding;qing li;wenyin liu;liping wang,What Can Expressive Semantics Tell: Retrieval Model for a Flash-Movie Search Engine,,Retrieval Model;Search Engine;,Conference on Image and Video Retrieval,"2005
"
Jun Yang,2357,461,alexander g. hauptmann;wei-hao lin;rong yan;robert v. baron;mingyu chen;sean gilroy;michael d. gordon,Exploring the Synergy of Humans and Machines in Extreme Video Retrieval,"We introduce an interface for efficient video search that exploits the human ability to quickly scan visual content, after automatic retrieval has ar- range the images in expected order of relevance. While extreme video retrieval is taxing to the human, it is also extremely effective. Two variants of extreme retrieval are demonstrated, 1) RSVP which automatically pages through images with",Video Retrieval;Video Search;,Conference on Image and Video Retrieval,"2006
"
Jun Yang,2358,461,alexander g. hauptmann;jonathan j. wang;wei-hao lin;michael g. christel,Efficient search: the informedia video retrieval system,"We introduce an interface for efficient video search that exploits the human ability to quickly scan visual content, after an automatic system has done its best to arrange the images in order of relevance. While extreme video retrieval is taxing to the human, it has also been shown to be very effective. The system will demonstrate several ways to rapidly",Relevance Feedback;Video Retrieval;Video Search;,Conference on Image and Video Retrieval,"2008
"
Jun Yang,2359,461,yu-gang jiang;chong-wah ngo,Towards optimal bag-of-features for object categorization and semantic video retrieval,"Bag-of-features (BoF) deriving from local keypoints has re- cently appeared promising for object and scene classiflca- tion. Whether BoF can naturally survive the challenges such as reliability and scalability of visual classiflcation, nev- ertheless, remains uncertain due to various implementation choices. In this paper, we evaluate various factors which govern the performance of BoF. The factors include the choices of",Object Categorization;Texture Features;Video Retrieval;,Conference on Image and Video Retrieval,"2007
"
Jun Yang,2360,461,mingyu chen;alexander g. hauptmann,Finding Person X: Correlating Names with Visual Appearances,"People as news subjects carry rich semantics in broadcast news video and therefore finding a named person in the video is a major challenge for video retrieval. This task can be achieved by exploiting the multi-modal information in videos, including transcript, video structure, and visual features. We propose a comprehensive approach for finding specific persons in broadcast news videos by",High Performance;Video Retrieval;Visual Features;Broadcast News;,Conference on Image and Video Retrieval,"2004
"
Jun Yang,2361,461,alexander g. hauptmann,Annotating News Video with Locations,"The location of video scenes is an important semantic de- scriptor especially for broadcast news video. In this paper, we propose a learning-based approach to annotate shots of news video with locations extracted from video transcript, based on features from multiple video modalities including syntactic structure of transcript sentences, speaker identity, temporal video structure, and so on. Machine learning algorithms",Machine Learning;Broadcast News;,Conference on Image and Video Retrieval,"2006
"
Jun Yang,2362,461,alexander g. hauptmann,(Un)Reliability of video concept detection,"Great effort has been made to improve video concept detec- tion and continuous progress has been reported. With the current evaluation method being confined to carefully an- notated domains and thus quite forgiving, the reliability of the state-of-the-art concept classifiers remains in question. Adopting a more rigorous evaluation approach, we find that most concept classifiers built using the mainstream approach",Evaluation Method;,Conference on Image and Video Retrieval,"2008
"
Jun Yang,2363,461,dawei ding;qing li,"Multimedia Data Integration and Navigation through MediaView: Implementation, Evolution and Utilization",,Multimedia Data;,Database Systems for Advanced Applications,"2004
"
Jun Yang,2364,461,rong yan;alexander g. hauptmann,Adapting SVM Classifiers to Data with Shifted Distributions,"Many data mining applications can benefit from adapt- ing existing classifiers to new data with shifted distribu- tions. In this paper, we present Adaptive Support Vector Machine (Adapt-SVM) as an efficient model for adapting a SVM classifier trained from one dataset to a new dataset where only limited labeled examples are available. By in- troducing a new regularizer into SVM's",Classification Error;Data Mining Application;Objective Function;Selective Sampling;Support Vector Machine;,IEEE International Conference on Data Mining,"2007
"
Jun Yang,2365,461,lexing xie;rong yan,Multi-concept learning with large-scale multimedia lexicons,Multi-concept learning is an important problem in multimedia con- tent analysis and retrieval. It connects two key components in the multimedia semantic ecosystem: multimedia lexicon and semantic concept detection. This paper aims to answer two questions related to multi-concept learning: does a large-scale lexicon help concept detection? how many concepts are enough? Our study on a large- scale lexicon shows,Concept Learning;Discriminative Model;Indexing Terms;Large Scale;Logistic Regression;Model Choice;Multimedia Database;Naive Bayes;Pattern Recognition;Semantic Concept Detection;Statistical Significance;,International Conference on Image Processing,"2008
"
Jun Yang,2366,461,yueting zhuang;qing li;yunhe pan,A graphic-theoretic model for incremental relevance feedback in image retrieval,"Many traditional relevance feedback approaches for CBIR can only achieve limited short-term performance improvement without benefiting long-term performance. To remedy this limitation, we propose a graphic-theoretic model for incremental relevance feedback in image retrieval. Firstly, a two-layered graph model is introduced that describes the correlations between images. A learning strategy is then suggested to enrich the graph model with semantic",Graph Model;Image Retrieval;Learning Strategies;Link Analysis;Performance Improvement;Relevance Feedback;Theoretical Model;User Feedback;,International Conference on Image Processing,"2002
"
Jun Yang,2367,461,dawei ding;qing li;liping wang;wenyin liu,Automatic detection of Flash movie genre using Bayesian approach,,Automatic Detection;bayesian approach;,International Conference on Multimedia Computing and Systems/International Conference on Multimedia and Expo,"2004
"
Jun Yang,2368,461,wenyin liu;hongjiang zhang;yueting zhuang,Thesaurus-Aided Approach For Image Browsing And Retrieval,"The current trend of image retrieval is to incorporate image semantics with visual features to enhance retrieval performance. Although many approaches annotate images with keywords and process query at the semantic level, they fail to explore the full potentials of semantics. This paper proposes thesaurus-aided approaches to facilitate semantics-based access to images. The contribution of our work are two-fold: constructing",Image Browsing;Image Retrieval;Semantic Matching;Semantic Similarity;Visual Features;,International Conference on Multimedia Computing and Systems/International Conference on Multimedia and Expo,"2001
"
Jun Yang,2369,461,alexander g. hauptmann,Video grammar for locating named people,"Finding a named person in broadcast news video is important to video retrieval. Relying on the text information such as video tran-script and OCR text, this task suffers from the temporal mismatch between a person's visual appearance and his/her name occurred in text. By exploring video grammar on the concurrence pattern between faces and names, we propose an extended text-based",Video Retrieval;Broadcast News;,ACM/IEEE Joint Conference on Digital Libraries,"2004
"
Jun Yang,2370,461,alexander g. hauptmann,Exploring temporal consistency for video analysis and retrieval,"Temporal consistency is ubiquitous in video data, where temporally adjacent video shots usually share similar vi- sual and semantic content. This paper presents a thorough study of temporal consistency deflned with respect to se- mantic concepts and query topics using quantitative mea- sures, and discusses its implications to video analysis and retrieval tasks. We further show that, in interactive set-",Active Learning;Interactive Search;Interactive Video;Sampling Strategy;Semantic Concept Detection;Video Analysis;Video Retrieval;,Multimedia Information Retrieval,"2006
"
Jun Yang,2371,461,alexander g. hauptmann,A framework for classifier adaptation and its applications in concept detection,"There is often a need to adapt supervised classifiers such as semantic concept detectors across different domains of data. This paper describes a generic framework for function-level classifier adaptation based on regularized loss minimization. It directly modifies the decision function of an existing clas- sifier of any type into a classifier for a new domain, based on limited labeled data",Adaptive Algorithm;Multiple Classifiers;,Multimedia Information Retrieval,"2008
"
Jun Yang,2372,461,yu-gang jiang;alexander g. hauptmann;chong-wah ngo,Evaluating bag-of-visual-words representations in scene classification,"Based on keypoints extracted as salient image patches, an image can be described as a ""bag of visual words"" and this representation has been frequently used in scene clas- sification. The representation choices regarding the dimen- sion, selection, and weighting of visual words are crucial to the classification performance but have not been thoroughly studied in previous work. Given the",Image Representation;Interest Points;Scene Classification;Term Weighting;Text Categorization;Bag of Words;Bag of Visual Words;,Multimedia Information Retrieval,"2007
"
Jun Yang,2373,461,yueting zhuang;qing li,"Multi-Modal Retrieval for Multimedia Digital Libraries: Issues, Architecture, and Mechanisms","Supporting effective and efficient retrieval of multimedia data is a challenging problem in building a digital library. In this paper, we examine the issues related to accommodating multi-modal retrieval of multimedia data (text, image, video and audio), and propose 2M2Net as a generic framework for such versatile retrieval in multimedia digital libraries. The retrieval is conducted based on the integration",Digital Library;Multimedia Data;,Workshop on Multimedia Information Systems,"2001
"
Jun Yang,2374,461,michael g. christel;alexander g. hauptmann;wei-hao lin;mingyu chen;bryan maher;robert v. baron,Exploring the utility of fast-forward surrogates for bbc rushes,"This paper discusses in detail our approaches for p roducing the video summaries submitted to the TRECVID 2008 BBC rushes summarization task, including the baseline method. Empirical work produced during and after the TRECVID 2007 rushes summarization task gave strong evidence that a simp le 50x method (sampling every 50 th frame) provides excellent coverage (text inclusion performance). Our submissions",User Satisfaction;Video Summarization;,ACM Multimedia Conference,"2008
"
Jun Yang,2375,461,alexander g. hauptmann;michael g. christel;wei-hao lin;bryan maher;robert v. baron;guang xiang,Clever clustering vs. simple speedup for summarizing rushes,"This paper discusses in detail our approaches for producing the submitted summaries to TRECVID, including the two baseline methods. The cluster method performed well in terms of coverage, and adequately in terms of user satisfaction, but did take longer to review. We conducted additional evaluations using the same TRECVID assessment interface to judge 2 additional methods for summary generation: 25x",Clustering Method;User Satisfaction;User Study;,ACM Multimedia Conference,"2007
"
Jun Yang,2376,461,alexander g. hauptmann;wei-hao lin;rong yan;mingyu chen,Extreme video retrieval: joint maximization of human and computer performance,"We present an efficient system for video search that maximizes the use of human bandwidth, while at the same time exploiting the machine's ability to learn in real-time from user selected relevant video clips. The system exploits the human capability for rapidly scanning imagery augmenting it with an active learning loop, which attempts to always present the most relevant material",Active Learning;Human Interface;Human Performance;Image Similarity;Relevance Feedback;Video Retrieval;Video Search;Real Time;,ACM Multimedia Conference,"2006
"
Jun Yang,2377,461,alexander g. hauptmann,Naming every individual in news video monologues,"Naming every individual person appearing in broadcast news videos with names detected from the video transcript leads to better access of the news video content. In this paper, we approach this challenging problem with a statistical learning method. Two categories of information extracted from multiple video modalities have been explored, namely features, which help distinguish the true name of every",Information Extraction;Machine Learning;Statistical Learning;Broadcast News;,ACM Multimedia Conference,"2004
"
Jun Yang,2378,461,alexander g. hauptmann,"3WNews: who, where, and when in news video","We describe 3WNews as a novel system for browsing news video by the people (who) and locations (where) appearing in the footage as well as the time (when) of news events. The people names, locations, and time expressions are recognized from video transcript and their ambiguous references are resolved. As a key advantage, 3WNews distinguishes the people and locations that",Indexation;Video Browsing;,ACM Multimedia Conference,"2006
"
Jun Yang,2379,461,rong yan;alexander g. hauptmann,Multiple instance learning for labeling faces in broadcasting news video,"Labeling faces in news video with their names is an interesting research problem which was previously solved using supervised methods that demand significant user efforts on labeling training data. In this paper, we investigate a more challenging setting of the problem where there is no complete information on data labels. Specifically, by exploiting the uniqueness of a face's name, we",Learning Methods;Machine Learning;Multiple Instance Learning;Broadcast News;Multi Instance;,ACM Multimedia Conference,"2005
"
Jun Yang,2380,461,rong yan;alexander g. hauptmann,Cross-domain video concept detection using adaptive svms,"Many multimedia applications can benefit from techniques for adapting existing classifiers to data with different distri- butions. One example is cross-domain video concept detec- tion which aims to adapt concept classifiers across various video domains. In this paper, we explore two key problems for classifier adaptation: (1) how to transform existing clas- sifier(s) into an effective classifier for a new",Classification Accuracy;General Methods;Multimedia Application;Objective Function;Support Vector Machine;,ACM Multimedia Conference,"2007
"
Jun Yang,2381,461,rong yan;alexander g. hauptmann,Learning query-class dependent weights in automatic video retrieval,"Combining retrieval results from multiple modalities plays a crucial role for video retrieval systems, especially for automatic video retrieval systems without any user feedback and query expansion. However, most of current systems only utilize query independent combination or rely on explicit user weighting. In this work, we propose using query-class dependent weights within a hierarchial mixture-of-expert framework to combine multiple",Mixture of Experts;Query Expansion;User Feedback;Video Retrieval;,ACM Multimedia Conference,"2004
"
Jun Yang,2382,461,qing li;yueting zhuang,Modeling Data and User Characteristics by Peer Indexing in Content-based Image Retrieval,"Modeling the characteristics of specific images and individual users is a critical issue in content-based image retrieval but insufficiently addressed by the current retrieval approaches. In this paper, we propose a novel approach to data- adaptive and user-adaptive image retrieval based on the idea of peer indexing—describing an image through semantically relevant peer images. Specifically, we associate each image with",Content Based Image Retrieval;Data Model;Image Retrieval;Indexation;Similarity Metric;User Adaptation;Visual Features;User Model;,Multimedia Modeling,"2003
"
Jun Yang,2383,461,qing li;yueting zhuang,MediaView: A Semantic View Mechanism for Multimedia Modeling,"The semantics of multimedia data, which features context-dependency and media-independency, is of vital importance to multimedia applications but inadequately supported by the state-of-the-art database technology. In this paper, we address this problem by proposing MediaView as an extended object-oriented view mechanism to bridge the ""semantic gap"" between conventional databases and semantics-intensive multimedia applications. This mechanism captures the dynamic semantics of",Heterogeneous Media;Information Retrieval System;Multimedia Application;Multimedia Data;Object Oriented;Semantic Gap;Similarity Relation;Context Dependent;,IEEE Pacific Rim Conference on Multimedia,"2002
"
Jun Yang,2384,461,yueting zhuang;qing li,Search for Multimodality Data in Digital Libraries,"Developing effective and efficient retrieval techniques for multimedia data is a challenging issue in building a digital library. Unlike most previously proposed retrieval approaches that focus on a specific media type, this paper presents 2M2Net as a seamless integration framework for retrieval of multi-modality data in digital libraries. As its specific approaches, a learning- from-elements strategy is devised for propagation",Digital Library;Multimedia Data;Relevance Feedback;Semantic Description;,IEEE Pacific Rim Conference on Multimedia,"2001
"
Jun Yang,2385,461,yan liu;eric p. xing;alexander g. hauptmann,Harmonium Models for Semantic Video Representation and Classification,"Accurate and e-cient video classiflcation demands the fusion of multimodal information and the use of in- termediate representations. Combining the two ideas into the same framework, we propose a probabilistic approach for video classiflcation using intermediate se- mantic representations derived from the multi-modal features. Based on a class of bipartite undirected graph- ical models named harmonium, our approach represents video",Color Histogram;Probabilistic Approach;,SIAM International Conference on Data Mining,"2007
"
Jun Yang,2386,461,alexander g. hauptmann;mingyu chen;michael g. christel;wei-hao lin,A Hybrid Approach to Improving Semantic Extraction of News Video,"In this paper we describe a hybrid approach to improving semantic extraction from news video. Experiments show the value of careful parameter tuning, exploiting multiple feature sets and multilingual linguistic resources, applying text retrieval approaches for image features, and establishing synergy between multiple concepts through undirected graphical models. No single approach provides a consistently better result for every concept detection,",Graphical Model;Hybrid Approach;Image Features;Parameter Tuning;Text Retrieval;,IEEE Internet Computing,"2007
"
Jun Yang,2387,461,alexander g. hauptmann,Multi-modal analysis for person type classification in news video,"Classifying the identities of people appearing in broadcast news video into anchor, reporter, or news subject is an im- portant topic in high-level video analysis. Given the visual resemblance of different types of people, this work explores multi-modal features derived from a variety of evidences, such as the speech identity, transcript clues, temporal video structure, named entities, and uses a",Modal Analysis;Named Entity;Personality Type;Statistical Learning;Video Analysis;Broadcast News;,Storage and Retrieval for Image and Video Databases,"2005
"
Jun Yang,2388,461,murray campbell;alexander haubold;ming liu;apostol natsev;john r. smith;jelena tesic;lexing xie;rong yan,IBM Research TRECVID-2007 Video Retrieval System,"In this paper, we describe the IBM Research system for indexing, analysis, and retrieval of video as applied to the TREC-2007 video retrieval benchmark. This year, focus of the system improvement was on cross-domain learning, automation, scalability, and interactive search. Keywords—Multimedia indexing, content-based re- trieval, Support Vector Machines, Model Vectors, Model- based reranking.",Indexation;Interactive Search;Multimedia Indexing;Support Vector Machine;Video Retrieval;,TREC Video Retrieval Evaluation,"2007
"
Jun Yang,2389,461,alexander g. hauptmann;robert v. baron;mingyu chen;michael g. christel;wei-hao lin;xinghua sun;víctor valdés;lily b. mummert;steven w. schlosser,Informedia @ TRECVID2008: Exploring New Frontiers,,,TREC Video Retrieval Evaluation,"2008
"
Jun Yang,2390,461,alexander g. hauptmann;michael g. christel;wei-hao lin;bryan maher;robert v. baron;guang xiang,Summarizing BBC Rushes the Informedia Way,"For the first time in 2007, TRECVID considered structured evaluation of automated video summarization, utilizing BBC rushes video. This paper discusses in detail our approaches for producing the submitted summaries to TRECVID, including the two baseline methods. The cluster method performed well in terms of coverage, and adequately in terms of user satisfaction, but did take longer to review. We",Clustering Method;User Satisfaction;Video Summarization;,,"2007
"
Jun Yang,2391,461,qing li;yueting zhuang,Web-Based Multimedia Retrieval: Balancing Out between Common Knowledge and Personalized Views,"The major challenges of multimedia retrieval are the difficulty of generating semantic indexes, as well as the incapability of identifying personalized user interests. This paper attempts to address both problems by suggesting a collaborative yet personalized approach for web-based multimedia retrieval, which employs a synergy between relevance feedback technique from the Information Retrieval community, and user profiling technique from the",Common Knowledge;Information Filtering;Information Retrieval;Multimedia Data;Multimedia Retrieval;Relevance Feedback;Semantic Indexing;User Feedback;User Profile;,Web Information Systems Engineering,"2001
"
Jun Yang,2392,461,qing li;wenyin liu;yueting zhuang,Search for FlashTM Movies on the Web,,,Web Information Systems Engineering,"2002
"
Jun Yang,2393,461,dawei ding;qing li;liping wang;wenyin liu,Towards a flash search engine based on expressive semantics,"Flash, as a multimedia format, becomes more and more popular on the Web. However, previous works on Flash are totally based on low-level features, which make it unpractical to build a content-based Flash search engine. To address this problem, our paper proposes expressive semantics for bridging the gap between low-level features and user queries. To smoothly incorporate expressive semantics into",Eigenvectors;Link Analysis;Search Engine;,World Wide Web Conference Series,"2004
"
Jun Yang,2394,461,qing li;yueting zhuang,OCTOPUS: aggressive search of multimodality data using multifaceted knowledge base,"An important trend in Web information processing is the support of multimedia retrieval. However, the most prevailing paradigm for multimedia retrieval, content-based retrieval (CBR), is a rather conservative one whose performance depends on a set of specifically defined low-level features and a carefully chosen sample object. In this paper, an aggressive search mechanism called Octopus is proposed which addresses the",Content Based Retrieval;Graph Model;Information Need;Information Processing;Knowledge Base;Link Analysis;Multimedia Retrieval;Relevance Feedback;Satisfiability;User Behavior;,World Wide Web Conference Series,"2002
"
Jun Yang,2395,461,jian zhai;qing li;wenyin liu;bo feng,Rich Media Retrieval on the Web - a Multilevel Indexing Approach,,Indexation;,World Wide Web Conference Series,"2003
"
Jun Yang,2396,461,qing li;yueting zhuang,Towards Data-Adaptive and User-Adaptive Image Retrieval by Peer Indexing,"Abstract: Adaptation to the characteristics of specific images and individual users isa critical issue in image retrieval but insufficiently addressed by the current retrieval approaches. In this paper, we propose a novel approach to data-adaptive and user-adaptive image retrieval based on the idea of peer indexing—describing an image,through semantically relevant peer images. Specifically, we associate eachimage with two-level peer index",Content Based Image Retrieval;Image Retrieval;Indexation;Similarity Metric;User Adaptation;Visual Features;,International Journal of Computer Vision,"2004
"
Jun Yang,2397,461,qing li;wenyin liu;yueting zhuang,"Content-based retrieval of FlashTM movies: research issues, generic framework, and future directions","As a prevailing web media format, nowadays Flash™ movies are created, delivered, and viewed by over millions of users in their daily experiences with the Internet. However, issues regarding the indexing and retrieval of Flash movies are unfortunately overlooked by the research community, which severely restrict the utilization of the extremely valuable Flash resource. A close examination reveals that the",Content Based Retrieval;Heterogeneous Media;Indexing and Retrieval;Layered Structure;Multimedia Information Retrieval;User Interaction;,Multimedia Tools and Applications,"2007
"
Jun Yang,2398,461,rong yan;yan liu;eric p. xing,Harmonium Models for Video Classification,"Accurate and efficient video classification demands the fusion of multimodal information and the use of intermediate representations. Combining the two ideas into one framework, we propose a series of probabilistic models for video representation and classification using intermediate semantic representations derived from multimodal features of video. On the basis of a class of bipartite undirected graphical models named harmonium, we",Color Histogram;Data Mining;Data Representation;Graphical Model;Intermediate Representation;Probabilistic Model;Semantic Interpretation;Semantic Representation;,Statistical Analysis and Data Mining,"2008
"
Jun Yang,2399,461,qing li;wenyin liu;yueting zhuang,Searching for Flash Movies on the Web: A Content and Context Based Framework,"The phenomenal growth of online Flash movies in recent years has made Flash one of the most prevalent media formats on the Web. The retrieval and management issues of Flash, vital to the utilization of the enormous Flash resource, are unfortunately overlooked by the research community. This paper presents the first piece of work (to the best of our knowledge)",Content Based Retrieval;Contextual Information;Search Engine;,World Wide Web,"2005
"
Jun Yang,2400,462,peifeng ji;woon-seng gan;ee-leng tan,Performance analysis on recursive single-sideband amplitude modulation for parametric loudspeakers,,Amplitude Modulated;Performance Analysis;,International Conference on Multimedia Computing and Systems/International Conference on Multimedia and Expo,"2010
"
Jun Yang,2401,462,yuan wen;woon-seng gan,Application of radiation mode in desired sound field generation using loudspeaker array,Abstract—This  paper  presents  two  preprocessing  methods  for  the task  of  generating  a  desired  response  in  a  target  region  while simultaneously depressingthe sound pressure level (SPL) ina stop region using a loudspeaker array. The first is a least square method  applying  a  commonly  used  cost  function.  The  complex source  strengths/weights  are  obtained  by  optimizing  the cost  function.  The  least  square  solution,Cost Function;Least Square Method;Least Squares Solution;Sound Pressure Level;,IEEE International Symposium on Circuits and Systems,"2005
"
Jun Yang,2402,462,yuan wen;woon-seng gan,A Fast Algorithm for the Sound Projection Using Multiple Sources,"SUMMARY An algorithm for the sound projection using multiple sources is presented. The source strength vector is obtained by using a fast estimation approach instead of the conventional eigenvalue decompo- sition (EVD) method. The computation load is therefore greatly reduced,",Eigenvalue Decomposition;Eigenvalues;Fast Algorithm;,Ieice Transactions,"2005
"
Jun Yang,2403,462,yuan wen;woon-seng gan,Strategies for an Acoustical-Hotspot Generation,"SUMMARY Two methods for hotspot generation using multiple sources, known as time-delay (TD) method and maximum-control-gain (MCG) method are investigated in the two typical acoustical fields, namely, the free field and a rectangular room. Based on the theoretical analysis and simulations, strategies are developed according to the sound field where the target region is defined. In the free field, the",Near Field;Optimal Control;Theoretical Analysis;Time Delay;,Ieice Transactions,"2005
"
Jun Yang,2404,462,yuan wen;woon-seng gan,Target-Oriented Acoustic Radiation Generation Technique for Sound Field Control,,General Techniques;,Ieice Transactions,"2006
"
Jun Yang,2405,462,yuan wen;woon s. gan,Nonlinear least-square solution to flattop pattern synthesis using arbitrary linear array,,Nonlinear Least Squares;Linear Array;,Signal Processing,"2005
"
Jun Yang,2406,462,woon-seng gan;k.-s. tan;er meng-hwa,A digital beamsteerer for difference frequency in a parametric array,"products based on the parametric array are also available. However, most of the parametric array makes use of perfectly collimated plane waves, and the difference frequency com- ponents due to acoustic nonlinearity has not been utilized for beamforming/steering. In this paper, a steerable audio system using weighted parametric array will be discussed. This paper is organized in the following sections.",Plane Waves;Difference Frequency Generation;,"IEEE Transactions on Audio, Speech & Language Processing","2006
"
Jun Yang,2407,463,qi xing;changqian zhu,An Efficient Visualization of Implicit Surfaces,,Implicit Surface;,IEEE Control Systems Magazine,"2008
"
Jun Yang,2408,463,changqian zhu;hua zhang,Surface Reconstruction with Least Square Reproducing Kernel and Partition of Unity,,Least Square;Partition of Unity;Reproducing Kernel;Surface Reconstruction;,International Conference on Artificial Reality and Telexistence,"2006
"
Jun Yang,2409,463,zhengning wang;changqian zhu;qiang peng,Implicit Surface Reconstruction from Scattered Point Data with Noise,,Implicit Surface;,International Conference on Computational Science,"2007
"
Jun Yang,2410,463,zhengning wang;qiang peng;zheng ma;changqian zhu,A Fast Transform Domain Based Algorithm for H.264/AVC Intra Prediction,,Intra Prediction;,International Conference on Multimedia Computing and Systems/International Conference on Multimedia and Expo,"2007
"
Jun Yang,2411,464,peng cao;chao wang;longxing shi,Area-efficient line-based two-dimensional discrete wavelet transform architecture without data buffer,,Discrete Wavelet Transform;,International Conference on Multimedia Computing and Systems/International Conference on Multimedia and Expo,"2009
"
Jun Yang,2412,464,luo chun;gao gugang;shi longxing,Domain fault model and coverage metric for SoC verification,,Fault Model;,IEEE International Symposium on Circuits and Systems,"2005
"
Jun Yang,2413,464,luo chun;shi longxing;wu xufan;zhang yu,Domain Strategy and Coverage Metric for Validation,,,International Symposium on Quality Electronic Design,"2005
"
Jun Yang,2414,464,xin chen;longxing shi,A Novel Fast-Lock-in Digitally Controlled Phase-Locked Loop,,Digital Controller;Phase Lock Loop;,Ieice Transactions,"2008
"
Jun Yang,2415,464,xuexiang wang;hanlai pu;longxing shi,Extended Control Flow Graph Based Performance and Energy Consumption Optimization Using Scratch-Pad Memory,,Energy Consumption;Control Flow Graph;Scratch Pad Memory;,"Journal of Circuits, Systems, and Computers","2009
"
Jun Yang,2416,465,anto satriyo nugroho;kazunobu yamauchi;kentaro yoshioka;jiang zheng;kai wang;ken kato;susumu kuroyanagi;akira iwata,Efficacy of Interferon Treatment for Chronic Hepatitis C Predicted by Feature Subset Selection and Support Vector Machine,,Chronic Hepatitis C;Feature Subset Selection;Support Vector Machine;,Journal of Medical Systems,"2007
"
Jun Yang,2417,466,huaguang zhang,Delay-Dependent Stability of a Class of Nonlinear Systems with Time Delays Based on Fuzzy Hyperbolic Model,,Nonlinear System;Time Delay;,International Conference on Intelligent Computing,"2006
"
Jun Yang,2418,466,huaguang zhang;chun-yi su,TS Fuzzy-Model-Based Robust H INFINITY Design for Networked Control Systems With Uncertainties,,Networked Control System;t-s fuzzy model;,IEEE Transactions on Industrial Informatics,"2007
"
Jun Yang,2419,467,deyun zhang;yunyi zhang,An Energy-Efficient Data Gathering Protocol for Wireless Sensor Networks,,Data Gathering;Energy Efficient;Wireless Sensor Network;,ACIS International Conference on Computer and Information Science,"2009
"
Jun Yang,2420,467,yunyi zhang;deyun zhang;wei wei,Cluster-Based Error Messages Detecting and Processing for Wireless Sensor Networks,,Wireless Sensor Network;,IEEE Control Systems Magazine,"2008
"
