author,pid,label,coauthor,title,abstract,keywords,venue,year
Jun Sun,2108,443,jin song dong;yuzhang feng;yuan-fang li,A Tools Environment for Developing and Reasoning about Ontologies,"Started in the beginning of 2001, the Semantic Web is re- garded by many as the next generation of the Web. Ontol- ogy languages are the building blocks of Semantic Web as they provide basic vocabularies for data markups: the on- tologies. The correctness of shared ontologies is crucial to the proper functioning of agents. Hence ensuring the con- sistency",Building Block;Formal Language;Formal Method;Semantic Web;Tool Support;Next Generation;,Asia-Pacific Software Engineering Conference,"2005
"
Jun Sun,2109,443,yang liu;jin song dong;jun pang,PAT: Towards Flexible Verification under Fairness,"Recent development on distributed systems has shown that a variety of fairness constraints (some of which are only recently defined) play vital roles in designing self-stabilizing population protocols. Current practice of system anal- ysis is, however, deficient under fairness. In this work, we present PAT, a toolkit for flexible and efficient system analysis under fairness. A unified algorithm is proposed",Distributed System;Empirical Evaluation;Model Checking;System Analysis;,Computer Aided Verification,"2009
"
Jun Sun,2110,443,jin song dong,Synthesis of Distributed Processes from Scenario-Based Specifications,,Distributed Processing;,World Congress on Formal Methods,"2005
"
Jun Sun,2111,443,yang liu;abhik roychoudhury;shanshan liu;jin song dong,Fair Model Checking with Process Counter Abstraction,"Parameterized systems are characterized by the presence of a large (or even unbounded) number of behaviorally similar processes, and they often appear in distributed/concurrent systems. A common state space abstraction for checking parameterized systems involves not keeping track of process identifiers by grouping behaviorally similar processes. Such an abstraction, while useful, conflicts with the notion of fairness. Because process identifiers",Automated Verification;Concurrent Systems;Group Behavior;Localized State;Model Checking;State Space;On The Fly;,World Congress on Formal Methods,"2009
"
Jun Sun,2112,443,jin song dong,Extracting FSMs from Object-Z Specifications with History Invariants,"Object-Z with history invariants can present precise and abstract models for complex systems. The system behav- ior patterns are often implicitly embedded within various state/operational constraints and history invariants. With- out explicit system behavior representations, it is difficult to implement those abstract models. In this paper, we present a sound and systematic approach to automatically extract ex- plicit system behaviors",Complex System;Embedded System;Finite State Machine;Open System;Satisfiability;Software Specification;System Design;Theorem Prover;,International Conference on Engineering of Complex Computer Systems,"2005
"
Jun Sun,2113,443,jin song dong,Model Checking Live Sequence Charts,"Live Sequence Charts (LSCs) are a broad extension to Message Sequence Charts (MSCs) to capture complex inter- object communication rigorously. A tool support for LSCs, named PlayEngine, is developed to interactively ""play- in"" and ""play-out"" scenarios. However, PlayEngine can- not automatically expose system design inconsistencies, e.g. conflicts between universal charts and etc. CSP is a for- mal language to specify",Live Sequence Chart;Message Sequence Chart;Model Checking;System Design;Tool Support;,International Conference on Engineering of Complex Computer Systems,"2005
"
Jun Sun,2114,443,hai h. wang;nick gibbins;terry r. payne;ahmed saleh,A Formal Semantic Model of the Semantic Web Service Ontology (WSMO),"Semantic Web Services, one of the most significant re- search areas within the Semantic Web vision, has attracted increasing attention from both the research community and industry. The Web Service Modelling Ontology (WSMO) has recently been proposed as an enabling framework for the total/partial automation of the tasks (e.g., discovery , selection, composition, mediation, execution, monitorin g, etc.) involved in",Development Tool;Formal Semantics;Semantic Web;Semantic Web Service;Tool Support;Web Service;Web Service Modelling Ontology;,International Conference on Engineering of Complex Computer Systems,"2007
"
Jun Sun,2115,443,hai h. wang;nick gibbins;terry r. payne;ahmed saleh,A Formal Model of Semantic Web Service Ontology (WSMO) Execution,"Semantic Web Services have been one of the most sig- nificant research areas within the Semantic Web vision, and have been recognized as a promising technology that ex- hibits huge commercial potential. Current Semantic Web Service research focuses on defining models and languages for the semantic markup of all relevant aspects of services, which are accessible through a Web service",Development Tool;Formal Semantics;Semantic Web;Semantic Web Service;Tool Support;Web Service;Web Service Modelling Ontology;,International Conference on Engineering of Complex Computer Systems,"2008
"
Jun Sun,2116,443,stephen wong;jing sun;ian warren,A Scalable Approach to Multi-style Architectural Modeling and Verification,"Software Architecture represents the high level descrip- tion of a system in terms of components, external properties and communication. Despite its importance in the software engineering process, the lack of formal description and ver- ification support limits the value of developing architectural models. Automated formal engineering methods can pro- vide an effective means to precisely describe and rigorously verify intended",Architectural Style;Complex System;Software Architecture;Software Engineering;Software Architecture Model;,International Conference on Engineering of Complex Computer Systems,"2008
"
Jun Sun,2117,443,chunqing chen;jin song dong,Machine-Assisted Proof Support for Validation Beyond Simulink,"Simulink is popular in industry for modeling and simulating embedded systems. It is deflcient to handle requirements of high-level assurance and timing analysis. Previously, we showed the idea of ap- plying Timed Interval Calculus (TIC) to complement Simulink. In this paper, we develop machine-assisted proof support for Simulink models represented in TIC. The work is based on a generic theorem",Embedded System;Modeling and Simulation;Theorem Prover;Timing Analysis;Real Time;Timed Interval Calculus;,IEEE International Conference on Formal Engineering Methods,"2007
"
Jun Sun,2118,443,jin song dong;ping hao;shengchao qin;wang yi,Timed Patterns: TCOZ to Timed Automata,"The integrated logic-based modeling language, Timed Communicat- ing Object Z (TCOZ), is well suited for presenting complete and coherent re- quirement models for complex real-time systems. However, the challenge is how to verify the TCOZ models with tool support, especially for analyzing timing properties. Specialized graph-based modeling technique, Timed Automata (TA), has powerful mechanisms for designing real-time models using multiple",Case Study;Modeling Language;Modeling Technique;Timed Automata;Tool Support;Real Time;Real Time Systems;,IEEE International Conference on Formal Engineering Methods,"2004
"
Jun Sun,2119,443,jin song dong;ping hao;xian zhang,A Reasoning Method for Timed CSP Based on Constraint Solving,"Timed CSP extends CSP by introducing a capability to quantify temporal aspects of sequencing and synchronization. It is a powerful language to model real time reactive systems. However, there is no veriflcation tool support for proving critical properties over sys- tems modelled using Timed CSP. In this work, we construct a reasoning method using Constraint Logic Programming (CLP) as an",Case Study;Constraint Logic Programs;Constraint Solving;Reactive System;Safety Properties;Tool Support;Upper Bound;Real Time;Real Time Systems;,IEEE International Conference on Formal Engineering Methods,"2006
"
Jun Sun,2120,443,jin song dong;yuan-fang li;jing sun;hai h. wang,XML-Based Static Type Checking and Dynamic Visualization for TCOZ,"Timed Communicating Object Z (TCOZ) combines Object-Z's strengths in modelling complex data and state with TCSP's strengths in modeling real-time concurrency. Based on our previous work on the XML environment for TCOZ, this paper firstly demonstrates the development of a type checker for detecting static semantic errors of the TCOZ specification, then illustrates a transformation tool to automatically project TCOZ",Complex Data;Dynamic System;Tool Support;Type Checking;Real Time;Timed Communicating Object Z;,IEEE International Conference on Formal Engineering Methods,"2002
"
Jun Sun,2121,443,jin song dong;jing sun;kenji taguchi;xian zhang,Specifying and Verifying Sensor Networks: An Experiment of Formal Methods,"With the development of sensor technology and electronic miniatur- ization, wireless sensor networks have shown a wide range of promising applica- tions as well as challenges. Early stage sensor network analysis is critical, which allows us to reveal design errors before sensor deployment. Due to their distin- guishable features, system specification and verification of sensor networks are highly non-trivialtasks. On",Active Sensor;Formal Analysis;Formal Method;Formal Verification;Sensor Deployment;Sensor Network;Specification and Verification;Wireless Sensor Network;,IEEE International Conference on Formal Engineering Methods,"2008
"
Jun Sun,2122,443,yang liu;jin song dong;hai h. wang,Specifying and Verifying Event-Based Fairness Enhanced Systems,"Liveness/Fairness plays an important role in software specification, verification and development. Existing event-based compositional models are safety-centric. In this paper, we describe a framework for systematically speci- fying and verifying event-based systems under fairness assumptions. We intro- duce different event annotations to associate fairness constraints with individual events. Fairness annotated events can be used to embed liveness/fairness assump- tions in",Base Composition;event-based system;Model Checking;Partial Order Reduction;Software Specification;,IEEE International Conference on Formal Engineering Methods,"2008
"
Jun Sun,2123,443,yang liu;jin song dong;xian zhang,Verifying Stateful Timed CSP Using Implicit Clocks and Zone Abstraction,,,IEEE International Conference on Formal Engineering Methods,"2009
"
Jun Sun,2124,443,yuan-fang li;hai h. wang;jing sun,Visualizing and Simulating Semantic Web Services Ontologies,"The development of Web Services has transformed the World Wide Web into a more application-aware information portal. The vari- ous standards ensure that Web Services are interpretable and extensible, opening up possibilities for simple services to be combined to build com- plex ones. The Semantic Web presents a new mechanism for users and software agents to discover, describe, invoke, compose",Live Sequence Chart;Process Model;Semantic Web;Semantic Web Service;Software Agent;Software Engineering;Tool Support;Visual Simulation;Web Service;World Wide Web;,IEEE International Conference on Formal Engineering Methods,"2005
"
Jun Sun,2125,443,chunqing chen;jin song dong,A verification system for timed interval calculus,"Timed Interval Calculus (TIC) is a highly expressive set-based no- tation for specifying and reasoning about embedded real-time sys- tems. However, it lacks mechanical proving support, as its verifica- tion usually involves infinite time intervals and continuous dynam- ics. In this paper, we develop a system based on a generic theorem prover, Prototype Verification System (PVS), to assist formal ver-",Specification Language;Theorem Prover;Theorem Proving;Higher Order Logic;Prototype Verification System;Real Time;Real Time Systems;Timed Interval Calculus;,International Conference on Software Engineering,"2008
"
Jun Sun,2126,443,jin song dong;shengchao qin,Generating MSCs from an Integrated Formal Specification Language,"The requirements capture of complex systems requires pow- erful mechanisms for specifying system state, structure and interactive behaviors. Integrated formal specification languages are well suited for presenting more complete and coherent requirement models for complex systems. Given an integrated model, one can project it into multiple views for specialized analysis. Message Sequence Charts (MSCs) is a popular graphical notation for",Complex System;Formal Specification Language;Integrable Model;Message Sequence Chart;Multiple Views;Requirement Engineering;,Integrated Formal Methods,"2004
"
Jun Sun,2127,443,jin song dong;yuzhang feng;jing sun,Context Awareness Systems Design and Reasoning,"This paper reports a recent research investigation on an integrated formal approach to model and verify sensor constraints and relations in the context awareness systems. I. I NTRODUCTION The challenge for designing complex sensor based context awareness system is how to precisely capture communicating behaviors, sensor constraints, and real-time system properties in a highly structured and integrated model. In particular,",Autonomous Control;Context Aware;context-aware systems;Design Model;Formal Model;Integrable Model;Java Programming;Light Intensity;Mobile Device;Mobile Phone;Rfid Tag;Real Time Systems;Timed Communicating Object Z;,Leveraging Applications of Formal Methods,"2006
"
Jun Sun,2128,443,yang liu;jin song dong,Model Checking CSP Revisited: Introducing a Process Analysis Toolkit,"FDR, initially introduced decades ago, is the de facto analyzer for Communicating Sequential Processes (CSP). Model checking techniques have been evolved rapidly since then. This paper describes PAT, i.e., a process analysis toolkit which complements FDR in several aspects. PAT is designed to analyze event-based compositional system models specified using CSP as well as shared variables and asynchronous message passing.",Base Composition;Communicating Sequential Process;Message Passing;Model Checking;Partial Order Reduction;Process Analysis;System Modeling;,Leveraging Applications of Formal Methods,"2008
"
Jun Sun,2129,443,zhenchang xing;yang liu;jin song dong,SpecDiff: debugging formal specifications,"This paper presents our SpecDiff tool that exploits the model differencing technique for debugging and understanding evolving behaviors of formal specifications. SpecDiff has been integrated in the Process Analysis Toolkit (PAT), a framework for formal specification, verification and simulation. SpecDiff is able to assist in diagnosing system faults, understanding the impacts of specification optimization techniques, and revealing the system change",Formal Specification;Model Checking;Optimization Technique;Process Analysis;,Automated Software Engineering,"2010
"
Jun Sun,2130,443,jin song dong;hai h. wang;chew hung lee;hian beng lee,Analysing Web Ontology in Alloy: A Military Case Study,"Correctness is the essential requirement criteria for mil- itary web ontology based information systems. Reasoning and consistency checking can be useful at many stages dur- ing the design, maintenance and deployment of Semantic Web (SW) ontology. Formal methods can provide automatic reasoning and consistency checking services for SW. In this paper, we use military plan ontology as a case study",Case Study;Consistency Checking;Formal Method;Information System;Semantic Web;,Software Engineering and Knowledge Engineering,"2003
"
Jun Sun,2131,443,jin song dong,Towards Expressive Specification and Efficient Model Checking,,Model Checking;,Theoretical Aspects of Software Engineering,"2009
"
Jun Sun,2132,443,yang liu;jin song dong;chunqing chen,Integrating Specification and Programs for System Modeling and Verification,"High level specification languages like CSP use math- ematical objects as abstractions to represent systems and processes. System behaviors are described as process ex- pressions combined with compositional operators, which are associated with elegant algebraic laws for system anal- ysis. Nonetheless, modeling systems with non-trivial data and functional aspects using CSP remains difficult. In this work, we propose a modeling",Composition Operator;Mechanical Systems;Model System;Modeling Language;Specification Language;System Modeling;,Theoretical Aspects of Software Engineering,"2009
"
Jun Sun,2133,443,yang liu;jin song dong;jing sun,Bounded Model Checking of Compositional Processes,"Verification techniques like SAT-based bounded model checking have been successfully applied to a variety of sys- tem models. Applying bounded model checking to composi- tional process algebras is, however, not a trivial task. One challenge is that the number of system states for process algebra models is not statically known, whereas explor- ing the full state space is computationally expensive.",Bounded Model Checking;Model Checking;Sat Solver;State Space;State Space Explosion;Temporal Properties;On The Fly;Process Algebra;,Theoretical Aspects of Software Engineering,"2008
"
Jun Sun,2134,443,hai h. wang;shengchao qin;jin song dong,Realizing Live Sequence Charts in SystemVerilog,"The design of an embedded control system starts with an investigation of properties and behaviors of the process evolving within its environment, and an analysis of the re- quirement for its safety performance. In early stages, sys- tem requirements are often specified as scenarios of behav- ior using sequence charts for different use cases. This spec - ification must be",Design Model;Embedded Control System;Live Sequence Chart;Use Case;,Theoretical Aspects of Software Engineering,"2007
"
Jun Sun,2135,443,yuan-fang li;jing sun;gillian dobbie;hai h. wang,Validating Semistructured Data Using OWL,,semistructured data;,Web-Age Information Management,"2006
"
Jun Sun,2136,443,chunqing chen;jin song dong,A formal framework for modeling and validating Simulink diagrams,"Simulink has been widely used in industry to model and simulate embedded systems. With the increasing usage of embedded systems in real-time safety-critical situations, Simulink becomes deflcient to analyze (timing) requirements with high-level assurance. In this article, we apply Timed Interval Calculus (TIC), a real-time speciflcation language, to complement Simulink with TIC formal veriflcation capability. We elaborately construct TIC library",Design Space;Embedded System;formal veriflcation;Modeling and Simulation;Open System;Theorem Prover;Real Time;Timed Interval Calculus;,Formal Aspects of Computing,"2009
"
Jun Sun,2137,443,yang liu;jin song dong;jing sun,Compositional encoding for bounded model checking,,Bounded Model Checking;,Frontiers of Computer Science in China,"2008
"
Jun Sun,2138,443,yuan-fang li;jing sun;gillian dobbie;hai h. wang,Reasoning About ORA-SS Data Models Using the Semantic Web,"There has been a rapid growth in the use of semistructured data in both web applications and database systems. Consequently, the design of a good semistructured data model is essential. In the relational database community, al- gorithms have been defined to transform a relational schema from one normal form to a more suitable normal form. These algorithms have been shown",Automated Reasoning;Consistency Checking;Data Model;Database System;Formal Semantics;Formal Verification;Normal Form;Relational Database;Semantic Web;semistructured data;Web Ontology Language;Ontology Web Language;,Journal on Data Semantics,"2006
"
Jun Sun,2139,443,hai h. wang;jin song dong;jing sun,Reasoning support for Semantic Web ontology family languages using Alloy,,Language Use;Semantic Web;,Multiagent and Grid Systems,"2006
"
Jun Sun,2140,443,chunqing chen;jin song dong;andrew martin,A verification system for interval-based specification languages,"Interval-based specification languages have been used to formally model and rigorously reason about real-time computing systems. This usually involves logical reasoning and mathematical computation with respect to continuous or discrete time. When these systems are complex, analyzing their models by hand becomes error-prone and difficult. In this article, we develop a verification system to facilitate the formal analysis of interval-based",Discrete Time;Duration Calculus;Formal Analysis;Formal Model;Formal Specification Language;Real-time Computing;Specification Language;Theorem Prover;Theorem Proving;Prototype Verification System;Real Time Systems;Timed Interval Calculus;,ACM Transactions on Software Engineering and Methodology,"2010
"
Jun Sun,2141,443,jin song dong;ping hao;shengchao qin;wang yi,Timed Automata Patterns,,Timed Automata;,IEEE Transactions on Software Engineering,"2008
"
Jun Sun,2142,443,jin song dong,Design Synthesis from Interaction and State-Based Specifications,Interaction-based and state-based modeling are two complementary approaches of behavior modeling. The former focuses on global interactions between system components. The latter concentrates on the internal states of individual components. Both approaches have been proven useful in practice. One challenging and important research objective is to combine the modeling power of both effectively and then use the combination as the,Behavior Modeling;Distributed Design;Live Sequence Chart;,IEEE Transactions on Software Engineering,"2006
"
Jun Sun,2143,444,wanghong yuan;mahesh kallahalla;nayeem islam,HAIL: a language for easy and correct device access,"It is difficult to write device drivers. One factor is that writing low-level code for accessing devices and manipulating their registers is tedious and error-prone. For many system-on-chip based systems, buggy hardware, imprecise documentation, and code reuse worsen the situation further. This paper presents HAIL (Hardware Access Interface Language), a language-based approach to simplify device access programming and generate error",Access Method;Automatic Code Generation;Code Reuse;Device Driver;Difference Operator;Domain Specific Language;Embedded System;Generalization Error;Software Reuse;Specification and Verification;System On Chip;,International Workshop on Embedded Systems,"2005
"
Jun Sun,2144,445,jane w.-s. liu,Synchronization Protocols in Distributed Real-Time Systems,"In many distributed real-time systems, the workload can be modeled as a set of periodic tasks, each of which con- sists of a chain of subtasks executing on different processo rs. Synchronization protocols are used to govern the release of subtasks so that the precedence constraints among subtasks are satisfied and the schedulability of the resultant system is analyzable. Tasks",Distributed Real-time System;Fixed Priority Scheduling;Periodic Tasks;Precedence Constraint;Satisfiability;,International Conference on Distributed Computing Systems,"1996
"
Jun Sun,2145,445,too-seng tia;zhong deng;mallikarjun shankar;matthew f. storch;l.-c. wu;jane w.-s. liu,Probabilistic performance guarantee for real-time tasks with varying computation times,,Performance Guarantee;Real Time;,IEEE Real Time Technology and Applications Symposium,"1995
"
Jun Sun,2146,445,jane w.-s. liu,Bounding completion times of jobs with arbitrary release times and variable execution times,"In many real-time systems, the workload can be charac- terized as a set of jobs with linear precedence constraints among them. Jobs often have variable execution times and arbitrary release times. We describe here three algorithms that can be used to compute upper bounds on completion times of such jobs scheduled on a priority-driven basis. The algorithms have different performance",Job Scheduling;Precedence Constraint;Upper Bound;Real Time Systems;,IEEE Real-Time Systems Symposium,"1996
"
Jun Sun,2147,444,dong zhou;steve longerbeam,Supporting Multiple OSes with OS Switching,,,USENIX Technical Conference,"2007
"
Jun Sun,2148,445,jane w.-s. liu;chung laung liu;zhong deng;too-seng tia;matthew f. storch;david hull;j. l. redondo;riccardo bettati;a. silberman,Perts: a Prototyping Environment for Real-Time Systems,,Real Time Systems;,International Journal of Software Engineering and Knowledge Engineering,"1996
"
Jun Sun,2149,445,mark k. gardner;jane w.-s. liu,"Bounding Completion Times of Jobs with Arbitrary Release Times, Variable Execution Times and Resource Sharing",,Resource Sharing;,IEEE Transactions on Software Engineering,"1997
"
Jun Sun,2150,446,lin xiao;stephen p. boyd,A duality view of spectral methods for dimensionality reduction,"We present a unifled duality view of sev- eral recently emerged spectral methods for nonlinear dimensionality reduction, includ- ing Isomap, locally linear embedding, Lapla- cian eigenmaps, and maximum variance un- folding. We discuss the duality theory for the maximum variance unfolding problem, and show that other methods are directly related to either its primal formulation or its dual formulation, or",Dimensional Reduction;Duality Theory;Eigenvectors;Local Linear Embedding;Nonlinear Dimensionality Reduction;Optimality Condition;Sparse Matrix;Spectral Method;Maximum Variance Unfolding;,International Conference on Machine Learning,"2006
"
Jun Sun,2151,447,lanlan chang;misako suwa;hiroaki takebe;yuan he;satoshi naoi,Occluded text restoration and recognition,"Text occlusion is among the most intractable obstacles for OCR engines. A typical example in document images is visible watermark characters, which are often occluded by foreground contents. This paper proposes a solution by restoring watermark characters before recognition. The text restoration process consists a core module as patch-based restoration method, which reconstructs the missing areas by referring to similar",Error Propagation;Patch Size;Statistical Analysis;Structural Complexity;Real Time;,Document Analysis Systems,"2010
"
Jun Sun,2152,447,yuan he;satoshi naoi;yusaku fujii;katsuhito fujimoto,Unsupervised Decomposition of Color Document Images by Projecting Colors to a Spherical Surface,,,Document Analysis Systems,"2008
"
Jun Sun,2153,447,yoshinobu hotta;yutaka katsuyama;satoshi naoi,Robust Chinese Character Recognition by Selection of Binary-Based and Grayscale-Based Classifier,,Character Recognition;,Document Analysis Systems,"2006
"
Jun Sun,2154,447,yusaku fujii;hiroaki takebe;katsuhito fujimoto;satoshi naoi,An Image Based Watermark String Detection System for Document Security Checking,,,Document Analysis Systems,"2008
"
Jun Sun,2155,447,yutaka katsuyama;satoshi naoi,Video Degradation Model and Its Application to Character Recognition in e-Learning Videos,,Character Recognition;,Document Analysis Systems,"2004
"
Jun Sun,2156,447,zhulong wang;hao yu;fumihito nishino;yukata katsuyama;satoshi naoi,Effective text extraction and recognition for WWW images,Images play a very important role in web content delivery. Many WWW images contain text information that can be used for web indexing and searching. A new text extraction and recognition algorithm is proposed in this paper. The character strokes in the image are first extracted by color clustering and connected component analysis. A novel stroke verification algorithm is used,Approximate Matching;Approximate String Matching;Close Relationships;Connected Component;Content Delivery;Dynamic Program;Text Extraction;,ACM Symposium on Document Engineering,"2003
"
Jun Sun,2157,447,yuan he;satoshi naoi;akihiro minagawa;yoshinobu hotta,Enhancement of camera-based whiteboard images,,,Document Recognition and Retrieval,"2010
"
Jun Sun,2158,447,katsuhito fujimoto;hiroaki takebe;misako suwa;satoshi naoi,Curved paper rectification for digital camera document images by shape from parallel geodesics using continuous dynamic programming,,Digital Camera;Dynamic Program;,International Conference on Document Analysis and Recognition,"2007
"
Jun Sun,2159,447,kaizhu huang;yoshinobu hotta;katsuhito fujimoto;satoshi naoi,An SVM-Based High-accurate Recognition Approach for Handwritten Numerals by Using Difference Features,,,International Conference on Document Analysis and Recognition,"2007
"
Jun Sun,2160,447,kaizhu huang;yoshinobu hotta;katsuhito fujimoto;satoshi naoi,Degraded Character Recognition by Complementary Classifiers Combination,,Character Recognition;Classifier Combination;,International Conference on Document Analysis and Recognition,"2007
"
Jun Sun,2161,447,yoshinobu hotta;yutaka katsuyama;satoshi naoi,Camera based Degraded Text Recognition Using Grayscale Feature,,,International Conference on Document Analysis and Recognition,"2005
"
Jun Sun,2162,447,satoshi naoi;yusaku fujii;hiroaki takebe;yoshinobu hotta,Trinary Image Mosaicing Based Watermark String Detection,,image mosaicing;,International Conference on Document Analysis and Recognition,"2009
"
Jun Sun,2163,447,xu-cheng yin;hong-wei hao;yun-feng tang;satoshi naoi,Rejection Strategies with Multiple Classifiers for Handwritten Character Recognition,"With rejection strategies in a handwriting recognition system, we are able to improve the reliability and accuracy of the recognized characters. In this paper, we propose several rejection strategies with multiple classifiers for handwritten character recognition. First, the rejection strategy for the single classifier is introduced, which is composed of three stages: initial scaling, confidence measure calculation, and rejection performing.",Confidence Measure;Handwriting Recognition;Handwritten Character Recognition;Handwritten Digit Recognition;Multiple Classifiers;,International Conference on Document Analysis and Recognition,"2009
"
Jun Sun,2164,447,x. c. yin;satoshi naoi;katsuhito fujimoto;yusaku fujii;koji kurokawa;hiroaki takebe,A MultiStage Strategy to Perspective Rectification for Mobile Phone Camera-Based Document Images,,Mobile Phone Cameras;,International Conference on Document Analysis and Recognition,"2007
"
Jun Sun,2165,447,yuanping zhu;akihiro minagawa;yoshinobu hotta;satoshi naoi,Separate Chinese Character and English Character by Cascade Classifier and Feature Selection,"The separation of Chinese character and English character is helpful for OCR technique. In this paper, a multi-level cascade classifier combined with feature selection is constructed to identify Chinese character and English character based on individual character. Most of samples are identified by the first node classifier, the remained low classification confidence samples are fed to the next node classifiers",Classifier Combination;Feature Selection;,International Conference on Document Analysis and Recognition,"2009
"
Jun Sun,2166,447,kaizhu huang;yoshinobu hotta;katsuhito fujimoto;satoshi naoi;chong long;li zhuang;xiaoyan zhu,A Hybrid Handwritten Chinese Address Recognition Approach,"Handwritten Chinese Address Recognition describes a diffi- cult yet important pattern recognition task. There are three difficulties in this problem: (1) Handwritten address is often of free styles and of high variations, resulting in inevitable segmentation errors. (2) The num- ber of Chinese characters is large, leading low recognition rate for single Chinese characters. (3) Chinese address is usually irregular,",Character Segmentation;Hybrid Approach;Language Model;Pattern Recognition;,International Conference on Neural Information Processing,"2006
"
Jun Sun,2167,447,hongliang bai;satoshi naoi;yutaka katsuyama;yoshinobu hotta;katsuhito fujimoto,Video caption duration extraction,,,International Conference on Pattern Recognition,"2008
"
Jun Sun,2168,447,pan pan;akihiro minagawa;yoshinobu hotta;satoshi naoi,A Dual Pass Video Stabilization System Using Iterative Motion Estimation and Adaptive Motion Smoothing,,Motion Estimation;,International Conference on Pattern Recognition,"2010
"
Jun Sun,2169,447,kaizhu huang;danian zheng;yoshinobu hotta;katsuhito fujimoto;satoshi naoi,Sparse learning for support vector classification,,Support Vector Classification;,Pattern Recognition Letters,"2010
"
Jun Sun,2170,447,shutao li;qinghua shen,Skew detection using wavelet decomposition and projection profile analysis,,Wavelet Decomposition;,Pattern Recognition Letters,"2007
"
Jun Sun,2171,448,yuhua fan;jia wang;peng wang;songyu yu,A Novel Multiple Description Video Codec Based on Slepian-Wolf Coding,,Video Codec;Multiple Description;slepian wolf;,Data Compression Conference,"2008
"
Jun Sun,2172,448,jia wang;xiaolin wu;songyu yu,On MultiStage Sequential Coding of Correlated Sources,,,Data Compression Conference,"2007
"
Jun Sun,2173,448,jinyong fang,Ringing Artifact Reduction for JPEG2000 Images,,,International Conference on Intelligent Computing,"2007
"
Jun Sun,2174,448,xiangwen wang;rong xie;shibao zheng;songyu yu,Variable block size selection for a transcoder based on MB movement information,,Variable Block Size;,International Conference on Multimedia Computing and Systems/International Conference on Multimedia and Expo,"2008
"
Jun Sun,2175,448,jinyong fang,A Format-Compliant Encryption Framework for JPEG2000 Image Code-Streams in Broadcasting Applications,,Image Coding;,IEEE Pacific Rim Conference on Multimedia,"2006
"
Jun Sun,2176,448,zhenghua yu;wei ye;songyu yu,Design and implementation of the second-generation HDTV prototype video encoder of China,,Design and Implementation;,Visual Communications and Image Processing,"2000
"
Jun Sun,2177,448,jia wang;songyu yu,Modified wavelet coding of arbitrarily shaped objects based on extrapolation and reflection (EAR),,,Visual Communications and Image Processing,"2002
"
Jun Sun,2178,448,jia wang;songyu yu,Wavelet image coding based on directional dilation,,Image Coding;,Visual Communications and Image Processing,"2002
"
Jun Sun,2179,448,an kebin;qiang ni,A contrast enhancement method for compressed images,,Contrast Enhanced;,Ieice Electronic Express,"2004
"
Jun Sun,2180,448,wei-na du;miao sima,Improved EZBC algorithm with low complexity,,Low Complexity;,Ieice Electronic Express,"2004
"
Jun Sun,2181,448,an kebin;wei-na du,Homogeneity Based Image Objective Quality Metric,,Quality Metric;,Ieice Transactions,"2006
"
Jun Sun,2182,448,an kebin;lei zhou,A Linear Color Correction Method for Compressed Images and Videos,,Color Correction;,Ieice Transactions,"2006
"
Jun Sun,2183,448,hongkai xiong;junni zou;songyu yu,Network TV Broadcasting with Multi-Programs on Application-Oriented QoS,,,Ieice Transactions,"2005
"
Jun Sun,2184,448,jinyong fang,Compliant encryption scheme for JPEG 2000 image code streams,,Image Coding;,Journal of Electronic Imaging,"2006
"
Jun Sun,2185,448,xiangwen wang;rong xie;songyu yu;wenjun zhang,An improved block size selection method based on macroblock movement characteristic,,,Multimedia Tools and Applications,"2009
"
Jun Sun,2186,449,qing zhuo;wenyuan wang,An Improved Facial Expression Recognition Method,,Facial Expression Recognition;,Int. Conf. on Multimodal Interfaces,"2000
"
Jun Sun,2187,449,wenyuan wang;qing zhuo;rui qi,Expression Recognition Using 2D Embedded HMM,,,Joint Conference on Information Sciences,"2002
"
Jun Sun,2188,449,wenyuan wang;qing zhuo;chengyuan ma,Discriminatory Sparse Coding and Its Application to Face Recognition,,Face Recognition;Sparse Coding;,International Journal of Image and Graphics,"2003
"
Jun Sun,2189,449,qing zhuo;chengyuan ma;wenyuan wang,Sparse image coding with clustering property and its application to face recognition,,Face Recognition;Image Coding;,Pattern Recognition,"2001
"
Jun Sun,2190,450,eytan modiano,Opportunistic power allocation for fading channels with non-cooperative users and random access,"We present a game-theoretical model of a wireless communication system with multiple competing users sharing a multiaccess fading channel. With a speci- fied capture rule and a limited amount of energy available, a user opportunistically adjusts its transmission power based on its own channel state to maximize the user's own indi- vidual throughput. We derive an explicit form of the",Fading Channel;Power Allocation;Random Access;Theoretical Model;Wireless Communication Systems;Nash Equilibrium;,International Conference on Broadband Networks,"2005
"
Jun Sun,2191,450,eytan modiano,Capacity provisioning and failure recovery in mesh-torus networks with application to satellite constellations,"This paper considers the link capacity requirement for a mesh-torus network under a uniform all-to-all traffic model. Both primary capacity and spare capacity for recov- ering from link failures are examined. In both cases, we use a novel method of ""cuts on a graph"" to obtain lower bounds on capacity requirements and subsequently find algorithms for routing and failure recovery",Failure Recovery;Link Failure;Traffic Model;Lower Bound;,International Symposium on Computers and Communications,"2002
"
Jun Sun,2192,450,alessandro tarello;murtaza zafer;eytan modiano,Minimum Energy Transmission Scheduling Subject to Deadline Constraints,"We consider the problem of transmission scheduling of data over a wireless fading channel with hard deadline con- straints. Our system consists of N users, each with a fixed amount of data that must be served by a common deadline. Given that, for each user, the channel fade state determines the throughput per unit of energy expended, our objective is",Dynamic Program;Energy Consumption;Energy Efficient;Fading Channel;Optimal Scheduling;Optimal Solution;Satisfiability;Wireless Channels;Shortest Path;,"Modeling and Optimization in Mobile, Ad-Hoc and Wireless Networks","2005
"
Jun Sun,2193,450,eytan modiano,Routing strategies for maximizing throughput in LEO satellite networks,"This paper develops routing and scheduling al- gorithms for packet transmission in a low earth orbit satellite network with a limited number of transmitters and buffer space. We consider a packet switching satellite network, where time is slotted and the transmission time of each packet is fixed and equal to one time slot. Packets arrive at each satellite independently with",Indexing Terms;Packet Switched;Satellite Network;Stability Region;Low Earth Orbit;,IEEE Journal on Selected Areas in Communications,"2004
"
Jun Sun,2194,450,eytan modiano;lizhong zheng,Wireless channel allocation using an auction algorithm,"We develop a novel auction-based algorithm to allowusers to fairly compete for a wireless fading channel. We use the second-price auction mechanism whereby user bids for the channel, during each time-slot, based on the fade state of the channel, and the user that makes the higher bid wins use of the channel by paying the second highest bid. Under the",Distribution Channel;Fading Channel;pareto optimality;Second Price Auction;Wireless Channels;Nash Equilibrium;,IEEE Journal on Selected Areas in Communications,"2006
"
Jun Sun,2195,450,alessandro tarello;murtaza zafer;eytan modiano,Minimum energy transmission scheduling subject to deadline constraints,,,Wireless Networks,"2008
"
Jun Sun,2196,451,wenbo xu;bin ye,Quantum-Behaved Particle Swarm Optimization Clustering Algorithm,,Cluster Algorithm;particle swarm optimizer;,Advanced Data Mining and Applications,"2006
"
Jun Sun,2197,451,xiaogen wang;wenbo xu,A Parallel QPSO Algorithm Using Neighborhood Topology Model,,,IEEE Control Systems Magazine,"2009
"
Jun Sun,2198,451,hao wang;shiqin yang;wenbo xu,Scalability of Hybrid Fuzzy C-Means Algorithm Based on Quantum-Behaved PSO,,Fuzzy C Means Algorithm;,Fuzzy Systems and Knowledge Discovery,"2007
"
Jun Sun,2199,451,jing liu;wenbo xu;x. h. kong,Quantum-behaved particle swarm optimization based on immune memory and vaccination,,particle swarm optimizer;,IEEE International Conference on Granular Computing,"2006
"
Jun Sun,2200,451,choi h. lai;wenbo xu;zhilei chai,A Novel and More Efficient Search Strategy of Quantum-Behaved Particle Swarm Optimization,,particle swarm optimizer;Search Strategy;,International Conference on Adaptive and Natural Computing Algorithms,"2007
"
Jun Sun,2201,451,wenbo xu;wei fang;zhilei chai,Quantum-Behaved Particle Swarm Optimization with Binary Encoding,,particle swarm optimizer;,International Conference on Adaptive and Natural Computing Algorithms,"2007
"
Jun Sun,2202,451,xiaohong kong;bin ye;wenbo xu,An Efficient Quantum-Behaved Particle Swarm Optimization for Multiprocessor Scheduling,,Multiprocessor Scheduling;particle swarm optimizer;,International Conference on Computational Science,"2007
"
Jun Sun,2203,451,choi h. lai;wenbo xu;yanrui ding;zhilei chai,A Modified Quantum-Behaved Particle Swarm Optimization,,particle swarm optimizer;,International Conference on Computational Science,"2007
"
Jun Sun,2204,451,wenbo xu;wei fang,Quantum-Behaved Particle Swarm Optimization Algorithm with Controlled Diversity,,Particle Swarm Optimization Algorithm;,International Conference on Computational Science,"2006
"
Jun Sun,2205,451,jing liu;wenbo xu,Improving Quantum-Behaved Particle Swarm Optimization by Simulated Annealing,,particle swarm optimizer;Simulated Annealing;,International Conference on Intelligent Computing,"2006
"
Jun Sun,2206,451,wenbo xu;wei fang,Solving Multi-period Financial Planning Problem Via Quantum-Behaved Particle Swarm Algorithm,,Financial Planning;Particle Swarm;,International Conference on Intelligent Computing,"2006
"
Jun Sun,2207,451,wenbo xu,Adaptive Parameter Selection of Quantum-Behaved Particle Swarm Optimization on Global Level,,Parameter Selection;particle swarm optimizer;,International Conference on Intelligent Computing,"2005
"
Jun Sun,2208,451,bin ye;wenbo xu,Solving the Hard Knapsack Problems with a Binary Particle Swarm Approach,,Particle Swarm;Knapsack Problem;,International Conference on Intelligent Computing,"2006
"
Jun Sun,2209,451,wei fang;wenbo xu;jing liu,FIR Digital Filters Design Based on Quantum-behaved Particle Swarm Optimization,,Fir Digital Filter;particle swarm optimizer;,"International Conference on Innovative Computing, Information and Control","2006
"
Jun Sun,2210,451,wei fang;wenbo xu,Design IIR Digital Filters Using Quantum-Behaved Particle Swarm Optimization,,Digital Filter;particle swarm optimizer;,International Conference on Natural Computation,"2006
"
Jun Sun,2211,451,jing liu;wenbo xu,Quantum-Behaved Particle Swarm Optimization with Adaptive Mutation Operator,,particle swarm optimizer;,International Conference on Natural Computation,"2006
"
Jun Sun,2212,451,hai-xia long;wenbo xu;wen-juan ji,Multiple Sequence Alignment Based on a Binary Particle Swarm Optimization Algorithm,,Multiple Sequence Alignment;Particle Swarm Optimization Algorithm;,International Conference on Natural Computation,"2009
"
Jun Sun,2213,451,wenbo xu;jing liu,Parameter Selection of Quantum-Behaved Particle Swarm Optimization,,Parameter Selection;particle swarm optimizer;,International Conference on Natural Computation,"2005
"
Jun Sun,2214,451,jing zhao;wenbo xu;di zhou,Structure Learning of Bayesian Networks Based on Discrete Binary Quantum-Behaved Particle Swarm Optimization Algorithm,,Structure Learning;bayesian network;Particle Swarm Optimization Algorithm;,International Conference on Natural Computation,"2009
"
Jun Sun,2215,451,jing liu;wenbo xu,Quantum-Behaved Particle Swarm Optimization for Integer Programming,,Integer Program;particle swarm optimizer;,International Conference on Neural Information Processing,"2006
"
Jun Sun,2216,451,wenbo xu;jing liu,Training RBF Neural Network Via Quantum-Behaved Particle Swarm Optimization,,particle swarm optimizer;rbf neural network;,International Conference on Neural Information Processing,"2006
"
Jun Sun,2217,451,jing liu;wenbo xu,Quantum-Behaved Particle Swarm Optimization with Mutation Operator,,particle swarm optimizer;,International Conference on Tools with Artificial Intelligence,"2005
"
Jun Sun,2218,451,jing liu;wenbo xu,QoS Multicast Routing Based on Particle Swarm Optimization,,Multicast Routing;particle swarm optimizer;,Intelligent Data Engineering and Automated Learning,"2006
"
Jun Sun,2219,451,wei chen;yanrui ding;wei fang;wenbo xu,Clustering of Gene Expression Data with Quantum-Behaved Particle Swarm Optimization,,Gene Expression Data;particle swarm optimizer;,Industrial and Engineering Applications of Artificial Intelligence and Expert Systems,"2008
"
Jun Sun,2220,451,wei fang;wenbo xu,Design of Two-Dimensional Recursive Filters by Using Quantum-Behaved Particle Swarm Optimization,,particle swarm optimizer;,Intelligent Information Hiding and Multimedia Signal Processing,"2006
"
Jun Sun,2221,451,ji zhao;wenbo xu,Application of Online System Identification Based on Improved Quantum-Behaved Particle Swarm Optimization,,particle swarm optimizer;System Identification;,,"2009
"
Jun Sun,2222,451,jing liu;wenbo xu,Quantum-Behaved Particle Swarm Optimization with Immune Operator,,particle swarm optimizer;,International Syposium on Methodologies for Intelligent Systems,"2006
"
Jun Sun,2223,451,chengyuan li;hai-xia long;yanrui ding;wenbo xu,Multiple Sequence Alignment by Improved Hidden Markov Model Training and Quantum-Behaved Particle Swarm Optimization,,Multiple Sequence Alignment;particle swarm optimizer;Hidden Markov Model;,,"2010
"
Jun Sun,2224,451,wenbo xu;wei fang,Quantum-Behaved Particle Swarm Optimization with a Hybrid Probability Distribution,,particle swarm optimizer;Probability Distribution;,Pacific Rim International Conference on Artificial Intelligence,"2006
"
Jun Sun,2225,451,wenbo xu;wei fang,Enhancing Global Search Ability of Quantum-Behaved Particle Swarm Optimization by Maintaining Diversity of the Swarm,,particle swarm optimizer;,Rough Sets and Current Trends in Computing,"2006
"
Jun Sun,2226,451,jing liu;wenbo xu,QPSO-Based QoS Multicast Routing Algorithm,,Multicast Routing;,Simulated Evolution and Learning,"2006
"
Jun Sun,2227,451,wenbo xu;wei fang,A Diversity-Guided Quantum-Behaved Particle Swarm Optimization Algorithm,,Particle Swarm Optimization Algorithm;,Simulated Evolution and Learning,"2006
"
Jun Sun,2228,451,maolong xi;wenbo xu,An improved quantum-behaved particle swarm optimization algorithm with weighted mean best position,"Quantum-behaved particle swarm optimization (QPSO) algorithm is a global convergence guaranteed algorithms, which outperforms original PSO in search ability but has fewer parameters to control. In this paper, we propose an improved quantum-behaved particle swarm optimization with weighted mean best position according to fitness values of the particles. It is shown that the improved QPSO has faster local convergence speed,",Global Convergence;Local Convergence;particle swarm optimizer;Local Search;Particle Swarm Optimization Algorithm;,Applied Mathematics and Computation,"2008
"
Jun Sun,2229,451,jing liu;wenbo xu,Using quantum-behaved particle swarm optimization algorithm to solve non-linear programming problems,,Non Linear Programming;Particle Swarm Optimization Algorithm;,International Journal of Computer Mathematics,"2007
"
Jun Sun,2230,452,wei zhang;jing liu;haibin zhang,Performance Analysis of IEEE 802.11e EDCA,,Performance Analysis;,Ieice Transactions,"2007
"
