author,pid,label,coauthor,title,abstract,keywords,venue,year
Kai Xu,2453,475,donglin liang,Debugging object-oriented programs with behavior views,"A complex software system may perform many program tasks during execution to provide the required functionalities. To detect and localize bugs related to the implementation of these tasks, the software developers must be able to monitor the progress of the tasks during execution and check whether the actions for these tasks have been performed correctly. This paper presents a debugger",Case Study;Object Oriented Programming;Software Development;Software Systems;,Automated and Algorithmic Debugging,"2005
"
Kai Xu,2454,475,donglin liang,Monitoring with Behavior View Diagrams for Debugging,"UML sequence diagrams are widely used during require- ments analysis and design for specifying the expected mes- sage exchanges among a set of objects in various scenarios for the program to perform a certain task. In this paper, we present the behavior view diagrams, a type of extended se- quence diagrams, to facilitate execution monitoring durin g debugging. Using a",Analysis and Design;uml sequence diagram;,Asia-Pacific Software Engineering Conference,"2005
"
Kai Xu,2455,475,donglin liang,Testing Scenario Implementation with Behavior Contracts,"This paper presents behavior contracts as a new asser- tion mechanism and a tool that uses such contracts to sup- port the testing of Object-Oriented (OO) systems. A be- havior contract models how the scenarios for performing a designated task are expected to be implemented. Based on this contract, our tool can automatically monitor the pro- gram execution for checking",Object Oriented;Software Development;Software Testing;Test Coverage;Design By Contract;Implementation Under Test;,International Computer Software and Applications Conference,"2006
"
Kai Xu,2456,475,donglin liang,Formally Defining a Graphical Language for Monitoring and Checking Object Interactions,,Object Interaction;Monitoring and Checking;,Model Driven Engineering Languages and Systems,"2007
"
Kai Xu,2457,475,donglin liang,Test-Driven Component Integration with UML 2.0 Testing and Monitoring Profile,,,International Conference on Quality Software,"2007
"
Kai Xu,2458,476,tim dwyer;seok-hee hong;dirk koschützki;falk schreiber,Visual analysis of network centralities,Centrality analysis determines the importance of ver- tices in a network based on their connectivity within the network structure. It is a widely used technique to analyse network-structured data. A particularly important task is the comparison of di!eren t central- ity measures within one network. We present three methods for the exploration and comparison of cen- trality measures within a,Biological Network;Graph Drawing;Network Analysis;Network Structure;Parallel Coordinates;Social Network;Visual Analysis;,Asia Pacific Symposium on Information Visualisation,"2006
"
Kai Xu,2459,476,xiaoyan fu;seok-hee hong;nikola s. nikolov;xiaobin shen;yingxin wu,Visualization and analysis of email networks,"This paper presents various methods for visualization and analysis of email networks; visualization on the surface of a sphere to re- veal communication patterns between different groups, a hierarchi- cal drawing displaying the centrality analysis of nodes to emphasize important nodes, a 2.5D visualization for temporal email networks to analyze the evolution of email relationships changing over time, and an",Ambient Display;Communication Pattern;Indexing Terms;Network Visualization;Small World Network;Statistical Analysis;Theory and Method;User Interface;Visual Analysis;,Asia Pacific Symposium on Information Visualisation,"2007
"
Kai Xu,2460,476,andrew cunningham;seok-hee hong;bruce h. thomas,GraphScape: integrated multivariate network visualization,"In this paper, we introduce a new method, GraphScape, to visualize multivariate networks, i.e., graphs with multivariate data associated with their nodes. GraphScape adopts a landscape metaphor with network structure displayed on a 2D plane and the surface height in the third dimension represents node attribute. More than one attribute can be visualized simultaneously by using multiple sur- faces. In",Graph Clustering;Graph Visualization;Multivariate Data;Multivariate Visualization;Network Structure;Network Visualization;Surface Model;,Asia Pacific Symposium on Information Visualisation,"2007
"
Kai Xu,2461,476,xiaofang zhou,Multiresolution Query Optimization in an Online Environment,"Abstract. Multiresolution (or multi-scale) techniques make it possible for Web-based GIS applications to access large dataset. The performance of such systems relies on data transmission over network and multires-olution query processing. In the literature the latter has received little research attention so far, and the existing methods are not capable of processing large dataset. In this paper, we aim to",Cost Model;Data Transmission;large dataset;Query Optimization;Query Processing;web-based gis;,Asia-Pacific Web Conference,"2005
"
Kai Xu,2462,476,xiaofang zhou;sham prasher;sai sun,Multiresolution Spatial Databases: Making Web-Based Spatial Applications Faster,"Spatial data has now been used extensively in the Web envi- ronment, providing online customized maps and supporting map-based applications. The full potential of Web-based spatial applications, how- ever, has yet to be achieved due to performance issues related to the large sizes and high complexity of spatial data. In this paper, we intro- duce a multiresolution approach to spatial",Query Processing;Spatial Data;Spatial Database;,Asia-Pacific Web Conference,"2004
"
Kai Xu,2463,476,andrew cunningham;bruce h. thomas,Seeing more than the graph: evaluation of multivariate graph visualization methods,"Many real-world networks are multivariate, i.e., they have attributes associated with nodes and/or edges. Examples include social networks whose nodes represent people and edges represent relationships. There is usually information about each person (such as name, age, and gender) and the relationship (such type, duration, and strength). Besides common graph analysis tasks (such as identifying the most influential or structurally",Graph Clustering;Graph Visualization;It Value;Multivariate Visualization;Network Visualization;Social Network;Social Network Analysis;,Working Conference on Advanced Visual Interfaces,"2010
"
Kai Xu,2464,476,carsten görg;mathias pohl;ermir qeli,Visual Representations,,Visual Representation;,Dagstuhl Seminars,"2006
"
Kai Xu,2465,476,mircea lungu,Biomedical Information Visualization,,Information Visualization;,Dagstuhl Seminars,"2006
"
Kai Xu,2466,476,shazia wasim sadiq;ke deng;xiaofang zhou;xiaochun yang;walid g. aref;alex delis;qing liu,Workshop Organizers' Message,,,Database Systems for Advanced Applications,"2009
"
Kai Xu,2467,476,ji zhang;qigang gao;hai h. wang;qing liu,Detecting Projected Outliers in High-Dimensional Data Streams,"In this paper, we study the problem of projected outlier detection in high di- mensional data streams and propose a new technique, called Stream Projected Ouliter deTector (SPOT), to identify outliers embedded in subspaces. Sparse Subspace Tem- plate (SST), a set of subspaces obtained by unsupervised and/or supervised learn- ing processes, is constructed in SPOT to detect projected outliers effectively.",Data Stream;High Dimensional Data;Multi Objective Genetic Algorithm;Outlier Detection;Search Method;Supervised Learning;,Database and Expert Systems Applications,"2009
"
Kai Xu,2468,476,adel ahmed;tim dwyer;michael forster;xiaoyan fu;joshua wing kei ho;seok-hee hong;dirk koschützki;colin murray;nikola s. nikolov;ronnie taib;alexandre tarassov,GEOMI: GEOmetry for Maximum Insight,"This paper describes the GEOMI system, a visual analysis tool for the visualisation and analysis of large and complex networks. GEOMI provides a collection of network analysis methods, graph lay- out algorithms and several graph navigation and interaction methods. GEOMI is part of a new generation of visual analysis tools combining graph visualisation techniques with network analysis methods. GEOMI is",Complex Network;Interactive Method;Network Analysis;Visual Analysis;,Symposium on Graph Drawing,"2005
"
Kai Xu,2469,476,rohan williams;seok-hee hong;qing liu;ji zhang,Semi-bipartite Graph Visualization for Gene Ontology Networks,,Bipartite Graph;Gene Ontology;,Symposium on Graph Drawing,"2009
"
Kai Xu,2470,476,ji zhang;qing liu,Gene Specific Co-regulation Discovery: An Improved Approach,"Discovering gene co-regulatory relationships is a new but im- portant research problem in DNA microarray data analysis. The problem of gene specific co-regulation discovery is to, for a particular gene of in- terest, called the target gene, identify its strongly co-regulated genes and the condition subsets where such strong gene co-regulations are observed. The study on this problem can contribute",Compact Representation;Dna Microarray Data;ge netic algorithm;,International Conference on Computational Science,"2009
"
Kai Xu,2471,476,ke deng;xiaofang zhou;heng tao shen;xuemin lin,Surface k-NN Query Processing,"A k-NN query finds the k nearest-neighbors of a given point from a point database. When it is sufficient to mea- sure object distance using the Euclidian distance, the key to efficient k-NN query processing is to fetch and check the distances of a minimum number of points from the database. For many applications, such as vehicle movement along road",Animal Movement;Efficient Query Processing;K Nearest Neighbor;Lower and Upper Bound;Query Processing;Road Network;Terrain Modeling;Shortest Path;,International Conference on Data Engineering,"2006
"
Kai Xu,2472,476,xiaofang zhou;xuemin lin,Direct Mesh: a Multiresolution Approach to Terrain Visualization,"Terrain can be approximated by a triangular mesh con- sisting millions of 3D points. Multiresolution triangular mesh (MTM) structures are designed to support applica- tions that use terrain data at variable levels of detail (LOD). Typically, an MTM adopts a tree structure where a parent node represents a lower-resolution approximation of its de- scendants. Given a region of interest (ROI)",Data Retrieval;Data Structure;Indexing Method;Performance Improvement;Satisfiability;Spatial Index;Terrain Visualization;Tree Structure;Triangular Mesh;Level of Detail;Region of Interest;,International Conference on Data Engineering,"2004
"
Kai Xu,2473,476,joshua wing kei ho;tristan manwaring;seok-hee hong;uwe röhm;david cho yau fung;tim kraska;david hart,PathBank: Web-Based Querying and Visualziation of an Integrated Biological Pathway Database,"PathBank is a web-based query and visualization sys- tem for biological pathways using an integrated pathway database. To address the needs for biologists to visualize and analyze biological pathways, PathBank is designed to be user-friendly, flexible and extensible. It is, to the best of our knowledge, the first web-based system that allows biological pathways to be visualized in three dimensions.",Biological Data;Data Access;Data Retrieval;Database Query;Relational Database;Three Dimensions;Web Interface;web-based system;,"Computer Graphics, Imaging and Vision","2006
"
Kai Xu,2474,476,david cho yau fung;seok-hee hong;dirk koschützki;falk schreiber,Visual Analysis of Overlapping Biological Networks,This investigates a new problem of visualizing a set of over- lapping networks. We present two methods for constructing visu- alization of two and three overlapping networks in three dimen- sions. Our methods aim to achieve both drawing aesthetics (or conventions) for each individual network and exposing the com- mon nodes between the overlapping networks. We evaluated our approaches using,Biological Network;Gene Regulatory Network;Metabolic Network;Visual Analysis;Escherichia Coli;,International Conference on Information Visualisation,"2009
"
Kai Xu,2475,476,david cho yau fung;seok-hee hong;dirk koschützki;falk schreiber,2.5D Visualisation of Overlapping Biological Networks,"Biological data is often structured in the form of complex interconnected networks such as protein interaction and metabolic networks. In this paper, we investigate a new prob- lem of visualising such overlapping biological networks. Two networks overlap if they share some nodes and edges. We present an approach for constructing visualisations of two overlapping networks, based on a restricted three",Biological Data;Biological Network;Interconnection Network;Metabolic Network;Protein Interaction;Three Dimensional;Three Dimensions;Visual Analysis;,Journal of Integrative Bioinformatics,"2008
"
Kai Xu,2476,476,xiaofang zhou;xuemin lin;heng tao shen;ke deng,A Multiresolution Terrain Model for Efficient Visualization Query Processing,,Query Processing;Terrain Modeling;,IEEE Transactions on Knowledge and Data Engineering,"2006
"
Kai Xu,2477,476,ke deng;xiaofang zhou;heng tao shen;qing liu;xuemin lin,A multi-resolution surface distance model for k-NN query processing,,Query Processing;Multi Resolution;,The Vldb Journal,"2008
"
Kai Xu,2478,477,zhi-quan cheng;bao li;yanzhen wang;gang dang;shiyao jin,An Error-Resilient Arithmetic Coding Algorithm for Compressed Meshes,,Arithmetic Coding;Error Resilience;,International Conference on Cyberworlds,"2008
"
Kai Xu,2479,477,yanzhen wang;yueshan xiong;ke tan;guangyou guo,A mass-spring model for surface mesh deformation based on shape matching,"In this paper, we propose a mass-spring model based on shape matching for real-time deformable modeling in virtual reality systems. By defining a rigid core for surface mesh model and adding a new generalized spring for each mass, our surface mesh model can preserve its original geometric features such as volume and shape. Then, we use shape matching approaches to",Deformable Model;Geometric Feature;Inverse Dynamics;Linear Elasticity;Mesh Deformation;Real Time Simulation;Shape Matching;Virtual Reality;Real Time;,Computer graphics and interactive techniques in Austalasia and South East Asia,"2006
"
Kai Xu,2480,477,yueshan xiong;yanzhen wang;ke tan;guangyou guo,A simple and stable feature-preserving smoothing method for contours-based reconstructed meshes,"In this paper, we develop a new feature preserving smoothing method for the irregular and coarse meshes reconstructed from 2D contours. To make the feature detecting robust, a new detecting algorithm using the continuity among adjacent contours is proposed. Then the original mesh is subdivided adaptively according to the detected geometric features and smoothed with isotropic method. With the help",Adaptive Mesh;Detection Algorithm;Feature Detection;Feature Preservation;Geometric Feature;Mesh Smoothing;Smoothing Method;Stable Process;,Computer graphics and interactive techniques in Austalasia and South East Asia,"2006
"
Kai Xu,2481,477,zhi-quan cheng;bao li;yanzhen wang;gang dang;shiyao jin,A Mesh Meaningful Segmentation Algorithm Using Skeleton and Minima-Rule,,,International Symposium on Visual Computing,"2007
"
Kai Xu,2482,477,gang dang;hang li;zhi-quan cheng;yanzhen wang;bao li,An Adaptive Octree Textures Painting Algorithm,,,"IEEE International Conference on Systems, Man, and Cybernetics","2009
"
Kai Xu,2483,477,zhi-quan cheng;wei jiang;gang dang;ralph r. martin;jun li;honghua li;yin chen;yanzhen wang;bao li;shiyao jin,Non-rigid Registration in 3D Implicit Vector Space,,Non-rigid Registration;Vector Space;,Shape Modeling International,"2010
"
Kai Xu,2484,477,zhi-quan cheng;yanzhen wang;yueshan xiong;hao zhang,Quality encoding for tetrahedral mesh optimization,,Tetrahedral Mesh;,Computers & Graphics,"2009
"
Kai Xu,2485,477,hao zhang;daniel cohen-or;yueshan xiong,Dynamic harmonic fields for surface processing,,,Computers & Graphics,"2009
"
Kai Xu,2486,477,yanzhen wang;yueshan xiong;zhi-quan cheng,2D shape deformation based on rigid square matching,,Shape Deformation;,Journal of Visualization and Computer Animation,"2008
"
Kai Xu,2487,477,daniel cohen-or;tao ju;ligang liu;hao zhang;shizhe zhou;yueshan xiong,Feature-aligned shape texturing,,,ACM Transactions on Graphics,"2009
"
Kai Xu,2488,477,hao zhang;andrea tagliasacchi;ligang liu;guo li;min meng;yueshan xiong,Partial intrinsic reflectional symmetry of 3D shapes,,,ACM Transactions on Graphics,"2009
"
Kai Xu,2489,478,jienan ding;roger e. goldman;peter k. allen;dennis l. fowler;nabil simaan,"Design, simulation and evaluation of kinematic alternatives for Insertable Robotic Effectors Platforms in Single Port Access Surgery",,,International Conference on Robotics and Automation,"2010
"
Kai Xu,2490,478,nabil simaan,Actuation Compensation for Flexible Surgical Snakelike Robots with Redundant Remote Actuation,This paper presents two actuation compensation methods for a snake-like robot implementing multi flexible backbones and actuation redundancy. This snake-like robot is designed for distal dexterity enhancement in MIS surgery of the throat. Actuation compensation is required to account for the flexibility of the actuation lines that connect this snake-like robot with its remote actuation units. The paper presents both,Data Gathering;Error Compensation;Indexing Terms;Linear Estimation;Path Tracking;,International Conference on Robotics and Automation,"2006
"
Kai Xu,2491,478,roger e. goldman;jienan ding;peter k. allen;dennis l. fowler;nabil simaan,System design of an Insertable Robotic Effector Platform for Single Port Access (SPA) Surgery,"This paper presents a novel design and preliminary kinematic analysis of an Insertable Robotic Effector Platform (IREP) for Single Port Access (SPA) Surgery. The IREP robot can be deployed into body cavity through a Ø15mm skin incision to perform SPA procedures. It consists of two snake-like continuum robots as slave surgical assistants for tissue manipulation, two parallelogram mechanisms for the",Control System;Depth Perception;Kinematic Analysis;Stereo Vision;System Design;,International Conference on Intelligent RObots and Systems - IROS,"2009
"
Kai Xu,2492,478,jian zhang;nabil simaan;spiros manolidis,A Pilot Study of Robot-Assisted Cochlear Implant Surgery Using Steerable Electrode Arrays,"This paper presents results of a pilot study evaluating the efficacy of robotic assistance using novel steerable electrode arrays for cochlear implant surgery. The current surgical setup of cochlear implant surgery is briefly re- viewed and its limitations are highlighted. In an effort to reduce trauma to the structure of the cochlea, the kinematics and path planning for novel cochlear",Distance Metric;Experimental Validation;Path Planning;Pilot Study;Cochlear Implant;,Medical Image Computing and Computer-Assisted Intervention,"2006
"
Kai Xu,2493,478,nabil simaan;wei wei;ankur kapoor;peter kazanzides;russell h. taylor;paul flint,Design and Integration of a Telerobotic System for Minimally Invasive Surgery of the Throat,,Minimal Invasive Surgery;,International Journal of Robotic Research,"2009
"
Kai Xu,2494,478,nabil simaan,An Investigation of the Intrinsic Force Sensing Capabilities of Continuum Robots,,,IEEE Transactions on Robotics,"2008
"
Kai Xu,2495,478,nabil simaan,Intrinsic Wrench Estimation and Its Performance Index for Multisegment Continuum Robots,,Performance Index;,IEEE Transactions on Robotics,"2010
"
