author,pid,label,coauthor,title,abstract,keywords,venue,year
Ke Chen,2552,487,,Speaker Modeling with Various Speech Representations,,,International Conference on Biometric Authentication,"2004
"
Ke Chen,2553,487,,Boosting Input/Output Hidden Markov Models for Sequence Classification,,Hidden Markov Model;Input Output;,International Conference on Natural Computation,"2005
"
Ke Chen,2554,487,sunny yeung,Personalized News Reading via Hybrid Learning,,Hybrid Learning;,Intelligent Data Engineering and Automated Learning,"2004
"
Ke Chen,2555,487,huasheng chen,A model-directed image understanding system for computer vision,"An important research topic in AI is the discovery of constraints. As constraints. In this paper, we present a model-directed image understanding prototype to support computer vision, which can recover constraints of an image by means of the spatial relation and spatial reasoning. according to a model. In the prototype, an object is viewed as an arrangement of two types",Computer Vision;Image Understanding;Knowledge Base;Knowledge Representation;Spatial Reasoning;Spatial Relation;Top Down;,Industrial and Engineering Applications of Artificial Intelligence and Expert Systems,"1990
"
Ke Chen,2556,487,shihai wang,Ensemble Learning with Active Data Selection for Semi-Supervised Pattern Classification,,Ensemble Learning;Pattern Classification;,IJCNN,"2007
"
Ke Chen,2557,487,lan wang;huisheng chi,Capture Inter-Speaker Information with a Neural Network for Speaker Identification,,Speaker Identification;Neural Network;,IJCNN,"2000
"
Ke Chen,2558,487,yun yang,An Ensemble of Competitive Learning Networks with Different Representations for Temporal Data Clustering,,Competitive Learning;Temporal Data;,IJCNN,"2006
"
Ke Chen,2559,487,ting-yao wu;lie lu;hongjiang zhang,Universal Background Models for Real-time Speaker Change Detection,"This paper addresses the problem of real-time speaker change detection in TV news broadcast, in which no prior knowledge on speakers is assumed. To enhance the effect of the reliable frames in a speech stream, we propose a new approach to feature categorization based on Gaussian Mixture Model - Universal Background Model (GMM-UBM). The feature vectors are categorized into three",Change Detection;Distance Measure;Feature Vector;Gaussian Mixture Model;Prior Knowledge;Real Time;Universal Background Model;,Multimedia Modeling,"2003
"
Ke Chen,2560,487,shihai wang,Regularized Boost for Semi-Supervised Learning,"Semi-supervised inductive learning concerns how to learn a decision rule from a data set containing both labeled and unlabeled data. Several boosting algorithms have been extended to semi-supervised learning with various strategies. To our knowledge, however, none of them takes local smoothness constraints among data into account during ensemble learning. In this paper, we introduce a local smooth- ness regularizer",Cost Function;Decision Rule;Ensemble Learning;Inductive Learning;Semi Supervised Learning;Unlabeled Data;,Neural Information Processing Systems,"2007
"
Ke Chen,2561,487,deliang l. wang,Perceiving without Learning: From Spirals to Inside/Outside Relations,,General Solution;Human Performance;Time Delay;Neural Network;,Neural Information Processing Systems,"1998
"
Ke Chen,2562,487,huisheng chi,A Modular Neural Network Architecture for Pattern Classification Based on Different Feature Sets,"We propose a novel connectionist method for the use of dierent feature sets in pattern classication. Unlike traditional methods, e.g., combination of multiple classiers and use of a composite feature set, our method copes with the problem based on an idea of soft competition on dierent feature sets developed in our earlier work. An alternative modular neural network architecture is",Em Algorithm;Model Selection;Nite Mixture Models;Parameter Estimation;Pattern Classification;Maximum Likelihood;Modular Neural Network;,International Journal of Neural Systems,"1999
"
Ke Chen,2563,487,huisheng chi,A method of combining multiple probabilistic classifiers through soft competition on different feature sets,"A novel method is proposed for combining multiple probabilistic classifiers on di⁄erent feature sets. In order to achieve the improved classification performance, a generalized finite mixture model is proposed as a linear combination scheme and implemented based on radial basis function networks. In the linear combination scheme, soft competition on di⁄erent feature sets is adopted as an automatic feature rank",Combination of Multiple Classifiers;Em Algorithm;Expectation Maximization;Finite Mixture Model;Learning Algorithm;Radial Basis Function Network;Speaker Identification;,Neurocomputing,"1998
"
Ke Chen,2564,487,liping yang;xiang yu;huisheng chi,A self-generating modular neural network architecture for supervised learning,,Supervised Learning;Modular Neural Network;,Neurocomputing,"1997
"
Ke Chen,2565,487,lan wang;huisheng chi,Methods of Combining Multiple Classifiers with Different Features and Their Applications to Text-Independent Speaker Identification,"In practical applications of pattern recognition, there are often different features extracted from raw data which needs recognizing. Methods of combining multiple classifiers with different features are viewed as a general problem in various application areas of pattern recognition. In this paper, a systematic inves- tigation has been made and possible solutions are classified into three frameworks, i.e. linear opinion",Combination of Multiple Classifiers;Em Algorithm;Evidential Reasoning;Feature Extraction;Multiple Classifiers;Pattern Recognition;Speaker Identification;Training Algorithm;Winner Take All;Maximum Likelihood;,International Journal of Pattern Recognition and Artificial Intelligence,"1997
"
Ke Chen,2566,487,xiang yu;huisheng chi,Combining Linear Discriminant Functions with Neural Networks for Supervised Learning," A novel supervised learning method is presented by combining linear discriminant functionswith neural networks. The proposed method results in a tree-structured hybrid architecture. Dueto constructive learning, the binary tree hierarchical architecture is automatically generated by acontrolled growing process for a specific supervised learning task. Unlike the classic decision tree,the linear discriminant functions are merely employed in the intermediate level of",Automatic Generation;Binary Tree;Hybrid Architecture;Supervised Learning;Tree Structure;Decision Tree;Linear Discriminant Function;Neural Network;,Neural Computing and Applications,"1997
"
Ke Chen,2567,487,deliang l. wang,A dynamically coupled neural oscillator network for image segmentation,"We propose a dynamically coupled neural oscillator network for image segmentation. Instead of pair-wise coupling, an ensemble of oscillators coupled in a local region is used for grouping. We introduce a set of neighborhoods to generate dynamical coupling structures associated with a specific oscillator. Based on the proximity and similarity principles, two grouping rules are proposed to explicitly consider the",Image Processing;Image Segmentation;Image Simulation;Neural Oscillator;Noise Removal;Oscillations;,Neural Networks,"2002
"
Ke Chen,2568,487,lei xu;huishen chi,Improved learning algorithms for mixture of experts in multiclass classification," Mixture of experts (ME) is a modular neural network architecture for supervised learning. A double-loop Expectation-Maximization (EM)algorithm has been introduced to the ME architecture for adjusting the parameters and the iteratively reweighted least squares (IRLS)algorithm is used to perform maximization in the inner loop [Jordan, M.I., Jacobs, R.A. (1994). Hierarchical mixture of experts and the EMalgorithm, Neural Computation, 6(2), 181--214].",Em Algorithm;Expectation Maximization;iterative reweighted least squares;Learning Algorithm;Mixture of Experts;multiclass classification;Supervised Learning;Hierarchical Mixture of Experts;Modular Neural Network;,Neural Networks,"1999
"
Ke Chen,2569,487,dahong xie;huisheng chi,Text-Dependent Speaker Identification Based on Input/Output HMMs: An Empirical Study,"In this paper, we explore the Input/Output HMM(IOHMM) architecture for a substantial problem, that of text-dependent speaker identification. For subnetworks modeled wi th generalized linear models, we extend the IRLS algorithm to the M-step of the corresponding EM algorithm. Experimental results show that the improved EM algorithm yields significantly faster traini ng than the original one. In com- parison with",Dynamic Program;Em Algorithm;Empirical Study;General Linear Model;Multilayer Perceptron;Speaker Identification;Hidden Markov Model;Input Output;,Neural Processing Letters,"1996
"
Ke Chen,2570,487,,Adaptive Smoothing via Contextual and Local Discontinuities,,Adaptive Smoothing;,IEEE Transactions on Pattern Analysis and Machine Intelligence,"2005
"
Ke Chen,2571,487,,"Erratum to ""Adaptive Smoothing via Contextual and Local Discontinuities",,Adaptive Smoothing;,IEEE Transactions on Pattern Analysis and Machine Intelligence,"2008
"
Ke Chen,2572,487,,Towards better making a decision in speaker verification,,Speaker Verification;,Pattern Recognition,"2003
"
Ke Chen,2573,487,,A connectionist method for pattern classification with diverse features,"A novel connectionist method is proposed to simultaneously use diverse features in an optimal way for pattern classification. Unlike methods of combining multiple classifiers, a modular neural network architecture is proposed through use of soft competition among diverse features. Parameter estimation in the proposed architecture is treated as a maximum . likelihood problem, and an Expectation-Maximization EM learning algorithm is",Em Algorithm;Expectation Maximization;Learning Algorithm;Mixture of Experts;Multiple Classifiers;Parameter Estimation;Pattern Classification;Speaker Identification;Maximum Likelihood;Modular Neural Network;,Pattern Recognition Letters,"1998
"
Ke Chen,2574,487,ting-yao wu;hongjiang zhang,On the use of nearest feature line for speaker identification,"Abstract Asa new  pattern  classification  method,  Nearest  Feature  Line  (NFL)  provides  an  effective wayto tackle the sort of patternrecognition problems where onlylim ited data are",Pattern Classification;Speaker Identification;Nearest Feature Line;,Pattern Recognition Letters,"2002
"
Ke Chen,2575,487,,On the use of different speech representations for speaker modeling,,,"IEEE Transactions on Systems, Man, and Cybernetics","2005
"
Ke Chen,2576,487,yun yang,Combining Competitive Learning Networks of Various Representations for Sequential Data Clustering,"Sequential data clustering provides useful techniques for condensing and summarizing information conveyed in sequential data, which is demanded in various fields ranging from time series analysis to video clip understanding. In this chapter, we propose a novel approach to sequential data clustering by combining multiple competitive learning networks incorporated by various representations of sequential data and thus the clustering will",Cluster Analysis;Competitive Learning;Data Clustering;Data Representation;Ensemble Learning;Feature Space;Model Selection;Number of Clusters;Time Series;Time Series Analysis;Rival Penalized Competitive Learning;,,"2007
"
Ke Chen,2577,488,martyn d. hughes,Efficient parallelization of the iterative solution of a coupled fluid-structure interaction problem,,Fluid Structure Interaction;Iterative Solution;,Concurrency and Computation: Practice and Experience,"2007
"
Ke Chen,2578,488,a. hussein,On Efficient Methods for Detecting Hopf bifurcation with Applications to Power System Instability Prediction,,hopf bifurcation;Power System;,International Journal of Bifurcation and Chaos,"2003
"
Ke Chen,2579,488,a. hussein;haibin wan,On Adapting Test Function Methods for Fast Detection of fold bifurcations in Power Systems,,Adaptive Testing;Power System;,International Journal of Bifurcation and Chaos,"2002
"
Ke Chen,2580,488,raymond h. chan,Preconditioning and convergence in the right norm,,,International Journal of Computer Mathematics,"2007
"
Ke Chen,2581,488,,Fast iterative and preconditioning methods for linear and non-linear systems,,Non Linear System;,International Journal of Computer Mathematics,"2007
"
Ke Chen,2582,488,judith m. ford;david j. evans,On a Recursive Schur Preconditioner for Iterative Solution of a Class of Dense Matrix Problems,,Iterative Solution;,International Journal of Computer Mathematics,"2003
"
Ke Chen,2583,488,stuart c. hawkins,New wavelet preconditioner for solving boundary integral equations over nonsmooth boundaries,,Boundary Integral Equation;,International Journal of Computer Mathematics,"2004
"
Ke Chen,2584,488,martyn d. hughes,An efficient preconditioned iterative solver for solving a coupled fluid structure interaction problem,,Fluid Structure Interaction;Iterative Solver;,International Journal of Computer Mathematics,"2004
"
Ke Chen,2585,488,joseph savage,An improved and accelerated non-linear multigrid method for total-variation denoising,,Multigrid Method;Total Variation;,International Journal of Computer Mathematics,"2005
"
Ke Chen,2586,488,xue-cheng tai,A Nonlinear Multigrid Method for Total Variation Minimization from Image Restoration,"Image restoration has been an active research topic and variational formulations are particularly effective in high quality recovery. Although there exist many modelling and theoretical results, available iterative solvers are not yet robust in solving such modeling equations. Recent attempts on developing optimisation multigrid methods have been based on first order conditions. Different from this idea, this paper proposes to",Image Restoration;Iterative Solver;Multigrid Method;Multilevel Method;piecewise linear;primal-dual method;Total Variation;Total Variation Minimization;Variational Formulation;First Order;,Journal of Scientific Computing,"2007
"
Ke Chen,2587,488,judith m. ford;neville j. ford,Flexible parallelization of fast wavelet transforms,,Fast Wavelet Transform;,Parallel Algorithms and Applications,"2003
"
Ke Chen,2588,488,choi h. lai,Parallel algorithms of the Purcell method for direct solution of linear systems,,Linear System;Parallel Algorithm;,Parallel Computing,"2002
"
Ke Chen,2589,488,carlos brito-loeza,Multigrid Algorithm for High Order Denoising,,,,"2010
"
Ke Chen,2590,488,raymond h. chan,Fast Multilevel Algorithm for a Minimization Problem in Impulse Noise Removal,"An efiective 2-phase method for removing impulse noise was recently proposed. Its phase 1 identifles noisy pixel candidates by using median-type fllters. Then in phase 2, it restores only the noisy pixel candidates by some variational methods. The resulting method can handle salt-and-pepper noise and random-valued impulse noise of noise level as high as 90% and 60% respectively. The aim",Conjugate Gradient Method;Image Restoration;Impulse Noise;Multilevel Algorithm;Multilevel Method;Newton Method;Numerical Experiment;Optimal Method;Pepper;Variational Method;,Siam Journal on Scientific Computing,"2008
"
Ke Chen,2591,488,raymond h. chan,A Multilevel Algorithm for Simultaneously Denoising and Deblurring Images,,Multilevel Algorithm;,Siam Journal on Scientific Computing,"2010
"
Ke Chen,2592,488,stuart c. hawkins,An Implicit Wavelet Sparse Approximate Inverse Preconditioner,,Sparse Approximate Inverse;,Siam Journal on Scientific Computing,"2005
"
Ke Chen,2593,488,n. badshah,On Two Multigrid Algorithms for Modeling Variational Multiphase Image Segmentation,,Image Segmentation;,IEEE Transactions on Image Processing,"2009
"
Ke Chen,2594,488,carlos brito-loeza,On High-Order Denoising Models and Fast Algorithms for Vector-Valued Images,,Fast Algorithm;,IEEE Transactions on Image Processing,"2010
"
Ke Chen,2595,489,lukasz a. kurgan;jishou ruan,Optimization of the Sliding Window Size for Protein Structure Prediction,,Protein Structure Prediction;Sliding Window;,Symposium on Computational Intelligence in Bioinformatics and Computational Biology,"2006
"
Ke Chen,2596,489,kanaka durga kedarisetti;aashima kapoor;lukasz a. kurgan,Prediction of the Number of Helices for the Twilight Zone Proteins,,,Symposium on Computational Intelligence in Bioinformatics and Computational Biology,"2006
"
Ke Chen,2597,489,jishou ruan;hanzhe chen;lukasz a. kurgan;chunsheng kang;peiyu pu,HuMiTar: A sequence-based method for prediction of human microRNA targets,"BACKGROUND: MicroRNAs (miRs) are small noncoding RNAs that bind to complementary/partially complementary sites in the 3' untranslated regions of target genes to regulate protein production of the target transcript and to induce mRNA degradation or mRNA cleavage. The ability to perform accurate, high-throughput identification of physiologically active miR targets would enable functional characterization of individual miRs. Current target prediction methods",Computational Complexity;Computational Method;Experimental Validation;False Positive;Gene Regulation;Machine Learning;microrna;noncoding rna;Prediction Method;Roc Analysis;Score Function;Signal To Noise Ratio;Species Conservation;untranslated region;Base Pair;False Positive Rate;High Throughput;Nucleotides;True Positive;,Algorithms for Molecular Biology,"2008
"
Ke Chen,2598,489,lukasz a. kurgan,PFRES: protein fold classification by using evolutionary information and predicted secondary structure,Motivation: The number of protein families has been estimated to be as small as 1000. Recent study shows that the growth in discovery of novel structures that are deposited into PDB and the related rate of increase of SCOP categories are slowing down. This indicates that the protein structure space will be soon covered and thus we may be able,Base Composition;Information Extraction;Protein Family;Protein Folding;Protein Structure;Secondary Structure;Secondary Structure Prediction;Sequence Similarity;Structural Similarity;Structure Prediction;,Bioinformatics/computer Applications in The Biosciences,"2007
"
Ke Chen,2599,489,tuo zhang;hua zhang;shiyi shen;jishou ruan;lukasz a. kurgan,Accurate sequence-based prediction of catalytic residues,,,Bioinformatics/computer Applications in The Biosciences,"2008
"
Ke Chen,2600,489,lukasz a. kurgan;krzysztof j. cios,SCPRED: Accurate prediction of protein structural class for sequences of twilight-zone similarity with predicting sequences,"BACKGROUND: Protein structure prediction methods provide accurate results when a homologous protein is predicted, while poorer predictions are obtained in the absence of homologous templates. However, some protein chains that share twilight-zone pairwise identity can form similar folds and thus determining structural similarity without the sequence similarity would be desirable for the structure prediction. The folding type of a protein",Ensemble of Classifiers;Indexation;Information Extraction;Logistic Regression;Physicochemical Properties;Prediction Accuracy;Prediction Method;Protein Structure;Protein Structure Prediction;Secondary Structure;Secondary Structure Prediction;Sequence Similarity;Structural Similarity;Structure Prediction;Support Vector Machine;,BMC Bioinformatics,"2008
"
Ke Chen,2601,489,hua zhang;tuo zhang;shiyi shen;jishou ruan;lukasz a. kurgan,Sequence based residue depth prediction using evolutionary information and predicted secondary structure,"BACKGROUND: Residue depth allows determining how deeply a given residue is buried, in contrast to the solvent accessibility that differentiates between buried and solvent-exposed residues. When compared with the solvent accessibility, the depth allows studying deep-level structures and functional sites, and formation of the protein folding nucleus. Accurate prediction of residue depth would provide valuable information for fold recognition, prediction",Cross Validation;Fold Recognition;Information Extraction;Protein Design;Protein Folding;Protein Sequence;Secondary Structure;Secondary Structure Prediction;Solvent Accessibility;Structure and Function;Uniform Distribution;Amino Acid;Detection Rate;Mean Absolute Error;Relative Error;,BMC Bioinformatics,"2008
"
Ke Chen,2602,489,yingfu jiang;li du;lukasz a. kurgan,Prediction of integral membrane protein type by collocated hydrophobic amino acid pairs,,Membrane Protein;Amino Acid;,Journal of Computational Chemistry,"2009
"
Ke Chen,2603,489,lukasz a. kurgan;jishou ruan,Prediction of protein structural class using novel evolutionary collocation-based sequence representation,"Knowledge of structural classes is useful in understanding of folding patterns in proteins. Although existing structural class prediction methods applied virtually all state-of-the-art classifiers, many of them use a rela- tively simple protein sequence representation that often includes amino acid (AA) composition. To this end, we pro- pose a novel sequence representation that incorporates evolutionary information encoded using PSI-BLAST profile-",Domain Structure;Prediction Accuracy;Prediction Method;Protein Sequence;Protein Structure;Support Vector Machine;Amino Acid;Error Rate;,Journal of Computational Chemistry,"2008
"
Ke Chen,2604,489,huijun gao;yan zhao;james lam,Hbm infty Fuzzy Filtering of Nonlinear Systems With Intermittent Measurements,,Nonlinear System;,IEEE Transactions on Fuzzy Systems,"2009
"
Ke Chen,2605,489,shaoshuai mou;huijun gao;wenyi qiang,New Delay-Dependent Exponential Stability for Neural Networks With Time Delay,,Exponential Stability;Time Delay;Neural Network;,"IEEE Transactions on Systems, Man, and Cybernetics","2008
"
Ke Chen,2606,490,shuai yue;yunong zhang,MATLAB Simulation and Comparison of Zhang Neural Network and Gradient Neural Network for Online Solution of Linear Time-Varying Matrix Equation AXB-C=0,,Matrix Equation;Linear Time Varying;Neural Network;,International Conference on Intelligent Computing,"2008
"
Ke Chen,2607,490,yunong zhang;weimu ma;xiao-dong li,MATLAB Simulation of Gradient-Based Neural Network for Online Matrix Inversion,,Matrix Inversion;Neural Network;,International Conference on Intelligent Computing,"2007
"
Ke Chen,2608,490,yunong zhang;zhan li;chenfu yi,Zhang Neural Network Versus Gradient Neural Network for Online Time-Varying Quadratic Function Minimization,,Neural Network;Time Varying;,International Conference on Intelligent Computing,"2008
"
Ke Chen,2609,490,yunong zhang;xiaojiao guo;weimu ma;binghuang cai,MATLAB Simulink Modeling and Simulation of Zhang Neural Network for Online Time-Varying Matrix Inversion,,Matrix Inversion;Modeling and Simulation;Neural Network;Time Varying;,"International Conference on Networking, Sensing and Control","2008
"
Ke Chen,2610,490,yunong zhang;zhan li;binghuang cai,Common Nature of Learning Exemplified by BP and Hopfield Neural Networks for Solving Online a System of Linear Equations,,Linear Equations;hopfield neural network;,"International Conference on Networking, Sensing and Control","2008
"
Ke Chen,2611,490,yunong zhang;zenghai chen;binghuang cai,Zhang neural network without using time-derivative information for constant and time-varying matrix inversion,,Matrix Inversion;Neural Network;Time Varying;,IJCNN,"2008
"
Ke Chen,2612,490,yunong zhang;zhiguo tan;zhi yang;lv xuanjiao,A simplified LVI-based primal-dual neural network for repetitive motion planning of PA10 robot manipulator starting from different initial states,,Motion Planning;Robot Manipulator;Neural Network;,IJCNN,"2008
"
Ke Chen,2613,490,yunong zhang;shuai yue;chenfu yi,MATLAB Simulation and Comparison of Zhang Neural Network and Gradient Neural Network for Time-Varying Lyapunov Equation Solving,,lyapunov equation;Neural Network;Time Varying;,International Symposium on Neural Networks,"2008
"
Ke Chen,2614,490,yunong zhang;yanyan shi;chaoli wang,Global exponential convergence and stability of gradient-based neural network for online matrix inversion,,Exponential Convergence;Matrix Inversion;Neural Network;,Applied Mathematics and Computation,"2009
"
Ke Chen,2615,490,yunong zhang;weimu ma;xiao-dong li;hong-zhou tan,MATLAB Simulink modeling and simulation of LVI-based primal-dual neural network for solving linear and quadratic programs,,Modeling and Simulation;Quadratic Program;Neural Network;,Neurocomputing,"2009
"
Ke Chen,2616,490,yunong zhang;zhiguo tan;zhi yang;lv xuanjiao,Repetitive motion of redundant robots planned by three kinds of recurrent neural networks and illustrated with a four-link planar manipulator's straight-line example,,Recurrent Neural Network;,Robotics and Autonomous Systems,"2009
"
Ke Chen,2617,491,jinhua jiang;gang chen;lidan shou,OTJFast: Processing Ordered XML Twig Join Fast,,,Asia-Pacific Services Computing Conference,"2008
"
Ke Chen,2618,491,gang chen;jinxiang dong,A Database Encryption Scheme for Enhanced Security and Easy Sharing,,,Computer Supported Cooperative Work in Design,"2006
"
Ke Chen,2619,491,gang chen;tianlei hu;jinxiang dong,A logical replication-based intrusion detection approach for CSCW system,,Intrusion Detection;,Computer Supported Cooperative Work in Design,"2005
"
Ke Chen,2620,491,gang chen;tianlei hu;jinxiang dong,Resilient Rights Protection for Product Data,,,Computer Supported Cooperative Work in Design,"2006
"
Ke Chen,2621,491,gang chen;cheng zang;jinxiang dong,A Fractal Watermark Solution for Product Data,,,Computer Supported Cooperative Work in Design,"2006
"
Ke Chen,2622,491,tianlei hu;gang chen;jinxiang dong,An adaptive load balancing framework for parallel database systems based on collaborative agents,,Adaptive Load Balancing;Parallel Database System;,Computer Supported Cooperative Work in Design,"2005
"
Ke Chen,2623,491,lihua yu;gang chen;jinxiang dong,Securely Sharing Data in Encrypted Databases,,,Computer Supported Cooperative Work in Design,"2006
"
Ke Chen,2624,491,cheng zang;zhongdong huang;jinxiang dong,An Architecture Approach to Dynamic Policy in RBAC,,,Computer Supported Cooperative Work in Design,"2006
"
Ke Chen,2625,491,jinhua jiang;gang chen;lidan shou,Efficient Holistic Twig Join Algorithm on XML Documents with Optimization Rules and Index,,Indexation;Xml Document;,International Conference on Cyberworlds,"2008
"
Ke Chen,2626,491,nan chen;lidan shou;gang chen;yunjun gao,Bs-tree: A Self-tuning Index of Moving Objects,,Moving Object;,Database Systems for Advanced Applications,"2010
"
Ke Chen,2627,491,chang xu;lidan shou;gang chen;wei hu;tianlei hu,Towards Efficient Concurrent Scans on Flash Disks,,,Database and Expert Systems Applications,"2010
"
Ke Chen,2628,491,yueguo chen;gang chen;beng chin ooi,Efficient Processing of Warping Time Series Join of Motion Capture Data,Discovering non-trivial matching subsequences from two time series is very useful in synthesizing novel time series. This can be applied to applications such as motion synthesis where smooth and natural motion sequences are often required to be generated from existing motion sequences. We first address this problem by defining it as a problem of l-ε-join over two time series. Given,Motion Capture;Motion Capture Data;Motion Synthesis;Time Series;,International Conference on Data Engineering,"2009
"
Ke Chen,2629,491,gang chen;jinxiang dong,An Immunity-Based Intrusion Detection Solution for Database Systems,,Database System;Intrusion Detection;,Web-Age Information Management,"2005
"
Ke Chen,2630,491,gang chen;tianlei hu;jinxiang dong,Watermarking Abstract Tree-Structured Data,,Tree Structure;,Web-Age Information Management,"2005
"
Ke Chen,2631,491,tianlei hu;gang chen;jinxiang dong,GARWM: Towards a Generalized and Adaptive Watermark Scheme for Relational Data,,Relational Data;,Web-Age Information Management,"2005
"
Ke Chen,2632,491,kai hwang;gang chen,Heuristic Discovery of Role-Based Trust Chains in Peer-to-Peer Networks,,Peer-to-peer Network;,IEEE Transactions on Parallel and Distributed Systems,"2009
"
Ke Chen,2633,492,,How to play a coloring game against a color-blind adversary,"We study the problem of conflict-free (CF) coloring of a set of points in the plane, in an online fashion, with respect to halfplanes, nearly-equal axis-parallel rectangles, and con- gruent disks.As a warm-up exercise, the online CF coloring of points on the line with respect to intervals is also con- sidered.We present randomized algorithms in the oblivi- ous adversary model,",Online Algorithm;Randomized Algorithm;,Symposium on Computational Geometry,"2006
"
Ke Chen,2634,492,sariel har-peled,The orienteering problem in the plane revisited,"We consider the orienteering problem: Given a set P of n points in the plane, a starting point r 2 P, and a length constraint B, one needs to find a tour starting at r that visits as many points of P as possible and of length not exceeding B. We present a (1 "")-approximation algorithm for this problem that",Approximate Algorithm;Higher Dimensions;Optimal Solution;Polynomial Time Approximation Scheme;,Symposium on Computational Geometry,"2006
"
Ke Chen,2635,492,,On k-Median clustering in high dimensions,"Abstract We study approximation algorithms for k-median clustering. We obtain small coresets for k-median clustering in metric spaces as well as in Euclidean spaces. Specically , in IR,k="") O(1)",Approximate Algorithm;Euclidean Space;High Dimension;Metric Space;,Symposium on Discrete Algorithms,"2006
"
Ke Chen,2636,492,,A constant factor approximation algorithm for k-median clustering with outliers,"We consider the k-median clustering with outliers problem: Given a finite point set in a metric space and parameters k and m, we want to remove m points (called outliers), such that the cost of the optimal k-median clustering of the remaining points is mini- mized. We present the first polynomial time constant factor approximation algorithm for this problem.",Approximate Algorithm;Metric Space;Polynomial Time;,Symposium on Discrete Algorithms,"2008
"
Ke Chen,2637,492,shuang liang;song jiang;xiaodong zhang,Cost-Aware Caching Algorithms for Distributed Storage Servers,"We study replacement algorithms for non-uniform access caches that are used in distributed storage systems. Considering access latencies as major costs of data management in such a system, we show that the total cost of any replacement algorithm is bounded by the total costs of evicted blocks plus the total cost of the optimal off-line algo- rithm (OPT). We propose",Cache Replacement;Data Management;Distributed Storage;Distributed Storage System;On-line Algorithm;,Workshop on Distributed Algorithms/International Symposium on Distributed Computing,"2007
"
Ke Chen,2638,492,,On Coresets for k-Median and k-Means Clustering in Metric and Euclidean Spaces and Their Applications,,Euclidean Space;k-means clustering;,Siam Journal on Computing,"2009
"
Ke Chen,2639,492,amos fiat;haim kaplan;meital levy;jirí matousek;elchanan mossel;jános pach;micha sharir;shakhar smorodinsky;uli wagner;emo welzl,Online Conflict-Free Coloring for Intervals,"We consider an online version of the conflict-free coloring of a set of points on the line, where each newly inserted point must be assigned a color upon insertion, and at all times the coloring has to be conflict-free, in the sense that in every interval I there is a color that appears exactly once in I. We present deterministic",Online Algorithm;Randomized Algorithm;Two Dimensions;,Siam Journal on Computing,"2007
"
Ke Chen,2640,492,sariel har-peled,The Euclidean Orienteering Problem Revisited,"Abstract We consider the rooted orienteering problem: Given a set P of n points in the plane, a starting point r 2 P, and a length constraint B, one needs to find a path starting from r that visits as many,points of P as possible and of length not exceeding,B. We present a (1 "")-approximation,algorithm,for this problem,that runs in n,(1="")",Approximate Algorithm;Higher Dimensions;Optimal Solution;Polynomial Time Approximation Scheme;,Siam Journal on Computing,"2008
"
Ke Chen,2641,492,haim kaplan;micha sharir,"Online conflict-free coloring for halfplanes, congruent disks, and axis-parallel rectangles","We present randomized algorithms for online conflict-free coloring (CF in short) of points in the plane, with respect to halfplanes, congruent disks, and nearly-equal axis-parallel rectangles. In all three cases, the coloring algorithms use O(log n) colors, with high probability. We also present a deterministic algorithm for online CF coloring of points in the plane with respect to nearly-equal axis-parallel",Online Algorithm;Randomized Algorithm;,ACM Transactions on Algorithms,"2009
"
