author,pid,label,coauthor,title,abstract,keywords,venue,year
Lei Chen,2691,506,xiang lian,Efficient join processing on uncertain data streams,"Join processing in the streaming environment has many practical applications such as data cleaning and outlier detection. Due to the inherent uncertainty in the real-world data, it has become an increasingly important problem to consider the join processing on uncertain data streams, where the incoming data at each timestamp are uncertain and imprecise. Different from the static databases, processing uncertain",Data Cleaning;Outlier Detection;Uncertain Data;,International Conference on Information and Knowledge Management,"2009
"
Lei Chen,2692,506,jie lian;kshirasagar naik;m. tamer özsu;gordon b. agnew,Localized routing trees for query processing in sensor networks,"In this paper, we propose a novel energy-efficient approach, a localized routing tree (LRT) coupled with a route redirection (RR) strategy, to support various types of queries. LRTs take care of the sensors near the sink and reduce the energy consumption of these sensors, and RR reduces the energy cost of data receptions. Compared to the existing approaches, simulation studies",Data Aggregation;Energy Consumption;Energy Cost;Energy Efficient;Query Processing;Sensor Network;Simulation Study;,International Conference on Information and Knowledge Management,"2005
"
Lei Chen,2693,506,xiping liu;changxuan wan,Effective XML content and structure retrieval with relevance ranking,"XML documents can be retrieved by means of not only content-only (CO) queries, but also content-and-structure (CAS) queries. Though promising better retrieval precision, CAS queries introduce several new challenges. To address these challenges, we propose a novel approach for XML CAS retrieval. The distinctive feature of the approach is that it adopts a content-oriented point of view. Specifically, the approach",Document Structure;Efficient Algorithm;Experimental Study;Heterogeneous Data;It Adoption;Point of View;Relevance Ranking;Xml Document;,International Conference on Information and Knowledge Management,"2009
"
Lei Chen,2694,506,weixiong rao;ada wai-chee fu;yingyi bu,Optimal proactive caching in peer-to-peer network: analysis and application,"As a promising new technology with the unique properties like high efficiency, scalability and fault tolerance, Peer-to- Peer (P2P) technology is used as the underlying network to build new Internet-scale applications. However, one of the well known issues in such an application (for example WWW) is that the distribution of data popularities is heav- ily tailed with a Zipf-like distribution.",Fault Tolerant;High Efficiency;New Technology;Optimal Solution;P2P;P2p Networks;Peer To Peer;Peer-to-peer Network;trace-driven simulation;Web Caching;Object Relational;,International Conference on Information and Knowledge Management,"2007
"
Lei Chen,2695,506,shaoxu song,Probabilistic correlation-based similarity measure of unstructured records,"Computing the similarity between unstructured records is a fundamental function in multiple applications. Approximate string matching and full text retrieval techniques do not show the best performance when applied directly, since the information are limited in unstructured records of short record length. In this paper, we propose a novel probabilistic correlation-based similarity measure. Rather than simply conducting the exact matching",Approximate String Matching;Similarity Measure;Text Retrieval;,International Conference on Information and Knowledge Management,"2007
"
Lei Chen,2696,506,qiang wang;rui li;jie lian;m. tamer özsu,Speed up semantic search in p2p networks,"Peer-to-peer architectures become popular in modern massively distributed systems, which are often in very large scale and contain a huge volume of heterogeneous data. To facilitate the information retrieval process in P2P networks, we consider semantic search approach, where syntax-based queries are shipped to peers based on semantic correlations. Motivated by an interesting experience in Web information retrieval, we propose",Distributed System;Heterogeneous Data;Information Retrieval;Large Scale;Overlay Network;P2P;P2p Networks;Peer To Peer;Performance Evaluation;Semantic Search;Web Information Retrieval;,International Conference on Information and Knowledge Management,"2008
"
Lei Chen,2697,506,yi zhuang;yueting zhuang;qing li,Towards interactive indexing for large Chinese calligraphic character databases,"In this paper, based on a novel shape-similarity-based retrieval method, we propose an interactive partial-distance-map (PDM)- based high-dimensional indexing scheme to speed up the retrieval performance of the large Chinese calligraphic character databases. Specifically, we use the approximate minimal bounding hyper- sphere of query character to search the PDM and utilize the users' relevance feedback to refine the search process.",High Dimensionality;Image Database;Indexation;Relevance Feedback;Shape Similarity;,International Conference on Information and Knowledge Management,"2006
"
Lei Chen,2698,506,lei zou;yansheng lu,Top-k subgraph matching query in a large graph,"Recently, due to its wide applications, subgraph search has at- tracted a lot of attention from database and data mining commu- nity. Sub-graph search is defined as follows: given a query graph Q, we report all data graphs containing Q in the database. How- ever, there is little work about sub-graph search in a single large graph, which has been",Data Mining;Graph Matching;Graph Search;Indexation;Large Data;Score Function;Social Network;,International Conference on Information and Knowledge Management,"2007
"
Lei Chen,2699,506,yongzhen zhuang,In-network Outlier Cleaning for Data Collection in Sensor Networks,"Outliers are very common in the environmen- tal data monitored by a sensor network con- sisting of many inexpensive, low fldelity, and frequently failed sensors. The limited battery power and costly data transmission have in- troduced a new challenge for outlier clean- ing in sensor networks: it must be done in- network to avoid spending energy on trans- mitting outliers.",Data Collection;Data Transmission;Dynamic Time Warping;Routing Algorithm;Sensor Network;Temporal Correlation;,Clean Databases,"2006
"
Lei Chen,2700,506,xiang lian,Probabilistic Inverse Ranking Queries over Uncertain Data,,Uncertain Data;,Database Systems for Advanced Applications,"2009
"
Lei Chen,2701,506,xiang lian;bin wang,Approximate Similarity Search over Multiple Stream Time Series,,Similarity Search;Time Series;,Database Systems for Advanced Applications,"2007
"
Lei Chen,2702,506,shaoxu song,Similarity Joins of Text with Incomplete Information Formats,,Incomplete Information;Similarity Join;,Database Systems for Advanced Applications,"2007
"
Lei Chen,2703,506,di wu;yiping ke;jeffrey xu yu;philip s. yu,Detecting Leaders from Correlated Time Series,,Time Series;,Database Systems for Advanced Applications,"2010
"
Lei Chen,2704,506,junchang xin;guoren wang;vincent oria,Energy-Efficient Evaluation of Multiple Skyline Queries over a Wireless Sensor Network,,Energy Efficient;Wireless Sensor Network;,Database Systems for Advanced Applications,"2009
"
Lei Chen,2705,506,junchang xin;guoren wang;xiaoyi zhang;zhenhua wang,Continuously Maintaining Sliding Window Skylines in a Sensor Network,,Sensor Network;Sliding Window;,Database Systems for Advanced Applications,"2007
"
Lei Chen,2706,506,ye yuan;guoren wang,Efficiently Answering Probability Threshold-Based Shortest Path Queries over Uncertain Graphs,,Shortest Path;,Database Systems for Advanced Applications,"2010
"
Lei Chen,2707,506,yi zhuang;qing li,A Unified Indexing Structure for Efficient Cross-Media Retrieval,,Index Structure;,Database Systems for Advanced Applications,"2009
"
Lei Chen,2708,506,lei zou;yansheng lu,Top-K Correlation Sub-graph Search in Graph Databases,,Graph Search;,Database Systems for Advanced Applications,"2009
"
Lei Chen,2709,506,lei zou;m. tamer özsu;dongyan zhao,Dynamic Skyline Queries in Large Graphs,,,Database Systems for Advanced Applications,"2010
"
Lei Chen,2710,506,lei zou;huaming zhang;yansheng lu;qiang lou,Summarization Graph Indexing: Beyond Frequent Structure-Based Approach,"Graph is an important data structure to model complex structural data, such as chemical compounds, proteins, and XMLdocuments. Among many graph data-based applications, sub-graph search is a key problem, which is defined as given a query Q, retrieving all graphs containing Q as a sub-graph in the graph database. Most existing sub-graph search methods try to filter out false positives",Complete Graph;Data Structure;Experimental Study;False Positive;Graph Search;Indexation;Indexing Method;Model Complexity;Signature File;Structured Data;Synthetic Data;,Database Systems for Advanced Applications,"2008
"
Lei Chen,2711,506,bin wang;xiaochun yang;guoren wang;sean x. wang;xuemin lin;ge yu,Answering Constrained k-NN Queries in Unstructured P2P Systems,,P2p System;,"Databases, Information Systems, and Peer-to-Peer Computing","2006
"
Lei Chen,2712,506,reynold cheng;jinchuan chen;xike xie,Evaluating probability threshold k-nearest-neighbor queries over uncertain data,"In emerging applications such as location-based services, sensor monitoring and biological management systems, the values of the database items are naturally imprecise. For these uncertai n databases, an important query is the Probabilistic k-Nearest-Neighbor Query (k-PNN), which computes the probabilities of sets of k objects for being the closest to a given query point. The evaluation of this query can",Data Structure;K Nearest Neighbor;Location Based Service;Management System;Probability Density Function;Satisfiability;Spatial Index;Uncertain Data;,Extending Database Technology,"2009
"
Lei Chen,2713,506,xiang lian,Dynamic skyline queries in metric spaces,"Skyline query is of great importance in many applications, such as multi-criteria decision making and business planning. In particular, a skyline point is a data object in the database whose attribute vec- tor is not dominated by that of any other objects. Previous methods to retrieve skyline points usually assume static data objects in the database (i.e. their attribute vectors",Business Planning;Euclidean Space;Indexation;Metric Space;Multi Criteria Decision Making;,Extending Database Technology,"2008
"
Lei Chen,2714,506,xiang lian,Probabilistic ranked queries in uncertain databases,"Recently, many new applications, such as sensor data monitoring and mobile device tracking, raise up the issue of uncertain data management. Compared to ""certain"" data, the data in the uncertain database are not exact points, which, instead, often locate within a region. In this paper, we study the ranked queries over uncer- tain data. In fact, ranked queries have been",Data Mining;Decision Making;Mobile Device;Search Space;Uncertain Data;,Extending Database Technology,"2008
"
Lei Chen,2715,506,xiang lian,Top-k dominating queries in uncertain databases,"Due to the existence of uncertain data in a wide spectrum of real applications, uncertain query processing has become increasingly important, which dramatically differs from handling certain data in a traditional database. In this paper, we formulate and tackle an important query, namely probabilistic top-k dominating (PTD) query, in the uncertain database. In particular, a PTD query re- trieves k",Query Processing;Search Space;Spectrum;Uncertain Data;,Extending Database Technology,"2009
"
Lei Chen,2716,506,yi zhuang;yueting zhuang;qing li;yi yu,Indexing high-dimensional data in dual distance spaces: a symmetrical encoding approach,"Due to the well-known dimensionality curse problem, search in a high-dimensional space is considered as a ""hard"" problem. In this paper, a novel symmetrical encoding-based index structure, which is called EHD-Tree (for symmetrical Encoding-based Hybrid Distance Tree), is proposed to support fast k-Nearest-Neighbor (k-NN) search in high-dimensional spaces. In an EHD-Tree, all data points are first grouped into clusters by",High Dimensional Data;High Dimensionality;Index Structure;Indexation;k-means clustering;K Nearest Neighbor;,Extending Database Technology,"2008
"
Lei Chen,2717,506,lei zou;jeffrey xu yu;yansheng lu,A novel spectral coding in a large graph database,"Retrieving related graphs containing a query graph from a large graph database is a key issue in many graph-based applications, such as drug discovery and structural pattern recognition. Because sub-graph isomorphism is a NP-complete problem (4), we have to employ a filter-and-verification frame- work to speed up the search efficiency, that is, using an effec- tive and efficient pruning strategy",Drug Discovery;Graph Isomorphism;Graph Search;Local Structure;np-complete problem;Pattern Recognition;Satisfiability;False Negative;,Extending Database Technology,"2008
"
Lei Chen,2718,506,yanli cai;jian cao;minglu li,Portlet-based Portal Design for Grid Systems,,Grid System;,Grid and Cooperative Computing,"2006
"
Lei Chen,2719,506,xiaoming chen;zhoujun li;yongzhen zhuang;jinsong han,HAND: An Overlay Optimization Algorithm in Peer-to-Peer Systems,,Optimal Algorithm;Peer To Peer System;,High Performance Computing and Communications,"2006
"
Lei Chen,2720,506,mo li;yunhao liu,Non-Threshold based Event Detection for 3D Environment Monitoring in Sensor Networks,"Event detection is a crucial task for wireless sensor net- work applications, especially environment monitoring. Ex- isting approaches for event detection are mainly based on some predefined threshold values, and thus are often inac- curate and incapable of capturing complex events. For ex- ample, in coal mine monitoring scenarios, gas leakage or water osmosis can hardly be described by the",3d environment;Coal Mining;Event Detection;Sensor Network;Spatio-temporal Data;Time Series;trace-driven simulation;Wireless Sensor Net Work;,International Conference on Distributed Computing Systems,"2007
"
Lei Chen,2721,506,yongzhen zhuang;xiaoyang sean wang;jie lian,A Weighted Moving Average-based Approach for Cleaning Sensor Data,"Nowadays, wireless sensor networks have been widely used in many monitoring applications. Due to the low qual- ity of sensors and random effects of the environments, how- ever, it is well known that the collected sensor data are noisy. Therefore, it is very critical to clean the sensor data before using them to answer queries or conduct data anal- ysis.",Data Cleaning;Energy Efficient;Moving Average;Importance Value;Quick Response;Random Effects;Wireless Sensor Network;,International Conference on Distributed Computing Systems,"2007
"
Lei Chen,2722,506,yi zhuang;qing li,Multi-query Optimization for Distributed Similarity Query Processing,"This paper considers a multi-query optimization issue for distributed similarity query processing, which attempts to exploit the dependencies in the derivation of a query evaluation plan. To the best of our knowledge, this is the first work investigating a multi- query optimization technique for distributed similarity query processing (MDSQ). Four steps are incorporated in our MDSQ algorithm. First when a",Answer Sets;Dynamic Query;Indexation;Load Balance;Query Evaluation;Query Optimization;Query Processing;,International Conference on Distributed Computing Systems,"2008
"
Lei Chen,2723,506,m. tamer özsu,Multi-Scale Histograms for Answering Queries over Time Series Data,"Similarity-based time series data retrieval has been used in many real world applications, such as stock data or weather data analysis. Two types of queries on time series data are generally studied: pattern existence queries and ex- act match queries. In pattern existence queries, users are interested in the general shape of time series data and ig- nore the specific",Data Analysis;Data Distribution;Dynamic Time Warping;Euclidean Distance;Exact Results;Histogram Equalization;Interaction Analysis;Longest Common Subsequence;Normal Form;Real World Application;Source Code;Symbolic Representation;Time Series;Time Series Data;Local Time;Weighted Averaging;,International Conference on Data Engineering,"2004
"
Lei Chen,2724,506,xiang lian,A General Cost Model for Dimensionality Reduction in High Dimensional Spaces,"Similarity search usually encounters a serious problem in the high dimensional space, known as the ""curse of dimensionality"". In order to speed up the retrieval effi- ciency, previous approaches usually reduce the dimension- ality of the entire data set to a fixed lower value before building indexes (referred to as global dimensionality re- duction (GDR)). More recent works focus on",Cost Model;Curse of Dimensionality;Dimensional Reduction;Formal Model;High Dimensionality;Indexation;Range Query;Similarity Search;Synthetic Data;,International Conference on Data Engineering,"2007
"
Lei Chen,2725,506,xiang lian,Similarity Search in Arbitrary Subspaces Under Lp-Norm,"Similarity search has been widely used in many applications such as information retrieval, image data analysis, and time-series matching. Specifically, a similarity query retrieves all data objects in a data set that are similar to a given query object. Previous work on similarity search usually consider the search problem in the full space. In this paper, however, we propose a",Cost Model;Data Analysis;Information Retrieval;Lp Norm;Similarity Search;Time Series;,International Conference on Data Engineering,"2008
"
Lei Chen,2726,506,xiang lian;jeffrey xu yu,Pattern Matching over Cloaked Time Series,,Pattern Matching;Time Series;,International Conference on Data Engineering,"2008
"
Lei Chen,2727,506,xiang lian;jeffrey xu yu;guoren wang;ge yu,Similarity Match Over High Speed Time-Series Streams,,High Speed;Time Series;,International Conference on Data Engineering,"2007
"
Lei Chen,2728,506,zheng liu;jeffrey xu yu;di wu,Detection of Shape Anomalies: A Probabilistic Approach Using Hidden Markov Models,,Probabilistic Approach;Hidden Markov Model;,International Conference on Data Engineering,"2008
"
Lei Chen,2729,506,weixiong rao;ada wai-chee fu;hanhua chen,STAIRS: Towards Efficient Full-Text Filtering and Dissemination in a DHT Environment,"Nowadays contents in Internet like weblogs, wikipedia and news sites become ""live"". How to notify and provide users with the relevant contents becomes a challenge. Unlike conventional Web search technology or the RSS feed, this paper envisions a personalized full-text content filtering and dissemination system in a highly distributed environment such as a Distributed Hash Table (DHT). Users can subscribe",Distributed Environment;Distributed Hash Table;Query Logs;Web Search;Experience Base;,International Conference on Data Engineering,"2009
"
Lei Chen,2730,506,changliang wang,Continuous Subgraph Pattern Search over Graph Streams,,Pattern Search;,International Conference on Data Engineering,"2009
"
Lei Chen,2731,506,ke yi;xiang lian;feifei li,A Concise Representation of Range Queries,"Abstract—With the advance of wireless communication tech- nology, it is quite common for people to view maps or get related services from the handheld devices, such as mobile phones and PDAs. Range queries, as one of the most commonly used tools, are often posed by the users to retrieve needful information from a spatial database. However, due to the limits",Communication Cost;Handheld Device;Information Loss;Mobile Phone;Range Query;Spatial Database;Wireless Communication;,International Conference on Data Engineering,"2009
"
Lei Chen,2732,506,yongzhen zhuang,Max Regional Aggregate over Sensor Networks,,Sensor Network;,International Conference on Data Engineering,"2009
"
Lei Chen,2733,506,lei zou,Dominant Graph: An Efficient Indexing Structure to Answer Top-K Queries,"Given a record set D and a query score function F ,a top-k query returns k records from D ,w hose values of function F on their attributes are the highest. In this paper, we investigate the intrinsic connection between top-k queries and dominant relationship between records, and based on which, we propose an efficient layer-based indexing structure, Dominant Graph",Cost Analysis;High Dimension;Index Structure;Optimization Technique;Score Function;Search Space;,International Conference on Data Engineering,"2008
"
Lei Chen,2734,506,zheng liu;jeffrey xu yu;yiping ke;xuemin lin,Spotting Significant Changing Subgraphs in Evolving Graphs,"Graphs are popularly used to model structural relation- ships between objects. In many application domains such as social networks, sensor networks and telecommunication, graphs evolve over time. In this paper, we study a new prob- lem of discovering the subgraphs that exhibit significant changes in evolving graphs. This problem is challenging since it is hard to define changing regions that",Efficient Algorithm;Sensor Network;Social Network;,IEEE International Conference on Data Mining,"2008
"
Lei Chen,2735,506,m. tamer özsu,Rule-based scene extraction from video,"ABSTRACT Instead of clustering video shots into scenes using low level image features, in this paper, we propose a rule-based model to extract simple dialog or action scenes. Through analyzing video editing rules and observing temporal appearance patterns of shots in dialog scenes of movies, we deduce a set of rules to recognize dialog or action scenes. Based on these",Finite State Machine;Image Features;Video Editing;Rule Based;,International Conference on Image Processing,"2002
"
Lei Chen,2736,506,sule gündüz;m. tamer özsu,Mixed Type Audio Classification with Support Vector Machine,"Content-based classification of audio data is an important problem for various applications such as overall analysis of audio-visual streams, boundary detection of video story segment, extraction of speech segments from video, and content-based video retrieval. Though the classification of audio into single type such as music, speech, environmen- tal sound and silence is well studied, classification of mixed type audio",Audio Classification;Boundary Detection;Classification System;Content Based Video Retrieval;K Nearest Neighbor;Naive Bayes;Speech Segmentation;Support Vector Machine;Audio Visual;Neural Network;,International Conference on Multimedia Computing and Systems/International Conference on Multimedia and Expo,"2006
"
Lei Chen,2737,506,liyi zhang;yanju guo;ting liu,Research of Blind Images Separation Algorithm Based on Kernel Space,,,International Conference on Natural Computation,"2009
"
Lei Chen,2738,506,liyi zhang;yanju guo;ting liu;qiang li,Sequential blind image extraction based on particle swarm optimization,,particle swarm optimizer;,International Conference on Natural Computation,"2010
"
Lei Chen,2739,506,ting liu;bin wang;yunshan sun;liyi zhang,An Adaptive Multi-user Detection Algorithm Based on Forward Neural Network,,Multi User Detection;Neural Network;,International Conference on Natural Computation,"2009
"
Lei Chen,2740,506,liyi zhang;ting liu;yunshan sun,Research on neural network blind equalization algorithm with structure optimized by genetic algorithm,,Blind Equalization;Genetic Algorithm;Structure Optimization;Neural Network;,International Conference on Natural Computation,"2010
"
Lei Chen,2741,506,jie lian;kshirasagar naik;yunhao liu,Virtual Surrounding Face Geocasting with Guaranteed Message Delivery for Ad Hoc and Sensor Networks,"Geocasting in wireless sensor networks and ad hoc networks is the delivery of a message from a source to all the nodes in a given geographical region. The objectives of a geocasting protocol are two-folds: guaranteed message delivery and low transmission cost. Most of the existing protocols do not guarantee message delivery, and those that do incur a high transmission",Ad Hoc Network;Sensor Network;Simulation Study;Wireless Sensor Network;,International Conference on Network Protocols,"2006
"
Lei Chen,2742,506,rui chu;nong xiao;xicheng lu,A push-based prefetching for cooperative caching RAM Grid,,Cooperative Caching;,International Conference on Parallel and Distributed Systems,"2007
"
Lei Chen,2743,506,yiming zhang;dongsheng li;xicheng lu,Collaborative Search in Large-scale Unstructured Peer-to-Peer Networks,"Searching in large-scale unstructured peer-to-peer networks is challenging due to the lack of effective hint information to guide queries. In this paper, we propose POP, a Parallel, cOllaborative and Probabilistic search mechanism, in which query messages are viewed as search units to collaborate with each other and aggregate the distributed hints during the search process. A scheme called Distributed Bloom",Bloom Filter;Information Aggregation;Large Scale;Peer-to-peer Network;Theoretical Analysis;,International Conference on Parallel Processing,"2007
"
Lei Chen,2744,506,prima chairunnanda;vivekanand gopalkrishnan,Enhancing Edit Distance on Real Sequences Filters using Histogram Distance on Fixed Reference Ordering,,Edit Distance;,International Conference on Pattern Recognition,"2006
"
Lei Chen,2745,506,dexi liu;changxuan wan;naixue xiong;laurence tianruo yang,Two Novel Semantics of Top-k Queries Processing in Uncertain Database,,top-k query processing;,Conference on Computer and Information Technology,"2010
"
Lei Chen,2746,506,xinhua lin;xi-li sun;xinda lu;qianni deng;minglu li;hong liu;yang qi,Recent Advances in CFD Grid Application Platform,,Grid Applications;,IEEE International Conference on Services Computing,"2004
"
Lei Chen,2747,506,weixiong rao;ada wai-chee fu;hanhua chen;futai zou,On Efficient Content Matching in Distributed Pub/Sub Systems,"Abstract—The efficiency of matching structures is the key issue for content publish/subscribe systems. In this paper, we propose an efficient matching tree structure, named COBASTREE ,f or a distributed environment. Particularly, we model a predicate in each subscription filter as an interval and published content value as a data point. The COBASTREE is designed to index all subscription intervals and",Cost Model;Distributed Environment;High Efficiency;Indexation;Performance Evaluation;publish/subscribe system;Simulation Environment;Tree Structure;,IEEE INFOCOM,"2009
"
Lei Chen,2748,506,kebin liu;minglu li;yunhao liu,Continuous answering holistic queries over sensor networks,,Sensor Network;,International Parallel and Distributed Processing Symposium/International Parallel Processing Symposium,"2008
"
Lei Chen,2749,506,shaoliang peng;shanshan li;nong xiao;yuxing peng,SenCast: Scalable multicast in wireless sensor networks,,Wireless Sensor Network;,International Parallel and Distributed Processing Symposium/International Parallel Processing Symposium,"2008
"
Lei Chen,2750,506,yi yu;j. stephen downie;fabian mörchen;kazuki joe,Using Exact Locality Sensitive Mapping to Group and Detect Audio-Based Cover Songs,,,International Symposium on Multimedia,"2008
"
Lei Chen,2751,506,yingyi bu;ada wai-chee fu;dawei liu,Efficient anomaly monitoring over moving object trajectory streams,"Lately there exist increasing demands for online abnormality mon- itoring over trajectory streams, which are obtained from moving object tracking devices. This problem is challenging due to the re- quirement of high speed data processing within limited space cost. In this paper, we present a novel framework for monitoring anoma- lies over continuous trajectory streams. First, we illustrate the im-",Data Processing;High Speed;Index Structure;Moving Object;Outlier Detection;Similarity Search;Temporal Data;,Knowledge Discovery and Data Mining,"2009
"
Lei Chen,2752,506,m. tamer özsu;vincent oria,Symbolic representation and retrieval of moving object trajectories,"Searching moving object trajectories of video databases has been applied to many fields, such as video data analysis, content-based video retrieval, video scene classification. In this paper, we propose a novel representation of trajectories, called movement pattern strings, which convert the trajectories into symbolic representations. Movement pattern strings encode both the movement direction and the movement distance information of the",Content Based Video Retrieval;Data Analysis;Edit Distance;Movement Pattern;Moving Object;Scene Classification;Symbolic Representation;Video Database;Lower Bound;,Multimedia Information Retrieval,"2004
"
Lei Chen,2753,506,yi yu;j. stephen downie;vincent oria;kazuki joe,Searching musical audio datasets by a batch of multivariant tracks,"Multi-variant music tracks are those audio tracks of a particular song which are sung and recorded by different people (i.e., cover songs). As music social clubs grow on the Internet, more and more people like to upload music recordings onto such music social sites to share their own home-produced albums and participate in Internet singing contests. Therefore it is very",Audio Retrieval;Indexation;K Nearest Neighbor;Locality Sensitive Hashing;Semantic Indexing;Similarity Search;,Multimedia Information Retrieval,"2008
"
Lei Chen,2754,506,vincent oria;m. tamer özsu,A MultiLevel Index Structure for Video Databases,"Several salient object-based data models have been proposed to model the video data, however, none of them proposed an index structure to handle the salient object-based queries efciently . There are several indexing schemes that have been proposed for spatio-temporal relationships among objects and they are used to optimize timestamp and interval queries, which are rarely used in video database.",Data Model;Index Structure;Indexation;Video Database;,Workshop on Multimedia Information Systems,"2002
"
Lei Chen,2755,506,yi yu;michel crucianu;vincent oria,Local summarization and multilevel LSH for retrieving multivariant audio tracks,"In this paper we study the problem of detecting and group- ing multi-variant audio tracks in large audio datasets. To address this issue, a fast and reliable retrieval method is necessary. But reliability requires elaborate representations of audio content, which challenges fast retrieval by similar- ity from a large audio database. To flnd a better trade- ofi between retrieval quality",Experimental Evaluation;Locality Sensitive Hashing;,ACM Multimedia Conference,"2009
"
Lei Chen,2756,506,yi yu;j. stephen downie;fabian moerchen;kazuki joe;vincent oria,COSIN: content-based retrieval system for cover songs,"We develop a content-based audio COver Song IdeNtification (COSIN) system to detect/group cover songs. The COSIN takes music audio content as input and performs similarity searching to locate variants of the input (i.e., cover versions). Identified cover songs are returned in the rank order according to their similarity to the input. The COSIN also incorporates a set of tools to",Approximate Matching;Audio Retrieval;Content Based Retrieval;Dynamic Program;Indexation;Music Retrieval;Similarity Search;,ACM Multimedia Conference,"2008
"
Lei Chen,2757,506,m. tamer özsu;vincent oria,Modeling Video Data for Content Based Queries: Extending the DISIMA Image Data Model,"We present an efficient video data model that extends the DISIMA image data model by add- ing the video components and setting up links between image and video data. Many video data models have been proposed, most of which describe video data independently of image data and therefore fail to consider the relationship between videos and images. Our proposed model",Data Model;Query Language;,Multimedia Modeling,"2003
"
Lei Chen,2758,506,yiming zhang;dongsheng li;xicheng lu,Flexible Routing in Grouped DHTs,,,Peer-to-Peer Computing,"2008
"
Lei Chen,2759,506,yunhao liu;jian pei;qiuxia chen;yiyang zhao,Mining Frequent Trajectory Patterns for Activity Monitoring Using Radio Frequency Tag Arrays,"Activity monitoring, a crucial task in many applications, is often conducted expensively using video cameras. Also, effectively monitoring a large field by analyzing images from multiple cameras remains a challenging problem. In this paper, we introduce a novel application of the recently developed RFID technology: using RF tag arrays for activity monitoring, where data mining techniques play a critical role.",Data Mining;Empirical Study;Fault Tolerant;Radio Frequency;,IEEE International Conference on Pervasive Computing and Communications,"2007
"
Lei Chen,2760,506,m. tamer özsu;vincent oria,Robust and fast similarity search for moving object trajectories,"An important consideration in similarity-based retrieval of moving object trajectories is the definition of a distance function. The existing distance functions are usually sensitive to noise, shifts and scaling of data that commonly occur due to sensor failures, errors in detection techniques, disturbance signals, and different sampling rates. Cleaning data to eliminate these is not always possible. In this paper,",Distance Function;Dynamic Time Warping;Edit Distance;Euclidean Distance;Longest Common Subsequence;Moving Object;Similarity Search;,International Conference on Management of Data,"2005
"
Lei Chen,2761,506,xiang lian,Monochromatic and bichromatic reverse skyline search over uncertain databases,"Reverse skyline queries over uncertain databases have many im- portant applications such as sensor data monitoring and business planning. Due to the existence of uncertainty in many real-world data, answering reverse skyline queries accurately and efficiently over uncertain data has become increasingly important. In this pa- per, we model the probabilistic reverse skyline query on uncertain data, in both monochromatic",Business Planning;Search Space;Uncertain Data;,International Conference on Management of Data,"2008
"
Lei Chen,2762,506,xiang lian;shaoxu song,Consistent query answers in inconsistent probabilistic databases,"Efficient and effective manipulation of probabilistic data has become increasingly important recently due to many real applications that involve the data uncertainty. This is especially crucial when probabilistic data collected from different sources disagree with each other and incur inconsistencies. In order to accommodate such inconsistencies and enable consistent query answering (CQA), in this paper, we propose the all-possible-repair semantics",Data Collection;Data Uncertainty;False Positive;Graph Representation;Possible Worlds;Probabilistic Database;Query Answering;Range Query;,International Conference on Management of Data,"2010
"
Lei Chen,2763,506,wenwei xue;qiong luo;yunhao liu,Contour map matching for event detection in sensor networks,"Many sensor network applications, such as object tracking and disaster monitoring, require effective techniques for event detection. In this paper, we propose a novel event detection mechanism based on matching the contour maps of in-network sensory data distribution. Our key observation is that events in sensor networks can be abstracted into spatio-temporal patterns of sensory data and that pattern matching",Coal Mining;Data Distribution;Energy Efficient;Event Detection;Object Tracking;Pattern Matching;Sensor Network;Temporal Pattern;,International Conference on Management of Data,"2006
"
Lei Chen,2764,506,shariq rizvi;m. tamer özsu,Incorporating Audio Cues into Dialog and Action Scene Extraction,"In this paper, we present an approach to extract scenes in video. The approach is top-down and uses video editing rules and audio cues to extract simple dialog and action scenes. The underlying model is a finite state machine coupled with audio cues that are determined using an audio classifier.",Audio Classification;Finite State Machine;Support Vector Machine;Video Editing;Top Down;,Storage and Retrieval for Image and Video Databases,"2003
"
Lei Chen,2765,506,m. tamer özsu;vincent oria,Using Multi-Scale Histograms to Answer Pattern Existence and Shape Match Queries,,Shape Matching;,Statistical and Scientific Database Management,"2005
"
Lei Chen,2766,506,xiang lian,Efficient Methods on Predictions for Similarity Search over Stream Time Series,"Due to the wide usage of stream time series, an efficient and effective similarity search over stream data becomes essential for many applications. Although many approaches have been proposed for searching through archived data, because of the unique characteristics of the stream, for example, data are frequently updated, traditional methods may not work for the stream time series. Especially, for",Batch Process;Indexation;Similarity Search;Time Series;,Statistical and Scientific Database Management,"2006
"
Lei Chen,2767,506,qiuxia chen;xiang lian;yunhao liu;jeffrey xu yu,Indexable PLA for Efficient Similarity Search,"Similarity-based search over time-series databases has been a hot research topic for a long history, which is widely used in many applications, including multimedia retrieval, data mining, web search and retrieval, and so on. However, due to high dimensionality (i.e. length) of the time series, the similarity search over directly indexed time series usually encounters a serious problem, known as",chebyshev polynomial;Data Mining;Dimensional Reduction;Distance Function;Euclidean Distance;High Dimensionality;Indexation;Multimedia Retrieval;piecewise linear approximation;Reduction Method;Similarity Search;Spectrum;Synthetic Data;Time Series;Web Search;adaptive piecewise constant approximation;Lower Bound;,Very Large Data Bases,"2007
"
Lei Chen,2768,506,raymond t. ng,On The Marriage of Lp-norms and Edit Distance,Existing studies on time series are based on two categories of distance functions. The first category consists of the Lp-norms. They are metric distance functions but cannot support local time shifting. The second category con- sists of distance functions which are capable of handling local time shifting but are non- metric. The first contribution of this paper is the proposal,Distance Function;Edit Distance;Indexation;Lp Norm;Time Series;Triangle Inequality;Lower Bound;Local Time;,Very Large Data Bases,"2004
"
Lei Chen,2769,506,hanhua chen;hai jin;jiliang wang;yunhao liu;lionel m. ni,Efficient multi-keyword search over p2p web,"Current search mechanisms of DHT-based P2P systems can well handle a single keyword search problem. Other than single keyword search, multi-keyword search is quite popular and useful in many real applications. Simply using the solution for single keyword search will require distributed intersection/union operations in wide area networks, leading to unacceptable traffic cost. As it is well known that Bloom",Algorithm Design;Bloom Filter;Design Optimization;Keyword Search;P2P;P2p System;Query Logs;Search Engine;Test Collection;False Positive Rate;Wide Area Network;,World Wide Web Conference Series,"2008
"
Lei Chen,2770,506,shaoxu song,Discovering Matching Dependencies,"The concept of matching dependencies(MDs) is recently proposed for specifying matching rules for object identification. Si milar to the functional dependencies (with conditions), MDs can also be ap- plied to various data quality applications such as violatio n detec- tion. In this paper, we first formally define the statistical m easures to evaluate MDs in a given database instance. Then,",Data Quality;Experimental Evaluation;Functional Dependency;Greedy Algorithm;Object Identification;Satisfiability;,Computing Research Repository,"2009
"
Lei Chen,2771,506,jie lian;kshirasagar naik;gordon b. agnew;m. tamer özsu,BBS: An Energy Efficient Localized Routing Scheme for Query Processing in Wireless Sensor Networks,"A wireless sensor network (WSNET) can support various types of queries. The energy resource of sensors constrains the total number of query responses, called query capacity, received by the sink. There are four problems in the existing approaches for energy-efficient query processing in WSNETs: (i) the fact that sensors near the sink drain their energy much faster than distant sensors",Energy Efficient;Query Processing;Routing Protocol;Simulation Study;Wireless Sensor Network;,International Journal of Distributed Sensor Networks,"2006
"
Lei Chen,2772,506,shaoliang peng;shanshan li;yuxing peng;nong xiao,Scalable Base-Station Model-Based Multicast in Wireless Sensor Networks,,Base Station;Wireless Sensor Network;,Journal of Computer Science and Technology,"2008
"
Lei Chen,2773,506,bin wang;xiaochun yang;guoren wang;ge yu;xiaoyang sean wang;xuemin lin,Continually Answering Constraint k - NN Queries in Unstructured P2P Systems,"We consider the problem of e-ciently computing distributed geographical k-NN queries in an unstructured peer-to-peer (P2P) system, in which each peer is managed by an individual organization and can only communicate with its logical neighboring peers. Such queries are based on local fllter query statistics, and require as less communication cost as possible, which makes it more di-cult than the",Communication Cost;Continuous Query;P2P;P2p System;Peer To Peer;Query Answering;Minimum Bounding Rectangle;,Journal of Computer Science and Technology,"2008
"
Lei Chen,2774,506,m. tamer özsu;vincent oria,MINDEX: An efficient index structure for salient-object-based queries in video databases,"The date of receipt and acceptance will be inserted by the editor Abstract Several salient object-based data models have been proposed to model video data. However, none of them address the development of an index structure to ecien tly handle salient object-based queries. There are several indexing schemes that have been proposed for spatio-temporal relationships among objects and they are",Data Model;Index Structure;Indexation;Video Database;,Multimedia Systems,"2004
"
Lei Chen,2775,506,kebin liu;yunhao liu;minglu li,Robust and Efficient Aggregate Query Processing in Wireless Sensor Networks,,Query Processing;Wireless Sensor Network;,Mobile Networks and Applications,"2008
"
Lei Chen,2776,506,yingyi bu;ada wai-chee fu;raymond chi-wing wong;jiuyong li,Privacy preserving serial data publishing by role composition,"Previous works about privacy preserving serial data publishing on dynamic databases have relied on unrealistic assumptions of the nature of dynamic databases. In many applications, some sensi- tive values changes freely while others never change. For exam- ple, in medical applications, the disease attribute changes with time when patients recover from one disease and develop another dis- ease. However, patients",Medical Application;Privacy Preservation;,Proceedings of The Vldb Endowment,"2008
"
Lei Chen,2777,506,cheqing jin;ke yi;jeffrey xu yu;xuemin lin,Sliding-window top-k queries on uncertain streams,"Query processing on uncertain data streams has attracted a l ot of attentions lately, due to the imprecise nature in the data ge nerated from a variety of streaming applications, such as readings f rom a sensor network. However, all of the existing works on uncertain data streams study unbounded streams. This paper takes the fi rst step towards the",Data Model;Data Stream;Possible Worlds;Query Processing;Sensor Network;Sliding Window;Uncertain Data;,The Vldb Journal,"2008
"
Lei Chen,2778,506,xiang lian,Set Similarity Join on Probabilistic Data,,Similarity Join;,Proceedings of The Vldb Endowment,"2010
"
Lei Chen,2779,506,xiang lian,A Generic Framework for Handling Uncertain Data with Local Correlations,,Uncertain Data;,Proceedings of The Vldb Endowment,"2011
"
Lei Chen,2780,506,lei zou;m. tamer özsu,DistanceJoin: Pattern Match Query In a Large Graph Database,"The growing popularity of graph databases has generated interesting data management problems, such as subgraph search, shortest-path query, reachability veriflcation, and pattern match. Among these, a pattern match query is more ∞exible compared to a subgraph search and more informa- tive compared to a shortest-path or reachability query. In this paper, we address pattern match problems over a large data",Data Management;Graph Embedding;Large Data;Order Selection;Pattern Matching;Search Space;Vector Space;Shortest Path;,Proceedings of The Vldb Endowment,"2009
"
Lei Chen,2781,506,lei zou;m. tamer özsu,K-Automorphism: A General Framework For Privacy Preserving Network Publication,"The growing popularity of social networks has generated interest- ing data management and data mining problems. An important concern in the release of these data for study is their privacy, since social networks usually contain personal information. Simply re- moving all identifiable personal information (such as names and social security number) before releasing the data is insufficient. It is easy",Data Management;Data Mining;Privacy Preservation;Social Network;Social Security;,Proceedings of The Vldb Endowment,"2009
"
Lei Chen,2782,506,yi zhuang;yueting zhuang;qing li,Interactive high-dimensional index for large Chinese calligraphic character databases,"The large numbers of Chinese calligraphic scripts in existence are valuable part of the Chinese cultural heritage. However, due to the shape complexity of these characters, it is hard to employ existing techniques to effectively retrieve and efficiently index them. In this article, using a novel shape-similarity- based retrieval method in which shapes of calligraphic characters are represented by their",Cultural Heritage;High Dimensionality;Indexation;Relevance Feedback;Shape Similarity;,ACM Transactions on Asian Language Information Processing,"2007
"
Lei Chen,2783,506,xiang lian,Efficient Similarity Search in Nonmetric Spaces with Local Constant Embedding,,Similarity Search;,IEEE Transactions on Knowledge and Data Engineering,"2008
"
Lei Chen,2784,506,xiang lian,Efficient Processing of Metric Skyline Queries,,,IEEE Transactions on Knowledge and Data Engineering,"2009
"
Lei Chen,2785,506,changliang wang,Continuous Subgraph Pattern Search over Certain and Uncertain Graph Streams,,Pattern Search;,IEEE Transactions on Knowledge and Data Engineering,"2010
"
Lei Chen,2786,506,xiang lian,Efficient Similarity Search over Future Stream Time Series,"With the advance of hardware and communication technologies, stream time series is gaining ever-increasing attention due to its importance in many applications such as financial data processing, network monitoring, Web click-stream analysis, sensor data mining, and anomaly detection. For all of these applications, an efficient and effective similarity search over stream data is essential. Because of the unique characteristics of",Anomaly Detection;Batch Process;Communication Technology;Data Mining;Discrete Fourier Transform;Financial Data;Indexation;Similarity Search;Time Series;Process Network;Real Time;,IEEE Transactions on Knowledge and Data Engineering,"2008
"
Lei Chen,2787,506,xiang lian,Probabilistic Group Nearest Neighbor Queries in Uncertain Databases,,Nearest Neighbor Queries;,IEEE Transactions on Knowledge and Data Engineering,"2008
"
Lei Chen,2788,506,xiang lian,General Cost Models for Evaluating Dimensionality Reduction in High-Dimensional Spaces,,Cost Model;Dimensional Reduction;High Dimensionality;,IEEE Transactions on Knowledge and Data Engineering,"2009
"
Lei Chen,2789,506,xiang lian,Efficient Similarity Join over Multiple Stream Time Series,,Similarity Join;Time Series;,IEEE Transactions on Knowledge and Data Engineering,"2009
"
Lei Chen,2790,506,xiang lian,Ranked Query Processing in Uncertain Databases,,Query Processing;,IEEE Transactions on Knowledge and Data Engineering,"2010
"
Lei Chen,2791,506,xiang lian;jeffrey xu yu;jinsong han;jian ma,Multiscale Representations for Fast Pattern Matching in Stream Time Series,,Multiscale Representation;Pattern Matching;Time Series;,IEEE Transactions on Knowledge and Data Engineering,"2009
"
Lei Chen,2792,506,mo li;yunhao liu,Nonthreshold-Based Event Detection for 3D Environment Monitoring in Sensor Networks,,3d environment;Event Detection;Sensor Network;,IEEE Transactions on Knowledge and Data Engineering,"2008
"
Lei Chen,2793,506,yuhai zhao;jeffrey xu yu;guoren wang;bin wang;ge yu,Maximal Subspace Coregulated Gene Clustering,"Clustering is a popular technique for analyzing microarray data sets, with n genes and m experimental conditions. As explored by biologists, there is a real need to identify coregulated gene clusters, which include both positive and negative regulated gene clusters. The existing pattern-based and tendency-based clustering approaches cannot directly be applied to find such coregulated gene clusters, because they are",Experimental Study;Gene Cluster;Microarray Data;,IEEE Transactions on Knowledge and Data Engineering,"2008
"
Lei Chen,2794,506,xiangmin zhou;xiaofang zhou;yanfeng shu;athman bouguettaya;john a. taylor,Adaptive Subspace Symbolization for Content-Based Video Detection,,,IEEE Transactions on Knowledge and Data Engineering,"2010
"
Lei Chen,2795,506,xiang lian,Reverse skyline search in uncertain databases,"Reverse skyline queries over uncertain databases have many important applications such as sensor data monitoring and business planning. Due to the wide existence of uncertainty in many real-world data, answering reverse skyline queries accurately and efficiently over uncertain data has become increasingly important. In this article, we formalize the probabilistic reverse skyline query over uncertain data, in both monochromatic and",Business Planning;Query Processing;Search Space;Uncertain Data;,ACM Transactions on Database Systems,"2010
"
Lei Chen,2796,506,jie lian;yunhao liu;kshirasagar naik,Virtual surrounding face geocasting in wireless ad hoc and sensor networks,,Sensor Network;,IEEE/ACM Transactions on Networking,"2009
"
Lei Chen,2797,506,jie lian;kshirasagar naik;yunhao liu;gordon b. agnew,Gradient Boundary Detection for Time Series Snapshot Construction in Sensor Networks,"In many applications of sensor networks, the sink needs to keep track of the history of sensed data of a monitored region for scientific analysis or supporting historical queries. We call these historical data as a time series of value distributions, or snapshots. Obviously, to build the time series snapshots by requiring all the sensors to transmit their data to",Boundary Detection;Energy Consumption;Energy Efficient;Energy Saving;Historical Data;Indexing Terms;Planar Graph;Query Processing;Sensor Network;Time Series;Wireless Sensor Network;,IEEE Transactions on Parallel and Distributed Systems,"2007
"
Lei Chen,2798,506,weixiong rao;ada wai-chee fu;guoren wang,Optimal Resource Placement in Structured Peer-to-Peer Networks,,Peer-to-peer Network;,IEEE Transactions on Parallel and Distributed Systems,"2010
"
Lei Chen,2799,506,xiang lian,Efficient processing of probabilistic reverse nearest neighbor queries over uncertain data,,Uncertain Data;Reverse Nearest Neighbor;,The Vldb Journal,"2009
"
Lei Chen,2800,506,,Curse of Dimensionality,,Curse of Dimensionality;,,"2009
"
Lei Chen,2801,506,,Two-Dimensional Shape Retrieval,,Shape Retrieval;,,"2009
"
Lei Chen,2802,506,,Video Content Modeling,,,,"2009
"
Lei Chen,2803,507,bee-chung chen;raghu ramakrishnan;david r. musicant,Learning from Aggregate Views,"In this paper, we introduce a new class of data mining problems called learning from aggregate views. In contrast to the traditional problem of learning from a single table of training examples, the new goal is to learn from multiple aggregate views of the underlying data, without access to the un-aggregated data. We motivate this new problem, present a general",Data Mining;Learning Methods;,International Conference on Data Engineering,"2006
"
Lei Chen,2804,507,christopher olston;raghu ramakrishnan,Parallel Evaluation of Composite Aggregate Queries,"Aggregate measures summarizing subsets of data are valuable in exploratory analysis and decision support, espe- cially when dependent aggregations can be easily specified and computed. A novel class of queries, called composite subset mea- sures, was previously introduced to allow correlated aggregate queries to be easily expressed. This paper considers how to evaluate composite subset mea- sure queries using a",Distributed System;Exploratory Analysis;Grouped Data;Optimal Algorithm;Sliding Window;Decision Support;,International Conference on Data Engineering,"2008
"
Lei Chen,2805,507,zheng huang;jin-yi cai;deborah s. gross;david r. musicant;raghu ramakrishnan;james j. schauer;stephen j. wright,Mass Spectrum Labeling: Theory and Practice,"In recent years, a number of instruments have been developed for continuous, real-time monitoring of the environment. Aerosol mass spectrometers can analyze several hundred atmospheric aerosol particles per minute and generate a plot of mass-to-charge versus intensity (a mass spectrum) for each particle. The mass spectrum could be used to identify the compounds present in the particle in real- time,",Atmospheric Aerosols;Data Mining;Experimental Evaluation;Machine Learning;Real-time Monitoring;Spectrum;Theory and Practice;Aerosol Mass Spectrometer;Real Time;,IEEE International Conference on Data Mining,"2004
"
Lei Chen,2806,507,zheng huang;raghu ramakrishnan,Cost-based labeling of groups of mass spectra,"We make two main contributions in this paper. First, we motivate and introduce a novel class of data mining problems that arise in labeling a group of mass spectra, specifically for analysis of atmospheric aerosols, but with natural applications to market-basket datasets. This builds upon other recent work in which we introduced the problem of labeling a single spectrum, and",Atmospheric Aerosols;Data Mining;Query Optimization;Spectrum;Linear Program;Mass Spectra;Time of Flight;,International Conference on Management of Data,"2004
"
Lei Chen,2807,507,raghu ramakrishnan;paul barford;bee-chung chen;vinod yegneswaran,Composite Subset Measures,"Measures are numeric summaries of a collection of data records produced by applying aggregation functions. Summarizing a col- lection of subsets of a large dataset, by computing a measure for each subset in the (typically, user-specified) collection is a funda- mental problem. The multidimensional data model, which treats records as points in a space defined by dimension attributes, offers a",Aggregation Function;Evaluation Framework;large dataset;Multidimensional Data;Performance Evaluation;,Very Large Data Bases,"2006
"
Lei Chen,2808,507,bee-chung chen;yanping lin;raghu ramakrishnan,Prediction Cubes,,,Very Large Data Bases,"2005
"
Lei Chen,2809,507,deborah s. gross;robert atlas;jeffrey rzeszotarski;emma turetsky;janara m. christensen;sami benzaid;jamie f. olson;thomas g. smith;leah e. steinberg;jon sulman;anna m. ritz;benjamin j. anderson;catherine nelson;david r. musicant;david c. snyder;james j. schauer,Environmental chemistry through intelligent atmospheric data analysis,,Data Analysis;Environmental Chemistry;,Environmental Modelling and Software,"2010
"
Lei Chen,2810,507,raghu ramakrishnan;james j. schauer;zheng huang;martin m. shafer;deborah s. gross;david r. musicant,The EDAM project: Mining atmospheric aerosol datasets,,Atmospheric Aerosols;,International Journal of Intelligent Systems,"2005
"
Lei Chen,2811,508,francis k. h. quek;robert k. bryll;mary p. harper;lorraine ramig,Audio and Vision-Based Evaluation of Parkinson's Disease from Discourse Video,"Parkinson's disease (PD) belongs to a class of neurodegen- erative diseases that affect both the patient's speech and motor capabilities. To date, PD diagnosis and the determi- nation of disease progress and treatment efficacy is based entirely on the subjective observation of a trained physi- cian. We present the results of a pilot study of two Id- iopathic PD patients",Disease Progression;parkinson's disease;Pilot Study;Treatment Efficacy;,IEEE International Conference on Bioinformatics and Bioengineering,"2001
"
Lei Chen,2812,508,mary p. harper;zhongqiang huang,Using maximum entropy (ME) model to incorporate gesture cues for SU detection,"Accurate identification of sentence units (SUs) in sponta- neous speech has been found to improve the accuracy of speech recognition, as well as downstream applications such as parsing. In recent multimodal investigations, gestur)al features were utilized, in addition to lexical and prosodic cues from the speech channel, for detecting SUs in conversa- tional interactions using a hidden Markov model (HMM)",Boundary Detection;Classification Error;Language Model;Maximum Entropy;multimodal fusion;multimodal integration;Posterior Probability;Speech Recognition;Hidden Markov Model;,Int. Conf. on Multimodal Interfaces,"2006
"
Lei Chen,2813,508,mary p. harper,Multimodal floor control shift detection,"Floor control is a scheme used by people to organize speak- ing turns in multi-party conversations. Identifying the floor control shifts is important for understanding a conversa- tion's structure and would be helpful for more natural hu- man computer interaction systems. Although people tend to use verbal and nonverbal cues for managing floor control shifts, only audio cues, e.g., lexical",Automatic Detection;Interactive System;Language Model;multimodal fusion;Nonverbal Communication;Statistical Model;,Int. Conf. on Multimodal Interfaces,"2009
"
Lei Chen,2814,508,mary p. harper;francis k. h. quek,Gesture Patterns during Speech Repairs,"Speech and gesture are two primary modes used in nat- ural human communication; hence, they are important in- puts for a multimodalinterface to process. One of the chal- lenges for multimodal interfaces is to accurately recognize the words in spontaneous speech. This is partly due to the presence of speech repairs, which seriously degrade the ac- curacy of current speech",Data Extraction;multimodal interface;Speech Recognition;Spontaneous Speech;,Int. Conf. on Multimodal Interfaces,"2002
"
Lei Chen,2815,508,mary p. harper;amy franklin;r. travis rose;irene kimbara;zhongqiang huang;francis k. h. quek,A Multimodal Analysis of Floor Control in Meetings,"The participant in a human-to-human communication who controls the floor bears the burden of moving the communication process along. Change in control of the floor can happen through a number of mechanisms, including interruptions, delegation of the floor, and so on. This paper investigates floor control in multiparty meetings that are both audio and video taped; hence, we analyze patterns",Discourse Marker;Eye Gaze;Information Retrieval;Visual Cues;,Machine Learning for Multimodal Interaction,"2006
"
Lei Chen,2816,508,r. travis rose;ying qiao;irene kimbara;fey parrill;haleema welji;tony x. han;jilin tu;zhongqiang huang;mary p. harper;francis k. h. quek;yingen xiong;david mcneill;ronald tuttle;thomas s. huang,VACE Multimodal Meeting Corpus,"In this paper, we report on the infrastructure we have de- veloped to support our research on multimodal cues for understanding meetings. With our focus on multimodality, we investigate the interaction among speech, gesture, posture, and gaze in meetings. For this purpose, a high quality multimodal corpus is being produced.",,Machine Learning for Multimodal Interaction,"2005
"
Lei Chen,2817,509,nenggan zheng;zhaohui wu;yanmiao zhou;qijia wang,A Dependable Communication Network for e-Textiles,,Community Networks;,International Conference on Computational Science,"2006
"
Lei Chen,2818,509,nenggan zheng;zhaohui wu;yanmiao zhou,The E-Textile Token Grid Network with Dual Rings,,,Computational Science and Its Applications,"2006
"
Lei Chen,2819,510,boleslaw k. szymanski;joel w. branch,Auction-Based Congestion Management for Target Tracking in Wireless Sensor Networks,"In this paper, we advocate the use of a distributed auction-based approach to locally manage network bandwidth allocation in the described context. We use the Second Price Auction mechanism (to ensure incentive compatibility) in which the congested node acts as the auctioneer and the packets carrying target updates act as bidders. Their bid values are defined by the loss of",Bandwidth Allocation;Congestion Management;Incentive Compatibility;Second Price Auction;Target Tracking;Quality of Information;Wireless Sensor Network;,IEEE International Conference on Pervasive Computing and Communications,"2009
"
