author,pid,label,coauthor,title,abstract,keywords,venue,year
Liang Wang,3144,536,uyen t. v. nguyen;laurence a. f. park;kotagiri ramamohanarao,A Novel Path-Based Clustering Algorithm Using Multidimensional Scaling,,Cluster Algorithm;Multi Dimensional Scaling;,Australian Joint Conference on Artificial Intelligence,"2009
"
Liang Wang,3145,536,david suter,Analyzing Human Movements from Silhouettes Using Manifold Learning,,Human Movement;Manifold Learning;,Advanced Video and Signal Based Surveillance,"2006
"
Liang Wang,3146,536,xin geng;christopher leckie;kotagiri ramamohanarao,Moving shape dynamics: A signal processing perspective,"This paper provides a new perspective on human mo- tion analysis, namely regarding human motions in video as general discrete time signals. While this seems an intuitive idea, research on human motion analysis has attracted lit- tle attention from the signal processing community. Sophis- ticated signal processing techniques create important op- portunities for new solutions to the problem of human",Discrete Fourier Transform;Discrete Time;Discrete Wavelet Transform;Human Motion;Human Motion Analysis;Signal Processing;,Computer Vision and Pattern Recognition,"2008
"
Liang Wang,3147,536,david suter,Recognizing Human Activities from Silhouettes: Motion Subspace and Factorial Discriminative Graphical Model,We describe a probabilistic framework for recognizing human activities in monocular video based on simple silhouette observations in this paper. The methodology combines kernel principal component analysis (KPCA) based feature extraction and factorial conditional random field (FCRF) based motion modeling. Silhouette data is represented more compactly by nonlinear dimensionality reduction that explores the underlying structure of the articulated action space,Conditional Random Field;Discriminative Model;Feature Extraction;Graphical Model;Human Activity;Information Sharing;Kernel Principal Component Analysis;Long Range Dependent;Nonlinear Dimensionality Reduction;,Computer Vision and Pattern Recognition,"2007
"
Liang Wang,3148,536,xiaozhe wang;anthony wirth,Pattern discovery in motion time series via structure-based spectral clustering,"This paper proposes an approach called 'structure- based spectral clustering' to identify clusters in motion time series for sequential pattern discovery. The proposed ap- proach deploys a 'statistical feature-based distance compu- tation' for spectral clustering algorithm. Compared to tra- ditional spectral clustering approaches, in which the sim- ilarity matrix is constructed from the original data points by applying some similarity",Pattern Discovery;Sequential Pattern;Similarity Function;Spectral Clustering;Time Series;,Computer Vision and Pattern Recognition,"2008
"
Liang Wang,3149,536,huazhong ning;tieniu tan;weiming hu,Fusion of Static and Dynamic Body Biometrics for Gait Recognition,"Abstract  Human,identification  at  a ,distance  has  recently  gained  growing,interest  from  computer ,vision  researchers.  This  paper,aims ,to  propose ,a  visual ,recognition  algorithm  based upon  fusion of static  and dynamic,body biometrics.  For each  sequence  involving  a  walking  figure,  pose  changes,of  the ,segmented ,moving ,silhouettes  are  represented as  an ,associated  sequence ,of  complex ,vector  configurations, and are then analyzed using the Procrustes shape",Computer Vision;Dynamic Information;Gait Recognition;Human Identification;Lower Limb;model-based approach;Shape Analysis;,International Conference on Computer Vision,"2003
"
Liang Wang,3150,536,fuchao wu;zhanyi hu,Multi-Camera Calibration with One-Dimensional Object under General Motions,"Abstract It is well known that in order to calibrate a single camera with a one-dimensional (1D) calibration object, the object must undertake some constrained motions, in other words, it is impossible to calibrate a single camera if the object mo- tion is of general one. For a multi-camera setup, i.e., when the number of camera is more than one,",Camera Calibration;,International Conference on Computer Vision,"2007
"
Liang Wang,3151,536,xin geng;james c. bezdek;christopher leckie;kotagiri ramamohanarao,SpecVAT: Enhanced Visual Cluster Analysis,,Cluster Analysis;,IEEE International Conference on Data Mining,"2008
"
Liang Wang,3152,536,christopher leckie;xiaozhe wang;kotagiri ramamohanarao;jim bezdek,Tensor Space Learning for Analyzing Activity Patterns from Video Sequences,,Activity Pattern;,IEEE International Conference on Data Mining,"2007
"
Liang Wang,3153,536,xiaozhe wang;anthony wirth,Structure-Based Statistical Features and Multivariate Time Series Clustering,,Multivariate Time Series;,IEEE International Conference on Data Mining,"2007
"
Liang Wang,3154,536,tat-jun chin;konrad schindler;david suter,Extrapolating Learned Manifolds for Human Activity Recognition,"The problem of human activity recognition via visual stimuli can be approached using manifold learning, since the silhou- ette (binary) images of a person undergoing a smooth mo- tion can be represented as a manifold in the image space. While manifold learning methods allow the characterization of the activity manifolds, performing activity recognition re- quires distinguishing between manifolds. This invariably",Activity Recognition;Binary Image;Comparative Method;Human Activity Recognition;Indexing Terms;Learning Activities;Manifold Learning;,International Conference on Image Processing,"2007
"
Liang Wang,3155,536,huazhong ning;weiming hu;tieniu tan,Gait recognition based on Procrustes shape analysis,"Gait recognition has recently attracted increasing attention, especially in vision-based human identification at a distance in visual surveillance. This paper proposes a simple but efficient gait recognition algorithm based on statistical shape analysis. For each gait sequence, a background subtraction procedure is used to segment spatial silhouettes of the walking figures from the background. Static pose changes of these silhouettes",Background Subtraction;Distance Measure;Gait Recognition;Human Identification;K Nearest Neighbor;Shape Analysis;Statistical Shape Analysis;Visual Surveillance;,International Conference on Image Processing,"2002
"
Liang Wang,3156,536,huazhong ning;weiming hu;tieniu tan,Articulated Model Based People Tracking Using Motion Models,"This paper focuses on acquisition of human motion data such as joint angles and velocity for applications of virtual reality, using both articulated body model and motion model in the CONDENSATION framework. Firstly, we learn a motion model represented by Gaussian distributions, and explore motion constraints by considering the dependency of motion parameters and represent them as conditional distributions. Then",Conditional Distribution;Dynamic Model;Evaluation Function;Gaussian Distribution;Human Motion;People Tracking;State Space;Virtual Reality;Concentration Factor;,IEEE Internet Computing,"2002
"
Liang Wang,3157,536,joanna cheng;christopher leckie,Dual clustering for categorization of action sequences,,,International Conference on Pattern Recognition,"2008
"
Liang Wang,3158,536,hao qu;christopher leckie,Action Recognition Using Space-Time Shape Difference Images,,Action Recognition;Space Time;,International Conference on Pattern Recognition,"2010
"
Liang Wang,3159,536,,Abnormal Walking Gait Analysis Using Silhouette-Masked Flow Histograms,,Gait Analysis;,International Conference on Pattern Recognition,"2006
"
Liang Wang,3160,536,,From Blob Metrics to Posture Classification to Activity Profiling,,,International Conference on Pattern Recognition,"2006
"
Liang Wang,3161,536,weiming hu;tieniu tan,A New Attempt to Gait-based Human Identification,,Human Identification;,International Conference on Pattern Recognition,"2002
"
Liang Wang,3162,536,christopher leckie,Encoding Actions via Quantized Vocabulary of Averaged Silhouettes,,,International Conference on Pattern Recognition,"2010
"
Liang Wang,3163,536,christopher leckie;kotagiri ramamohanarao,Combining Real and Virtual Graphs to Enhance Data Clustering,,Data Clustering;,International Conference on Pattern Recognition,"2010
"
Liang Wang,3164,536,david suter,Informative Shape Representations for Human Action Recognition,,Action Recognition;Shape Representation;,International Conference on Pattern Recognition,"2006
"
Liang Wang,3165,536,fuchao wu,A factorization algorithm for trifocal tensor estimation,,,International Conference on Pattern Recognition,"2008
"
Liang Wang,3166,536,hang zhou;david suter,Human motion recognition using Gaussian Processes classification,,Human Motion;Gaussian Process;,International Conference on Pattern Recognition,"2008
"
Liang Wang,3167,536,xin geng;kate smith-miles;zhi-hua zhou,Face image modeling by multilinear subspace analysis with missing values,"ABSTRACT The main difficulty in face image modeling,is to decompose,those semantic factors contributing to the formation of the face images, such as identity, illumination and pose. One promising way is to organize the face images,in a higher-order tensor with each mode corresponding to one contributory factor. Then, a technique called Multilinear Subspace Analysis (MSA) is applied to decompose,the tensor into",Image Modeling;Missing Values;Higher Order;,ACM Multimedia Conference,"2009
"
Liang Wang,3168,536,christopher leckie;kotagiri ramamohanarao;james c. bezdek,Approximate Spectral Clustering,,Spectral Clustering;,Pacific-Asia Conference on Knowledge Discovery and Data Mining,"2009
"
Liang Wang,3169,536,uyen t. v. nguyen;james c. bezdek;christopher leckie;kotagiri ramamohanarao,iVAT and aVAT: Enhanced Visual Analysis for Cluster Tendency Assessment,,Visual Analysis;,Pacific-Asia Conference on Knowledge Discovery and Data Mining,"2010
"
Liang Wang,3170,536,xiaozhe wang;christopher leckie;kotagiri ramamohanarao,Characteristic-Based Descriptors for Motion Sequence Recognition,,,Pacific-Asia Conference on Knowledge Discovery and Data Mining,"2008
"
Liang Wang,3171,536,xin geng;ming li;qiang wu;kate smith-miles,Adaptive Fusion of Gait and Face for Human Identification in Video,,Human Identification;,Workshop on Applications of Computer Vision,"2008
"
Liang Wang,3172,536,david suter,Visual learning and recognition of sequential data manifolds with applications to human movement analysis,,Human Movement;Visual Learning;,Computer Vision and Image Understanding,"2008
"
Liang Wang,3173,536,james c. bezdek;christopher leckie;kotagiri ramamohanarao,Selective sampling for approximate clustering of very large data sets,,Large Data Sets;Selective Sampling;,International Journal of Intelligent Systems,"2008
"
Liang Wang,3174,536,huazhong ning;tieniu tan;weiming hu,Kinematics-based tracking of human walking in monocular video sequences,,,Image and Vision Computing,"2004
"
Liang Wang,3175,536,tieniu tan;huazhong ning;weiming hu,Silhouette Analysis-Based Gait Recognition for Human Identification,"Human identification at a distance has recently gained growing interest from computer vision researchers. Gait recognition aims essentially to address this problem by identifying people based on the way they walk. In this paper, a simple but efficient gait recognition algorithm using spatial-temporal silhouette analysis is proposed. For each image sequence, a background subtraction algorithm and a simple correspondence procedure",Background Subtraction;Computer Vision;Feature Space;Gait Recognition;Human Identification;Image Sequence;Pattern Classification;Principal Component Analysis;Time Varying;,IEEE Transactions on Pattern Analysis and Machine Intelligence,"2003
"
Liang Wang,3176,536,xin geng;kate smith-miles;ming li;qiang wu,Context-aware fusion: A case study on fusion of gait and face for human identification in video,,Case Study;Context Aware;Human Identification;,Pattern Recognition,"2010
"
Liang Wang,3177,536,huazhong ning;tieniu tan;weiming hu,People tracking based on motion model and motion constraints with automatic initialization,"Human motion analysis is currently one of the most active research topics in computer vision. This paper presents a model-based approachto recovering motion parameters of walking people from monocular image sequences in a CONDEN- SATION framework. From the semi-automatically acquired training data, we learn a motion model represented as Gaussian distributions, and explore motion constraints by considering the dependency of",Computer Vision;Dynamic Model;Evaluation Function;Gaussian Distribution;Human Motion Analysis;Human Tracking;Image Sequence;People Tracking;State Space;Concentration Factor;,Pattern Recognition,"2004
"
Liang Wang,3178,536,weiming hu;tieniu tan,Recent developments in human motion analysis,"Visual analysis of human motion is currently one of the most active research topics in computer vision. This strong interest is driven by a wide spectrum of promising applications in many areas such as virtual reality, smart surveillance, perceptual interface, etc. Human motion analysis concerns the detection, tracking and recognition of people, and more generally, the understanding of human behaviors,",Computer Vision;Human Behavior;Human Motion;Human Motion Analysis;Image Sequence;Semantic Description;Spectrum;Virtual Reality;Visual Analysis;,Pattern Recognition,"2003
"
Liang Wang,3179,536,f. c. wu;z. y. hu,"FOE estimation: Can image measurement errors be totally ""corrected"" by the geometric method?","For the FOE estimation, there are basically three kinds of estimation methods in the literature: algebraic, geometric, and the maximum likelihood-based ones. In this paper, our attention is focused on the geometric method. The computational complexity of the classical geometric method is usually very high because it needs to solve a non-linear minimum problem with many variables. In this work,",Computational Complexity;Estimation Method;Geometric Algorithm;Measurement Error;Maximum Likelihood;,Pattern Recognition,"2007
"
Liang Wang,3180,536,qiang wu;hanzi wang;xin geng;ming li,Image/video-based pattern analysis and HCI applications,,,Pattern Recognition Letters,"2009
"
Liang Wang,3181,536,hang zhou;david suter,Human action recognition by feature-reduced Gaussian process classification,,Action Recognition;Gaussian Process;,Pattern Recognition Letters,"2009
"
Liang Wang,3182,536,huazhong ning;tieniu tan;weiming hu,Fusion of static and dynamic body biometrics for gait recognition,"Human identification at a distance has recently gained growing interest from computer vision researchers. This paper aims to propose a visual recognition algorithm based upon fusion of static and dynamic body biometrics. For each sequence involving a walking figure, pose changes of the segmented moving silhouettes are represented as an associated sequence of complex vector configurations, and are then analyzed",Computer Vision;Dynamic Information;Gait Recognition;Human Identification;Lower Limb;model-based approach;Shape Analysis;,IEEE Transactions on Circuits and Systems for Video Technology,"2004
"
Liang Wang,3183,536,david suter,Learning and Matching of Dynamic Shape Manifolds for Human Action Recognition,,Action Recognition;,IEEE Transactions on Image Processing,"2007
"
Liang Wang,3184,536,tieniu tan;weiming hu;huazhong ning,Automatic gait recognition based on statistical shape analysis,"Gait recognition has recently gained significant at- tention from computer vision researchers. This interest is strongly motivated by the need for automated person identification systems at a distance in visual surveillance and monitoring applications. As a newly emergent biometric feature, gait is a particularly at- tractive modality from the surveillance point of view. This paper aims to propose a simple",Background Subtraction;Computer Vision;Distance Measure;Gait Recognition;Image Sequence;Indexing Terms;Pattern Classification;Point of View;Shape Analysis;Statistical Shape Analysis;Visual Surveillance;,IEEE Transactions on Image Processing,"2003
"
Liang Wang,3185,536,xin geng;james c. bezdek;christopher leckie;kotagiri ramamohanarao,Enhanced Visual Analysis for Cluster Tendency Assessment and Data Partitioning,,Data Partitioning;Visual Analysis;,IEEE Transactions on Knowledge and Data Engineering,"2010
"
Liang Wang,3186,536,christopher leckie;kotagiri ramamohanarao;james c. bezdek,Automatically Determining the Number of Clusters in Unlabeled Data Sets,,Number of Clusters;Unlabeled Data;,IEEE Transactions on Knowledge and Data Engineering,"2009
"
Liang Wang,3187,537,xinyu huang;jizhou gao;ruigang yang,Examplar-based Shape from Shading,"Traditional Shape-from-Shading (SFS) techniques aim to solve an under-constrained problem: estimating depth map from one single image. The results are usually brittle from real images containing detailed shapes. Inspired by re- cent advances in texture synthesis, we present an exemplar- based approach to improve the robustness and accuracy of SFS. In essence, we utilize an appearance database syn- thesized from",3d model;Depth Map;Energy Minimization;Prior Knowledge;Shape From Shading;Texture Synthesis;Ground Truth;,International Conference on 3-D Imaging and Modeling,"2007
"
Liang Wang,3188,537,amir akbarzadeh;jan-michael frahm;philippos mordohai;brian clipp;chris engels;david gallup;paul merrell;m. phelps;sudipta n. sinha;b. talton;qingxiong yang;henrik stewénius;ruigang yang;greg welch;herman towles;david nistér;marc pollefeys,Towards Urban 3D Reconstruction from Video,"The paper introduces a data collection system and a processing pipeline for automatic geo-registered 3D recon- struction of urban scenes from video. The system collects multiple video streams, as well as GPS and INS measure- ments in order to place the reconstructed models in geo- registered coordinates. Besides high quality in terms of both geometry and appearance, we aim at",3d reconstruction;Data Collection;Perforation;Video Streaming;Real Time;,3D Data Processing Visualization and Transmission,"2006
"
Liang Wang,3189,537,mingwei gong;minglun gong;ruigang yang,How Far Can We Go with Local Optimization in Real-Time Stereo Matching,,Stereo Matching;Real Time;,3D Data Processing Visualization and Transmission,"2006
"
Liang Wang,3190,537,miao liao;minglun gong;ruigang yang;david nistér,High-Quality Real-Time Stereo Using Adaptive Cost Aggregation and Dynamic Programming,"We present a stereo algorithm that achieves high quality results while maintaining real-time performance. The key idea is simple: we introduce an adaptive aggregation step in a dynamic-programming (DP) stereo framework. The per-pixel matching cost is aggregated in the vertical direc- tion only. Compared to traditional DP, our approach re- duces the typical ""streaking"" artifacts without the penalty of blurry",Dynamic Program;Process Capability;Real Time;,3D Data Processing Visualization and Transmission,"2006
"
Liang Wang,3191,537,miao liao;ruigang yang;minglun gong,Light Fall-off Stereo,"We present light fall-off stereo-LFS-a new method for computing depth from scenes beyond lambertian reflectance and texture. LFS takes a number of images from a station- ary camera as the illumination source moves away from the scene. Based on the inverse square law for light intensity, the ratio images are directly related to scene depth from the perspective of the",Light Intensity;,Computer Vision and Pattern Recognition,"2007
"
Liang Wang,3192,537,hailin jin;ruigang yang;minglun gong,Stereoscopic inpainting: Joint color and depth completion from stereo images,,,Computer Vision and Pattern Recognition,"2008
"
Liang Wang,3193,537,qingxiong yang;ruigang yang;henrik stewénius;david nistér,"Stereo Matching with Color-Weighted Correlation, Hierarchical Belief Propagation and Occlusion Handling","In this paper, we formulate an algorithm for the stereo matching problem with careful handling of disparity, dis- continuity and occlusion. The algorithm works with a global matching stereo model based on an energy- minimization framework. The global energy contains two terms, the data term and the smoothness term. The data term is first approximated by a color-weighted correlation, then",Belief Propagation;Energy Minimization;Loopy Belief Propagation;Stereo Matching;,Computer Vision and Pattern Recognition,"2006
"
Liang Wang,3194,537,jiejie zhu;ruigang yang;james davis,Fusion of time-of-flight depth and stereo for high accuracy depth maps,"Time-of-flight range sensors have error characteristics which are complementary to passive stereo. They provide real time depth estimates in conditions where passive stereo does not work well, such as on white walls. In contrast, these sensors are noisy and often perform poorly on the tex- tured scenes for which stereo excels. We introduce a method for combining the results from",Belief Propagation;Depth Estimation;Depth Map;Graph Cut;Probability Distribution Function;Real Time;Time of Flight;,Computer Vision and Pattern Recognition,"2008
"
Liang Wang,3195,537,hailin jin;ruigang yang,Search Space Reduction for MRF Stereo,We present an algorithm to reduce per-pixel search ranges for Markov Random Fields-based stereo algorithms. Our algorithm is based on the intuitions that reliably matched pixels need less regular- ization in the energy minimization and neighboring pixels should have similar disparity search ranges if their pixel values are similar. We pro- pose a novel bi-labeling process to classify reliable and,Consistency Checking;Energy Minimization;Search Space;Winner Take All;Left Right;Markov Random Field;,European Conference on Computer Vision,"2008
"
Liang Wang,3196,537,chenxi zhang;ruigang yang,Semantic Segmentation of Urban Scenes Using Dense Depth Maps,,Depth Map;,European Conference on Computer Vision,"2010
"
Liang Wang,3197,537,ruigang yang;james e. davis,BRDF Invariant Stereo Using Light Transport Constancy,"Nearly all existing methods for stereo reconstruction assume that scene reflectance is Lambertian and make use of brightness constancy as a matching invariant. We introduce a new invariant for stereo reconstruction called Light Transport Constancy, which allows completely arbitrary scene reflectance (BRDFs). This invariant can be used to formulate a rank constraint on multiview stereo matching when the scene is",Light Intensity;Light Transport;Stereo Matching;,IEEE Transactions on Pattern Analysis and Machine Intelligence,"2007
"
Liang Wang,3198,537,paul merrell;amir akbarzadeh;philippos mordohai;jan-michael frahm;ruigang yang;david nistér;marc pollefeys,Real-Time Visibility-Based Fusion of Depth Maps,"We present a viewpoint-based approach for the quick fu- sion of multiple stereo depth maps. Our method selects depth estimates for each pixel that minimize violations of visibility constraints and thus remove errors and inconsis- tencies from the depth maps to produce a consistent surface. We advocate a two-stage process in which the first stage generates potentially noisy, overlapping depth",Depth Estimation;Depth Map;Hardware Accelerator;multi-view stereo;Quantitative Analysis;Frames Per Second;Ground Truth;High Throughput;Real Time;,International Conference on Computer Vision,"2007
"
Liang Wang,3199,537,miao liao;ruigang yang;minglun gong,Real-time Light Fall-off Stereo,"We present a real-time depth recovery system using Light Fall-off Stereo (LFS). Our system contains two co-axial point light sources (LEDs) synchronized with a video camera. The video camera captures the scene under these two LEDs in complementary states(e.g., one on, one off). Based on the in- verse square law for light intensity, the depth can be directly solved using",High Resolution;Light Intensity;Quantitative Evaluation;Real Time;,International Conference on Image Processing,"2008
"
Liang Wang,3200,537,minglun gong;ruigang yang;mingwei gong,A Performance Study on Different Cost Aggregation Approaches Used in Real-Time Stereo Matching,"Many vision applications require high-accuracy dense disparity maps in real-time and online. Due to time constraint, most real-time stereo applications rely on local winner-takes-all optimization in the disparity computation process. These local approaches are generally outperformed by offline global optimization based algorithms. However, recent research shows that, through carefully selecting and aggregating the matching costs of neighboring pixels, the disparity",Global Optimization;Graphics Hardware;Processing Speed;Programmable Graphics Hardware;Stereo Matching;Time Constraint;Winner Take All;Real Time;,International Journal of Computer Vision,"2007
"
Liang Wang,3201,537,marc pollefeys;david nistér;jan-michael frahm;amir akbarzadeh;philippos mordohai;brian clipp;christoph engels;david gallup;seon joo kim;paul merrell;c. salmi;sudipta n. sinha;b. talton;qingxiong yang;henrik stewénius;ruigang yang;greg welch;herman towles,Detailed Real-Time Urban 3D Reconstruction from Video,"The paper presents a system for automatic, geo-registered, real-time 3D recon- struction from video of urban scenes. The system collects video streams, as well as GPS and inertia measurements in order to place the reconstructed models in geo-registered coordinates. It is designed using current state of the art real-time modules for all processing steps. It employs commodity graphics hardware and",3d reconstruction;Dynamic Range;Feature Tracking;Graphics Hardware;Video Streaming;Real Time;,International Journal of Computer Vision,"2008
"
Liang Wang,3202,537,ruigang yang;james e. davis,BRDF Invariant Stereo Using Light Transport Constancy,"Nearly all existing methods for stereo reconstruction assume that scene reflectance is Lambertian and make use of brightness constancy as a matching invariant. We introduce a new invariant for stereo reconstruction called Light Transport Constancy, which allows completely arbitrary scene reflectance (BRDFs). This invariant can be used to formulate a rank constraint on multiview stereo matching when the scene is",Light Intensity;Light Transport;Stereo Matching;,IEEE Transactions on Pattern Analysis and Machine Intelligence,"2007
"
Liang Wang,3203,537,qingxiong yang;ruigang yang;henrik stewénius;david nistér,"Stereo Matching with Color-Weighted Correlation, Hierarchical Belief Propagation, and Occlusion Handling","Abstract In this paper, we formulate an algorithm for the stereo matching problem with careful handling of disparity, discontinuity and,occlusion.,The algorithm,works,with a global matching,stereo model based on an energyminimization,framework.,The global energy contains two terms, the data term and the smoothness term. The data term is first approximated by a color-weighted correlation, then refined in occluded and low-texture areas in a",Belief Propagation;Loopy Belief Propagation;Stereo Matching;,IEEE Transactions on Pattern Analysis and Machine Intelligence,"2009
"
Liang Wang,3204,537,jiejie zhu;jizhou gao;ruigang yang,Spatial-Temporal Fusion for High Accuracy Depth Maps Using Dynamic MRFs,"Time-of-flight range sensors and passive stereo have complimentary characteristics in nature. To fuse them to get high accuracy depth maps varying over time, we extend traditional spatial MRFs to dynamic MRFs with temporal coherence. This new model allows both the spatial and the temporal relationship to be propagated in local neighbors. By efficiently finding a maxi- mum of the posterior",Depth Estimation;Depth Map;Dynamic Scenes;Global Optimization;Indexing Terms;Loopy Belief Propagation;Posterior Probability;Temporal Coherence;Time of Flight;,IEEE Transactions on Pattern Analysis and Machine Intelligence,"2010
"
Liang Wang,3205,537,ruigang yang;david guinnip,View-dependent textured splatting,"We present a novel approach to render low reso- lution point clouds with multiple high resolution textures — the type of data typical from passive vision systems. The low precision, noisy, and sometimes incomplete nature of such data sets is not suitable for existing point-based ren- dering techniques that are designed to work with high pre- cision and high density",Dynamic Scenes;High Resolution;Image Generation;Interactive Rendering;Point Cloud;Rendering System;Vision System;High Density;On The Fly;Real Time;,The Visual Computer,"2006
"
Liang Wang,3206,538,eliathamby ambikairajah;eric h. c. choi,Language identification using MLKSFM for pre-classification with novel front-end features,,Language Identification;Front End;,"International Conference on Acoustics, Speech, and Signal Processing","2008
"
Liang Wang,3207,538,eliathamby ambikairajah;eric h. c. choi,A Novel Method for Automatic Tonal and Non-Tonal Language Classification,,,International Conference on Multimedia Computing and Systems/International Conference on Multimedia and Expo,"2007
"
Liang Wang,3208,538,eliathamby ambikairajah;eric h. c. choi,Robust language identification based on fused phonotactic information with MLKSFM pre-classifier,,Language Identification;,International Conference on Multimedia Computing and Systems/International Conference on Multimedia and Expo,"2009
"
Liang Wang,3209,538,eliathamby ambikairajah;eric h. c. choi,Multi-lingual Phoneme Recognition and Language Identification Using Phonotactic Information,,Language Identification;,International Conference on Pattern Recognition,"2006
"
Liang Wang,3210,539,rongrong ji;hongxun yao;shaohui liu,Genetic Algorithm Based Optimal Block Mapping Method for LSB Substitution,,Genetic Algorithm;,Intelligent Information Hiding and Multimedia Signal Processing,"2006
"
Liang Wang,3211,539,rongrong ji;hongxun yao;shaohui liu;jianchao sun,A New Steganalysis Method for Adaptive Spread Spectrum Steganography,,Spread Spectrum;,Intelligent Information Hiding and Multimedia Signal Processing,"2006
"
Liang Wang,3212,539,hongxun yao;h. d. cheng,Effective and Automatic Calibration Using Concentric Circles,,,International Journal of Pattern Recognition and Artificial Intelligence,"2008
"
Liang Wang,3213,539,hongxun yao;shaohui liu,Geometric and Algebraic Approaches of Planar Structure Recovery Based on Properties of Dual Conic,,Algebraic Approach;,International Journal of Pattern Recognition and Artificial Intelligence,"2009
"
Liang Wang,3214,540,yuedong xu;zhihong guan;hua o. wang,Global Stability of Optimization Based Flow Control with Time-Varying Delays,,Flow Control;Global Stability;Time-varying Delay;,Parallel and Distributed Computing: Applications and Technologies,"2004
"
Liang Wang,3215,540,,Climate modification directed by control theory,"Climate modification measures to counteract global warming receive some more new attentions in these years. Most current researches only discuss the impact of these measures to climate, but how to design such a climate regulator is still unknown. This paper shows the control theory could give the systematic direction for climate modification. But the control analyzing also reveals that climate",Control Theory;Global Warming;,Computing Research Repository,"2008
"
Liang Wang,3216,540,,How to build a DNA search engine like Google?,"This paper presents a novel method to build the large scale DNA sequences search system based on web search engine technology. Firstly, we find 12 bp may be the length of most DNA ""word"" by Zipf's laws. Then the ""vocabulary"" of DNA was constructed by N-grams statistical model. After having a vocabulary, we could easily segment the DNA sequence, build",Dna Sequence;Inverted Index;Large Scale;Search Engine;Statistical Language Model;Statistical Model;Web Search Engine;zipf's law;,Computing Research Repository,"2010
"
Liang Wang,3217,540,guo yi-ping;fang ming,Evolution: Google vs. DRIS,"This paper gives an absolute new search system that builds the information retrieval infrastructure for Internet. Now most search engine companies are mainly concerned with how to make profit from company users by advertisement and ranking prominence, but never consider what its real customers will feel. Few web search engines can sell billions dollars just at the cost of inconvenience",Information Retrieval;Profitability;Public Good;Search Engine;Web Search Engine;,Computing Research Repository,"2003
"
Liang Wang,3218,540,guo yi-ping;fang ming,Make search become the internal function of Internet,"Domain Resource Integrated System (DRIS) is introduced in this paper. DRIS is a distributed information retrieval system, which will solve problems like poor coverage, long update interval in current web search system. The most distinct character of DRIS is that it's a public opening system, and acts as an internal component of Internet, but not the production of a company.",Distributed Information Retrieval;Distributed System;Information Network;Information Retrieval;Integrable System;Keyword Search;Open System;Web Search;web-based service;,Computing Research Repository,"2003
"
Liang Wang,3219,540,guo yi-ping;fang ming,Web pages search engine based on DNS,"Search engine is main access to the largest information source in this world, Internet. Now Internet is changing every aspect of our life. Information retrieval service may be its most important services. But for common user, internet search service is still far from our expectation, too many unrelated search results, old information, etc. To solve these problems, a new system,",Distributed System;Information Network;Information Retrieval;Information Sources;Keyword Search;Search Engine;Web Pages;web-based service;,Computing Research Repository,"2004
"
Liang Wang,3220,540,guo yi-ping;fang ming,Domain resource integration system,"Domain Resource Integrated System (DRIS) is introduced in this paper. DRIS is a hierarchical distributed Internet information retrieval system. This system will solve some bottleneck problems such as long update interval, poor coverage in current web search system. DRIS will build the information retrieval infrastructure of Internet, but not a commercial search engine. The protocol series of DRIS are also",Distributed System;Information Retrieval;Information Retrieval System;Integrable System;Search Engine;Web Search;web-based service;,Computing Research Repository,"2004
"
Liang Wang,3221,540,guo yi-ping;fang ming,Web search engine based on DNS,,Web Search Engine;,Journal of Network and Computer Applications,"2007
"
Liang Wang,3222,540,guo yi-ping;fang ming,Web search engine based on DNS,,Web Search Engine;,Journal of Network and Computer Applications,"2007
"
Liang Wang,3223,541,tao gu;xianping tao;jian lu,Sensor-Based Human Activity Recognition in a Multi-user Scenario,,Human Activity Recognition;Multi User;,European Conference on Ambient Intelligence,"2009
"
Liang Wang,3224,542,woon-seng gan;yong kim chong,New Equalizing Scheme of Active Noise Equalization System in Automobile Cabin,,,International Conference on Multimedia Computing and Systems/International Conference on Multimedia and Expo,"2007
"
Liang Wang,3225,542,woon-seng gan,Convergence Analysis of Narrowband Active Noise Equalizer System Under Imperfect Secondary Path Estimation,"Abstract---- Active  noise  equalizer  systems  are  used  to  adjust the  noise  level  in  an  environment,  based  on  the  preference of  retaining  noise  information.  Several  researches have  been  carried  out  to  determine  the  maximum step size bond of narrowband active noise control system with perfect secondary path estimation without gain factor consideration.  However,  in  practical  environment,  secondary path estimation error ofthe",Active Noise Control;Convergence Analysis;Estimation Error;Indexing Terms;Least Mean Square;Sampling Frequency;,"IEEE Transactions on Audio, Speech & Language Processing","2009
"
Liang Wang,3226,543,guang yu,The self-cited rate of scientific journals and the manipulation of their impact factors,,Impact Factor;,Scientometrics,"2007
"
Liang Wang,3227,543,guang yu;dong-hui yang,Reliability-based citation impact factor and the manipulation of impact factor,,Impact Factor;,Scientometrics,"2010
"
