author,pid,label,coauthor,title,abstract,keywords,venue,year
Martin M&uuml;ller,3546,646,ingo glöchner;andrea grieszl;marc ronthaler,TabVer: A Case Study in Table Verbalization,,Case Study;,German Conference on Artificial Intelligence,"1994
"
Martin M&uuml;ller,3547,646,thomas glaß;karl stroetmann,Automated Modular Termination Proofs for Real Prolog Programs," We present a methodology for checking the termination of Prolog programs that can be automated and is scalable. Furthermore, the proposed method can be used to locate errors. It has been successfully implemented as part of a tool that uses static analysis based on formal methods in order to validate Prolog programs. This tool is aimed at supporting the design",Formal Method;Natural Extension;Program Development;Static Analysis;,Static Analysis Symposium/Workshop on Static Analysis,"1996
"
Martin M&uuml;ller,3548,646,thomas glaß;karl stroetmann,PAN - The Prolog Analyzer,,,Static Analysis Symposium/Workshop on Static Analysis,"1996
"
Martin M&uuml;ller,3549,647,akihiro kishimoto,A General Solution to the Graph History Interaction Problem,"Since the state space of most games is a directed graph, many game-playing systems detect repeated positions with a trans- position table. This approach can reduce search effort by a large margin. However, it suffers from the so-called Graph History Interaction (GHI) problem, which causes errors in games containing repeated positions. This paper presents a practical solution to the GHI",Call Graph;Directed Graph;Game Playing;Game Tree Search;General Solution;State Space;,National Conference on Artificial Intelligence,"2004
"
Martin M&uuml;ller,3550,647,akihiro kishimoto,Search versus Knowledge for Solving Life and Death Problems in Go,"In games research, Go is considered the classical board game that is most resistant to current AI techniques. Large-scale knowledge engineering has been considered indispensable for building state of the art programs, even for subprob- lems such as Life and Death, or tsume-Go. This paper de- scribes the technologies behind TSUMEGO EXPLORER ,a high-performance tsume-Go search engine for enclosed prob-",High Performance;Knowledge Engineering;Large Scale;Search Engine;,National Conference on Artificial Intelligence,"2005
"
Martin M&uuml;ller,3551,647,markus enzenberger;jonathan schaeffer,Temperature Discovery Search,"Temperature Discovery Search (TDS) is a new minimax- based game tree search method designed to compute or ap- proximate the temperature of a combinatorial game. TDS is based on the concept of an enriched environment, where a combinatorial game G is embedded in an environment con- sisting of a large set of simple games of decreasing temper- ature. Optimal play",Combinatorial Games;Game Tree Search;Simple Game;,National Conference on Artificial Intelligence,"2004
"
Martin M&uuml;ller,3552,647,markus enzenberger,A Lock-Free Multithreaded Monte-Carlo Tree Search Algorithm,"With the recent success of Monte-Carlo tree search algorithms in Go and other games, and the increasing number of cores in standard CPUs, the ef- ficient parallelization of the search has become an important issue. We present a new lock-free parallel algorithm for Monte-Carlo tree search which takes ad- vantage of the memory model of the IA-32 and Intel-64 CPU",Memory Model;Parallel Algorithm;Monte Carlo Tree Search;,Advances in Computer Games,"2009
"
Martin M&uuml;ller,3553,647,akihiro kishimoto,DF-PN in Go: An Application to the One-Eye Problem,"Search algorithms based on the notion of proof and disproof numbers have been shown to be effective in many games. In this paper, we modify the depth-first proof-number search algorithm df-pn, in order to apply it to the game of Go. We develop a solver for one-eye problems, a special case of enclosed tsume-Go ( life and death) problems. Our",Game of Go;Search Algorithm;,Advances in Computer Games,"2003
"
Martin M&uuml;ller,3554,647,xiaozhen niu;akihiro kishimoto,Recognizing Seki in Computer Go,"Seki is a situation of coexistence in the game of Go, where neither player can profitably capture the opponent's stones. This paper presents a new method for deciding whether an enclosed area is or can become a seki. The method combines local search with global-level static analysis. Local search is used to identify possible seki, and reasoning on the global",Computer Go;Game of Go;Profitability;Static Analysis;Test Collection;Local Search;,Advances in Computer Games,"2006
"
Martin M&uuml;ller,3555,647,ling zhao,Solving Probabilistic Combinatorial Games,"Probabilistic combinatorial games (PCG) are a model for Go-like games recently introduced by Ken Chen. They differ from normal combinatorial games since terminal position in each subgame are evaluated by a probability distribution. The distribution expresses the uncertainty in the local evaluation. This paper focuses on the analysis and solution methods for a special case, 1-level binary PCG. Monte-Carlo analysis",Combinatorial Games;Monte Carlo;Monte Carlo Analysis;Monte Carlo Method;Probability Distribution;,Advances in Computer Games,"2006
"
Martin M&uuml;ller,3556,647,adi botea;jonathan schaeffer,Learning Partial-Order Macros from Solutions,"Despite recent progress in AI planning, many benchmarks re- main challenging for current planners. In many domains, the performance of a planner can greatly be improved by discov- ering and exploiting information about the domain structure that is not explicitly encoded in the initial PDDL formulation. In this paper we present an automated method that learns rel- evant information from",Ai Planning;Domain Structure;Partial Order;,International Conference on Automated Planning and Scheduling/Artificial Intelligence Planning Systems,"2005
"
Martin M&uuml;ller,3557,647,adi botea;jonathan schaeffer,Using Component Abstraction for Automatic Generation of Macro-Actions,"Despite major progress in AI planning over the last few years, many interesting domains remain challenging for cur- rent planners. This paper presents component abstraction, an automatic and generic technique that can reduce the complex- ity of an important class of planning problems. Component abstraction uses static facts in a problem denition to decom- pose the problem into linked abstract",Ai Planning;Automatic Generation;General Techniques;,International Conference on Automated Planning and Scheduling/Artificial Intelligence Planning Systems,"2004
"
Martin M&uuml;ller,3558,647,hootan nakhost,Action Elimination and Plan Neighborhood Graph Search: Two Algorithms for Plan Improvement,,Graph Search;,International Conference on Automated Planning and Scheduling/Artificial Intelligence Planning Systems,"2010
"
Martin M&uuml;ller,3559,647,adi botea;jonathan schaeffer,Using Abstraction for Planning in Sokoban,"Heuristic search has been successful for games like chess and checkers, but seems to be of limited value in games such as Go and shogi, and puzzles such as Sokoban. Other techniques are necessary to approach the performance that humans achieve in these hard domains. This paper explores using planning as an alternative problem-solving framework for Sokoban. Previous attempts to",Heuristic Search;Problem Solving;Search Space;,Computers and Games,"2002
"
Martin M&uuml;ller,3560,647,akihiro kishimoto,About the Completeness of Depth-First Proof-Number Search,"Depth-first proof-number (df-pn) search is a powerful mem- ber of the family of algorithms based on proof and disproof numbers. While df-pn has succeeded in practice, its theoretical properties remain poorly understood. This paper resolves the question of completeness of df-pn: its ability to solve any finite boolean-valued game tree search prob- lem in principle, given unlimited amounts of time",Directed Acyclic Graph;Game Tree Search;,Computers and Games,"2008
"
Martin M&uuml;ller,3561,647,,Review: Computer Go 1984-2000,,Computer Go;,Computers and Games,"2000
"
Martin M&uuml;ller,3562,647,,Proof-Set Search,,,Computers and Games,"2002
"
Martin M&uuml;ller,3563,647,zhichao li,Locally Informed Global Search for Sums of Combinatorial Games,"There are two complementary approaches to playing sums of combi- natorial games. They can be characterized as local analysis and global search. Algorithms from combinatorial game theory such as Hotstrat and Thermostrat (2) exploit summary information about each subgame such as its temperature or its thermograph. These algorithms can achieve good play, with a bounded error. Their runtime depends mainly",Combinatorial Game Theory;Combinatorial Games;Search Algorithm;Search Method;,Computers and Games,"2004
"
Martin M&uuml;ller,3564,647,xiaozhen niu,An Improved Safety Solver for Computer Go,"Most Go-playing programs use a combination of search and heuristics based on an influence function to determine whether territories are safe. However, to assure the correct evaluation of Go positions, the safety of stones and territories must be proved by an exact method. The first exact algorithm, due to Benson (1), determines the unconditional safety of stones and completely surrounded",Computer Go;Exact Algorithm;Influence Function;Region Merging;,Computers and Games,"2004
"
Martin M&uuml;ller,3565,647,xiaozhen niu,An Open Boundary Safety-of-Territory Solver for the Game of Go,"This paper presents SAFETY SOLVER 2.0 , a safety-of-territory solver for the game of Go that can solve problems in areas with open boundaries. Pre- vious work on assessing safety of territory has concentrated on regions that are completely surrounded by stones of one player. SAFETY SOLVER 2.0can iden- tify open boundary problems under real game conditions, and generate moves",Game of Go;,Computers and Games,"2006
"
Martin M&uuml;ller,3566,647,xiaozhen niu,An Improved Safety Solver in Go Using Partial Regions,,,Computers and Games,"2008
"
Martin M&uuml;ller,3567,647,ling zhao,Using Artificial Boundaries in the Game of Go,,Game of Go;,Computers and Games,"2008
"
Martin M&uuml;ller,3568,647,akihiro kishimoto,Dynamic Decomposition Search: A Divide and Conquer Approach and its Application to the One-Eye Problem in Go,Decomposition search is a divide and conquer approach that splits a game position into sub-positions and computes the global outcome by combining results of local searches. This approach has been shown to be successful to play endgames in the game of Go. This pa- per introduces dynamic decomposition search as a way of splitting a problem dynamically during search. Our,Divide and Conquer;Game of Go;Local Search;,IEEE Symposium on Computational Intelligence and Games,"2005
"
Martin M&uuml;ller,3569,647,neil burch;robert c. holte;david o'connell;jonathan schaeffer,Automating Layouts of Sewers in Subdivisions,,,European Conference on Artificial Intelligence,"2010
"
Martin M&uuml;ller,3570,647,anders kierulf;ralph gasser;peter m. geiser;jürg nievergelt;christoph wirth,Every Interactive System Evolves into Hyperspace: The Case of the Smart Game Board,,Interactive System;,"Hypertext, Information Retrieval, Multimedia","1991
"
Martin M&uuml;ller,3571,647,david silver;richard s. sutton,Sample-based learning and search with permanent and transient memories,"We present a reinforcement learning architec- ture, Dyna-2, that encompasses both sample- based learning and sample-based search, and that generalises across states during both learning and search. We apply Dyna-2 to high performance Computer Go. In this do- main the most successful planning methods are based on sample-based search algorithms, such as UCT, in which states are treated individually, and",Computer Go;Function Approximation;High Performance Computer;Learning Algorithm;linear functionals;Reinforcement Learning;Search Algorithm;Template Matching;,International Conference on Machine Learning,"2008
"
Martin M&uuml;ller,3572,647,adi botea;jonathan schaeffer,Fast Planning with Iterative Macros,"Research on macro-operators has a long history in planning and other search applications. There has been a revival of interest in this topic, lead- ing to systems that successfully combine macro- operators with current state-of-the-art planning ap- proaches based on heuristic search. However, re- search is still necessary to make macros become a standard, widely-used enhancement of search al- gorithms.",Heuristic Search;,International Joint Conference on Artificial Intelligence,"2007
"
Martin M&uuml;ller,3573,647,hootan nakhost,Monte-Carlo Exploration for Deterministic Planning,"Search methods based on Monte-Carlo simulation have recently led to breakthrough performance im- provements in difficult game-playing domains such as Go and General Game Playing. Monte-Carlo Random Walk (MRW) planning applies Monte- Carlo ideas to deterministic classical planning. In the forward chaining planner ARVAND, Monte- Carlo random walks are used to explore the local neighborhood of a search state for",Action Selection;Game Playing;Monte Carlo;Monte Carlo Simulation;Search Method;Stochastic Local Search;General Game Playing;Random Walk;,International Joint Conference on Artificial Intelligence,"2009
"
Martin M&uuml;ller,3574,647,jonathan schaeffer;yngvi björnsson;neil burch;akihiro kishimoto;robert lake;paul lu;steve sutphen,Solving Checkers,"AI has had notable success in building high- performance game-playing programs to compete against the best human players. However, the availability of fast and plentiful machines with large memories and disks creates the possibility of a game. This has been done before for simple or relatively small games. In this paper, we present new ideas and algorithms for solving the",Game Playing;High Performance;Search Space;,International Joint Conference on Artificial Intelligence,"2005
"
Martin M&uuml;ller,3575,647,david silver;richard s. sutton,Reinforcement Learning of Local Shape in the Game of Go,We explore an application to the game of Go of a reinforcement learning approach based on a lin- ear evaluation function and large numbers of bi- nary features. This strategy has proved effective in game playing programs and other reinforcement learning applications. We apply this strategy to Go by creating over a million features based on tem- plates for small,Computer Go;Domain Knowledge;Evaluation Function;Game of Go;Game Playing;Reinforcement Learning;Temporal Difference Learning;Translation Invariant;,International Joint Conference on Artificial Intelligence,"2007
"
Martin M&uuml;ller,3576,647,kazuki yoshizoe;akihiro kishimoto,Lambda Depth-First Proof Number Search and Its Application to Go,Thomsen's λ search and Nagai's depth-first proof- number (DFPN) search are two powerful but very different AND/OR tree search algorithms. Lambda Depth-First Proof Number search (LDFPN) is a novel algorithm that combines ideas from both algorithms. λ search can dramatically reduce a search space by finding different levels of threat sequences. DFPN employs the notion of proof and disproof numbers,Search Algorithm;Search Space;,International Joint Conference on Artificial Intelligence,"2007
"
Martin M&uuml;ller,3577,647,ling zhao,Game-SAT: A Preliminary Report,"Game-SAT is a 2-player version of SAT where two players (MAX and MIN) play on a SAT instance by alternatively selecting a variable and assigning it a value true or false. MAX tries to make the formula true, while MIN tries to make it false. The Game-SAT problem is to determine the winner of a SAT instance under the rules",Empirical Study;Game Tree Search;Heuristic Search;Sat Solver;Search Method;Variable Selection;Phase Transition;,Theory and Applications of Satisfiability Testing,"2004
"
Martin M&uuml;ller,3578,647,,Partial order bounding: A new approach to evaluation in game tree search,,Game Tree Search;Partial Order;,Artificial Intelligence,"2001
"
Martin M&uuml;ller,3579,647,,Computer Go,,Computer Go;,Artificial Intelligence,"2002
"
Martin M&uuml;ller,3580,647,jianjun zhou,Solving Systems of Difference Constraints Incrementally with Bidirectional Search,"We propose an incremental algorithm for the problem of maintaining systems of difference constraints.AsadifferencefromtheunidirectionalapproachofRamalingametal.(16),itemploysbidirectional search, which is similar to that of Alpern et al. (1), and has a bounded runtime complexity in the worst case in termsofthesizeofchanges.Themajorchallengeishowtoupdatethesolutionefficientlyafterthebidirectional search discovers a region that needs changes. Experimental results show that our approach is much faster in runtime and generates much smaller changes",Computational Complexity;Experimental Study;Incremental Algorithm;Shortest Path Algorithm;,Algorithmica,"2004
"
Martin M&uuml;ller,3581,647,jianjun zhou,Depth-First Discovery Algorithm for incremental topological sorting of directed acyclic graphs,"We study the problem of incrementally maintaining a topological sorting in a large DAG. The Discovery Algorithm (DA) of Alpern et al. (Proc. 1st Annual ACM-SIAM Symp. on Discrete Algorithms, 1990, pp. 32-42) computes a cover K of nodes such that a solution to the modified problem can be found by changing node priorities within K only. It achieves a",Depth First Search;Directed Acyclic Graph;Graph Algorithm;Space Complexity;,Information Processing Letters,"2003
"
Martin M&uuml;ller,3582,647,akihiro kishimoto,A solution to the GHI problem for depth-first proof-number search,"The Graph-History interaction (GHI) problem is a notorious problem that causes game-playing programs to occasionally return incorrect solutions. This paper presents a practical method to cure the GHI problem for the case of the df-pn algorithm. Results in the game of Go with the situational super-ko rule show that the overhead incurred by our method is very small, while correctness",Game of Go;Game Playing;,Information Sciences,"2005
"
Martin M&uuml;ller,3583,647,,Global and local game tree search,,Game Tree Search;,Information Sciences,"2001
"
Martin M&uuml;ller,3584,647,,Conditional combinatorial games and their application to analyzing capturing races in Go,,Combinatorial Games;Game of Go;Game Programming;,Information Sciences,"2003
"
Martin M&uuml;ller,3585,647,adi botea;markus enzenberger;jonathan schaeffer,Macro-FF: Improving AI Planning with Automatically Learned Macro-Operators,"Abstract Despite recent progress in AI planning, many benchmarks remain challenging for cur- rent planners. In many domains, the performance of a planner can greatly be improved by discovering and exploiting information about the domain structure that is not explicitly encoded in the initial PDDL formulation. In this paper we present and compare two auto- mated methods that learn relevant",Ai Planning;Domain Structure;,Journal of Artificial Intelligence Research,"2005
"
Martin M&uuml;ller,3586,648,jan mendling,A Comparison of BPML and BPEL4WS,Web services composition receives an increasing attention as a concept to bui ld business processes from. This paper addresses the heterogeneity of business process modeling specifications in the area of web services. A new concept called metadata relationships (MR) is introduced to d escribe the semantic relationship between concepts from two different XML Schemas. This approach is applied for the,Business Process;Business Process Model;Web Service;Web Service Composition;Xml Schema;,Berliner XML Tage,"2003
"
Martin M&uuml;ller,3587,649,markus glötzel,"Weblogs, Legitimacy and Organizations",,,Information Technologies in Environmental Engineering,"2007
"
