author,pid,label,coauthor,title,abstract,keywords,venue,year
Nan Zhang,4028,767,shuqing zeng;juyang weng,Tree-Based Methods for Fuzzy Rule Extraction,This paper is concerned with the application of a tree- based regression model to extract fuzzy rules from high- dimensional data. We introduce a locally weighted scheme to the identification of Takagi-Sugeno type rules. It is pro- posed to apply the sequential least-squares method to esti- mate the linear model. A hierarchical clustering takes place in the product space of,fuzzy if-then rules;Fuzzy Rules;Generalization Capability;Hierarchical Clustering;High Dimensional Data;High Dimensionality;Least Square Method;Linear Model;Product Space;Regression Model;Robot Navigation;Synthetic Data;takagi sugeno;,The Florida AI Research Society Conference,"2005
"
Nan Zhang,4029,767,juyang weng,Optimal In-Place Learning and the Lobe Component Analysis,"ó It is difcult to map many existing learning algorithms onto biological networks because the former re- quire a separate learning network. The computational basis of biological cortical learning is still poorly understood. This paper rigorously introduces a concept called in-place learning. With in-place learning, every networked neuron in-place is responsible for the learning of its signal processing character- istics",Biological Network;Component Analysis;Higher Order Statistics;Lateral Inhibition;Learning Algorithm;Learning Networks;Natural Images;Orientation Selectivity;Place Learning;Signal Processing;High Concentrate;,IJCNN,"2006
"
Nan Zhang,4030,767,martin h. c. law;anil k. jain,Nonlinear Manifold Learning for Data Stream,"There has been a renewed interest in understanding the structure of high dimensional data set based on manifold learning. Examples include ISOMAP (25), LLE (20) and Laplacian Eigenmap (2) algorithms. Most of these algorithms operate in a \batch"" mode and cannot be applied e-ciently for a data stream. We propose an incremental version of ISOMAP. Our experiments not only demonstrate",Data Stream;High Dimensional Data;Manifold Learning;,SIAM International Conference on Data Mining,"2004
"
Nan Zhang,4031,768,mark ryan;dimitar p. guelev,Synthesising verified access control systems in XACML,"The eXtensible Access Control Markup Language (XACML) was proposed by the OASIS committee to be used as a standard language in e-business [6]. However, policy files written in XACML are hard to read and analyse directly. In this paper, we present a tool which generates verified XACML scripts from access control system descriptions in simple but expressive language proposed in",Access Control Models;Access Control Policy;Markup Language;Access Control;,Computer and Communications Security,"2004
"
Nan Zhang,4032,768,mark ryan;dimitar p. guelev,Evaluating Access Control Policies Through Model Checking,"Abstract We present a model - checking algorithm which can be used to evaluate access control policies, and a tool which implements it The evaluation includes not only assessing whether the policies give legitimate users enough permissions to reach their goals, but also checking whether the policies prevent intruders from reaching their malicious goals Policies of the access control system",Access Control Models;Access Control Policy;Intrusion Detection;Model Checking;Reading and Writing;Specification Language;Access Control;,Information Security Conference/Information Security Workshop,"2005
"
Nan Zhang,4033,768,mark ryan;dimitar p. guelev,Synthesising verified access control systems through model checking,"We present a framework for evaluating and generating access control policies. The framework contains a modelling formalism called RW, which is supported by a model checking tool. RW is designed for modelling access control policies, and verifying their properties. The RW language is very expressive, allowing us to model complex access conditions which can depend on data values, other permissions,",Access Control Policy;Model Checking;Model Complexity;Access Control;,Journal of Computer Security,"2008
"
Nan Zhang,4034,769,wei zhao;jianer chen,Cardinality-based inference control in OLAP systems: an information theoretic approach,"We address the inference control problem in data cubes with some data known to users through external knowledge. The goal of inference controls is to prevent exact values of sensitive data from being inferred through answers to online analytical processing (OLAP) queries. We present an information theoretic approach for cardinality-based inference control, which simply counts the number of cells that",Data Cube;Data Mining;Inference Control;Information Theory;Information Theoretic;,International Workshop on Data Warehousing and OLAP,"2004
"
Nan Zhang,4035,769,wei yu;xinwen fu;riccardo bettati;wei zhao,On localization attacks to Internet Threat Monitors: An information-theoretic framework,"Internet Threat Monitoring (ITM) systems are a widely deployed facility to detect, analyze, and characterize dan - gerous Internet threats such as worms and distributed denial-of-service (DDoS) attacks. Nonetheless, an ITM system can also become the target of attack. In this paper, we address localization attacks against ITM systems in which an attacker impairs the effectiveness of ITM systems by",Communication Channels;ddos attack;Distributed Denial of Service;Indexing Terms;Information Theory;Monitoring System;Information Theoretic;,Dependable Systems and Networks,"2008
"
Nan Zhang,4036,769,arjun dasgupta;gautam das,Turbo-charging hidden database samplers with overflowing queries and skew reduction,"Recently, there has been growing interest in random sampling from online hidden databases. These databases reside behind form-like web interfaces which allow users to execute search queries by specifying the desired values for certain attributes, and the system responds by returning a few (e.g., top-k) tuples that satisfy the selection conditions, sorted by a suitable scoring function. In this paper,",Random Sampling;Sampling Technique;Satisfiability;Score Function;Web Interface;,Extending Database Technology,"2010
"
Nan Zhang,4037,769,xin jin;gautam das,Algorithm-safe privacy-preserving data publishing,"This paper develops toolsets for eliminating algorithm-based disclosure from existing privacy-preserving data publishing algorithms. We first show that the space of algorithm-based disclosure is larger than previously believed and thus more prevalent and dangerous. Then, we formally define Algorithm-Safe Publishing (ASP) to model the threats from algorithm-based disclosure. To eliminate algorithm-based disclosure from existing data publishing algorithms, we propose two",,Extending Database Technology,"2010
"
Nan Zhang,4038,769,xinwen fu;aniket pingley;wei yu;jie wang;wei zhao,The Digital Marauder's Map: A New Threat to Location Privacy,"Abstract “The Marauder’s Map” is a magical,map,in J. K. Rowling’s fantasy series, “Harry Potter and the Prisoner of Azkaban”. It shows all moving objects within the “Hogwarts School of Witchcraft and Wizardry”. This paper introduces a similar attack to location privacy in wireless networks. Our system, namely the digital Marauder’s map, can reveal the locations of WiFi-enabled mobile devices within",Location Privacy;Mobile Device;Moving Object;Theoretical Analysis;Wireless Network;Off The Shelf;,International Conference on Distributed Computing Systems,"2009
"
Nan Zhang,4039,769,aniket pingley;wei yu;xinwen fu;wei zhao,CAP: A Context-Aware Privacy Protection System for Location-Based Services,"Abstract—We,address,issues related to privacy protection,in location-based services (LBS). Most existing research,in this field either requires,a trusted third-party (anonymizer) or uses oblivious protocols which,are computationally,and,communica- tionally expensive. Our design of privacy-preserving techniques is principled on not requiring,a trusted third-party while being highly,efficient in terms,of time,and,space,complexities. The problem,has,two,interesting,and,challenging,characteristics: First, the degree of privacy protection and LBS accuracy depends on the context, such",Context Aware;Data Privacy;Google Map;Location Based Service;Location Privacy;Privacy Preservation;Privacy Protection;Space Complexity;Theoretical Analysis;Trusted Third Party;,International Conference on Distributed Computing Systems,"2009
"
Nan Zhang,4040,769,jizhi wang;yinjie chen;xinwen fu;jie wang;wei yu,3DLoc: Three Dimensional Wireless Localization Toolkit,,Three Dimensional;,International Conference on Distributed Computing Systems,"2010
"
Nan Zhang,4041,769,arjun dasgupta;gautam das,Leveraging COUNT Information in Sampling Hidden Databases,"A large number of online databases are hidden behind form-like interfaces which allow users to execute search queries by specifying selection conditions in the interface. Most of these interfaces return restricted answers (e.g., only top-k of the selected tuples), while many of them also accompany each answer with the COUNT of the selected tuples. In this paper, we propose techniques",,International Conference on Data Engineering,"2009
"
Nan Zhang,4042,769,wei yu;xinwen fu;sajal k. das,Towards Effective Defense Against Insider Attacks: The Establishment of Defender's Reputation,,Insider Attack;,International Conference on Parallel and Distributed Systems,"2008
"
Nan Zhang,4043,769,xin jin;mingyang zhang;gautam das,Versatile publishing for privacy preservation,"Motivated by the insufficiency of the existing quasi-identifier/sensitive-attribute (QI-SA) framework on modeling real-world privacy requirements for data publishing, we propose a novel versatile publishing scheme with which privacy requirements can be specified as an arbitrary set of privacy rules over attributes in the microdata table. To enable versatile publishing, we introduce the Guardian Normal Form (GNF), a novel method of",Normal Form;Privacy Preservation;,Knowledge Discovery and Data Mining,"2010
"
Nan Zhang,4044,769,shengquan wang;wei zhao,A new scheme on privacy-preserving data classification,"We address privacy-preserving classification problem in a distributed system. Randomization has been the approach proposed to preserve privacy in such scenario. However, this approach is now proven to be insecure as it has been discovered that some privacy intrusion techniques can be used to reconstruct private information from the randomized data tuples. We introduce an algebraic-technique-based scheme. Compared to the",Data Classification;Distributed System;Middleware;Privacy Preservation;Privacy Preserving Data Mining;Private Information;,Knowledge Discovery and Data Mining,"2005
"
Nan Zhang,4045,769,wei cheng;min song;dechang chen;xicheng lu;zexin lu,Time-Bounded Essential Localization for Wireless Sensor Networks,,Wireless Sensor Network;,,"2010
"
Nan Zhang,4046,769,wei zhao;jianer chen,Performance Measurements for Privacy Preserving Data Mining,"This paper establishes the foundation for the performance measure- ments of privacy preserving data mining techniques. The performance is mea- sured in terms of the accuracy of data mining results and the privacy protection of sensitive data. On the accuracy side, we address the problem of previous mea- sures and propose a new measure, named ""effective sample size"", to solve",Data Mining;Performance Measure;Privacy Preserving Data Mining;Privacy Protection;Sample Size;Theoretical Framework;,Pacific-Asia Conference on Knowledge Discovery and Data Mining,"2005
"
Nan Zhang,4047,769,gautam das,Privacy risks in health databases from aggregate disclosure,"This paper focuses on privacy risks in health databases that arise in assistive environments, where humans interact with the environment and this information is captured, assimilated and events of interest are extracted. The stakeholders of such an environment can range from caregivers to doctors and supporting family. The environment also includes objects the person interacts with, such as, wireless devices",Data Stream;Design Principle;Hidden Web;Human Interaction;Privacy Preservation;Service Quality;Web Interface;Wireless Devices;Front End;,International Conference on Pervasive Technologies Related to Assistive Environments,"2009
"
Nan Zhang,4048,769,shengquan wang;wei zhao,A New Scheme on Privacy Preserving Association Rule Mining,"We address the privacy preserving association rule mining problem in a system with one data miner and multiple data providers, each holds one trans- action. The literature has tacitly assumed that randomization is the only effective approach to preserve privacy in such circumstances. We challenge this assump- tion by introducing an algebraic techniques based scheme. Compared to previous approaches, our",Association Rule;Association Rule Mining;Middleware;Privacy Preservation;Private Information;,Principles of Data Mining and Knowledge Discovery,"2004
"
Nan Zhang,4049,769,arjun dasgupta;xin jin;bradley jewell;gautam das,Unbiased estimation of size and other aggregates over hidden web databases,"Many websites provide restrictive form-like interfaces which allow users to execute search queries on the underlying hidden databases. In this paper, we consider the problem of estimating the size of a hidden database through its web interface. We propose novel techniques which use a small number of queries to produce unbiased estimates with small variance. These techniques can also be",Approximate Query Processing;Hidden Web;Query Processing;Theoretical Analysis;Unbiased Estimator;Web Interface;,International Conference on Management of Data,"2010
"
Nan Zhang,4050,769,arjun dasgupta;gautam das;surajit chaudhuri,Privacy preservation of aggregates in hidden databases: why and how?,"Many websites provide form-like interfaces which allow users to execute search queries on the underlying hidden databases. In this paper, we explain the importance of protecting sensitive aggregate information of hidden databases from being disclosed through individual tuples returned by the search queries. This stands in contrast to the traditional privacy problem where individual tuples must be protected while ensuring",Privacy Preservation;Theoretical Analysis;,International Conference on Management of Data,"2009
"
Nan Zhang,4051,769,anirban maiti;arjun dasgupta;gautam das,HDSampler: revealing data behind web form interfaces,"A large number of online databases are hidden behind the web. Users to these systems can form queries through web forms to retrieve a small sample of the database. Sampling such hidden databases is widely desired for understanding the nature and qual- ity of data stored in them. We have developed HDSampler, which to the best of our knowledge is",Hidden Web;meta search engine;Small Samples;,International Conference on Management of Data,"2009
"
Nan Zhang,4052,769,wei yu;wei zhao,Self-adaptive Worms and Countermeasures,"In this paper, we address issues related to defending against wide- spreading worms on the Internet. We study a new class of worms called the self- adaptive worms. These worms dynamically adapt their propagation patterns to defensive countermeasures, in order to avoid or postpone detection, and to even- tually infect more computers. We show that existing worm detection schemes cannot",Dynamic Adaptation;Game Theory;,Self-Stabilizing Systems,"2006
"
Nan Zhang,4053,769,wei zhao,Distributed Privacy Preserving Information Sharing,"In this paper, we address issues related to sharing information in a distributed system consisting of autonomous entities, each of which holds a private database. Semi-honest behavior has been widely adopted as the model for adversarial threats. However, it substantially underestimates the capability of adversaries in reality. In this paper, we consider a threat space containing more powerful adversaries that",Distributed System;Information Sharing;Privacy Preservation;,Very Large Data Bases,"2005
"
Nan Zhang,4054,769,min song;xinwen fu;wei yu,Discovery and Protection of Sensitive Linkage Information for Online Social Networks Services,,Online Social Network;,"Wireless Algorithms, Systems, and Applications","2009
"
Nan Zhang,4055,769,na li;sajal k. das;bhavani m. thuraisingham,Privacy preservation in wireless sensor networks: A state-of-the-art survey,,Privacy Preservation;Wireless Sensor Network;,Ad Hoc Networks,"2009
"
Nan Zhang,4056,769,wei zhao,Privacy-Preserving Data Mining Systems,,Privacy Preserving Data Mining;,IEEE Computer,"2007
"
Nan Zhang,4057,769,wei zhao,Privacy Protection Against Malicious Adversaries in Distributed Information Sharing Systems,,Information Sharing;Privacy Protection;,IEEE Transactions on Knowledge and Data Engineering,"2008
"
Nan Zhang,4058,769,wei yu;xinwen fu;wei zhao,Self-Disciplinary Worms and Countermeasures: Modeling and Analysis,,Modeling and Analysis;,IEEE Transactions on Parallel and Distributed Systems,"2010
"
Nan Zhang,4059,770,donald a. adjeroh;tim bell;matt powell;amar mukherjee,Pattern Matching in BWT-Transformed Text,,Pattern Matching;,Data Compression Conference,"2002
"
Nan Zhang,4060,770,fauzia s. awan;nitin motgi;raja tanveer iqbal;amar mukherjee,LIPT: A Reversible Lossless Text Transform to Improve Compression Performance,"Lossless compression researchers have developed highly sophisticated approaches, such as Huffman encoding, arithmetic encoding, the Lempel-Ziv family, Dynamic Markov Compression (DMC), Prediction by Partial Matching (PPM), and Burrows-Wheeler Transform (BWT) based algorithms. We propose an alternative approach in this paper to develop a reversible transformation that can be applied to a source text that improves existing algorithm's ability to compress.",Compression Algorithm;Lossless Compression;Burrows Wheeler Transform;lempel ziv;Prediction By Partial Match;,Data Compression Conference,"2001
"
Nan Zhang,4061,770,weifeng sun;amar mukherjee,A Dictionary-Based Multi-Corpora Text Compression System,"In this paper we introduce StarZip, a multi-corpora lossless text compression utility which incorporates StarNT, our newly proposed transform algorithm. StarNT is a dictionary-based fast lossless text transform algorithm which utilizes ternary search tree to expedite transform encoding. For large files, viz. 400 Kbytes or more, our experiments show that the compression time is no worse than those obtained by",Compression Ratio;Domain Specificity;Search Trees;Text Compression;,Data Compression Conference,"2003
"
Nan Zhang,4062,770,amar mukherjee;donald a. adjeroh;tim bell,Approximate Pattern Matching Using the Burrows-Wheeler Transform,"Abstract. The compressed pattern matching problem is to locate the occurrence(s) of a pat- tern P in a text string T using a compressed representation of T, with minimal (or no) decompression. In this paper, we consider approximate pattern matching directly on BWT compressed text. The BWT provides a lexicographic ordering of the input text as part of its inverse",Approximate Pattern Matching;lexicographic order;Pattern Matching;Burrows Wheeler Transform;,Data Compression Conference,"2003
"
Nan Zhang,4063,770,tao tao;ravi vijaya satya;amar mukherjee,A Flexible Compressed Text Retrieval System Using a Modified LZW Algorithm,"With an increasing amount of text data being stored in a compressed format, efficient information retrieval in the compressed domain has become a major challenge. Being able to randomly access and partially decode4 the compressed data is highly desirable for efficient retrieval and is required in many applications. For example, in a digital library information retrieval system, only the records",Compression Ratio;Digital Library;Indexation;Information Retrieval;Information Retrieval System;Parallel Processing;Random Access;Text Retrieval;Level of Detail;,Data Compression Conference,"2005
"
Nan Zhang,4064,770,weifeng sun;amar mukherjee,Dictionary-Based Fast Transform for Text Compression,"In this paper we present StarNT, a dictionary-based fast lossless text transform algorithm. With a static generic dic- tionary, StarNT achieves a superior compression ratio than almost all the other recent efforts based on BWT and PPM. This algorithm utilizes ternary search tree to expedite trans- form encoding. Experimental results show that the aver- age compression time has improved by",Compression Ratio;Domain Specificity;Search Trees;Text Compression;,International Symposium on Information Technology,"2003
"
Nan Zhang,4065,770,tao tao;ravi vijaya satya;amar mukherjee,Modified LZW Algorithm for Efficient Compressed Text Retrieval,"With increasing amount of text data being stored in the compressed format, efficient information retrieval in the compressed domain has become a major concern. Being able to randomly access the compressed data is highly desirable for efficient retrieval and is required in many applications. For example, in a library information retrieval system, only the records that are relevant to the",Compression Ratio;Information Retrieval;Information Retrieval System;Random Access;Text Retrieval;,International Symposium on Information Technology,"2004
"
Nan Zhang,4066,770,donald a. adjeroh;u. kandaswamy;amar mukherjee;m. t. brown;tim bell,BWT-based efficient shape matching,"Effective shape-based image retrieval requires an appropriate representation of object shape contours. Such a representation should be invariant under certain transformations, such as those due to rotation, scaling, partial occlusion, noise in the image, or changes in the viewing geometry. Given a shape boundary, we decompose it into primitive shape segments that capture the saliency of object parts, and perform",Content Based Retrieval;Large Scale;Shape Matching;Shape Retrieval;shape-based image retrieval;Burrows Wheeler Transform;,ACM Symposium on Applied Computing,"2007
"
Nan Zhang,4067,770,amar mukherjee;tao tao;ravi vijaya satya;weifeng sun,Search and Retrieval of Compressed Text,,Search and Retrieval;,Advances in Computers,"2005
"
Nan Zhang,4068,771,baocai yin;dehui kong;wenying yue,Spatial prediction based intra-coding,,Spatial Prediction;,International Conference on Multimedia Computing and Systems/International Conference on Multimedia and Expo,"2004
"
Nan Zhang,4069,771,jiheng yang;baocai yin;yanfeng sun,A Block-Matching Based Intra Frame Prediction for H.264/AVC,"In the latest video coding standard H.264, intra frame prediction is employed to reduce the blocks' spatial correlation. In this paper, a new algorithm is proposed to improve the performance of intra prediction of H.264/AVC. It changes mode 2 of H.264's standard prediction methods into a BMA (block-matching algorithm)-DC hydrid mode. Experiment results show that with the proposed algorithm, significant",Block Matching;Intra Prediction;Prediction Method;Spatial Correlation;Video Coding;Block Matching Algorithm;,International Conference on Multimedia Computing and Systems/International Conference on Multimedia and Expo,"2006
"
Nan Zhang,4070,771,yan lu;feng wu;baocai yin,Directional Lifting-Based Wavelet Transform for Multiple Description Image Coding with Quincunx Segmentation,"In this paper, a new multiple description image coding scheme using directional lifting transform is proposed. The basic idea is to divide an image into two descriptions with quincunx segmentation. The traditional spatial do- main multiple description image coding techniques usually result in the very low coding efficiency. To tackle this problem, we propose a directional lifting technique to extensively",Image Coding;Visual Quality;Data Fusion;Full Resolution;Multiple Description;Wavelet Transform;,IEEE Pacific Rim Conference on Multimedia,"2005
"
Nan Zhang,4071,771,yan lu;feng wu;xiaolin wu;baocai yin,Efficient Multiple-Description Image Coding Using Directional Lifting-Based Transform,"This paper proposes an efficient two-description image coding technique. The two side descriptions of an image are generated by quincunx subsampling. The decoding from any side description is done by an interpolation process that exploits sample correlation. Although the quincunx subsampling is a natural choice for the best use of sample correlations in image multiple-description coding (MDC), each side description",Image Coding;Image Compression;Indexing Terms;Multiple Description Coding;Multiple Description;,IEEE Transactions on Circuits and Systems for Video Technology,"2008
"
Nan Zhang,4072,772,hai zhuge;liping zheng;xiang li,An automatic semantic relationships discovery approach,"An important obstacle to the success of the Semantic Web is that the establishment of the semantic relationship is labor-intensive. This paper proposes an automatic semantic relationship discovering approach for constructing the semantic link network. The basic premise of this work is that the semantics of a web page can be reflected by a set of keywords, and the semantic",Analogical Reasoning;Data Mining;Data Mining Algorithm;Semantic Link Network;Semantic Web;Web Pages;,World Wide Web Conference Series,"2004
"
Nan Zhang,4073,773,theo härder,On Modeling Power of Object-Relational Data Models in Technical Applications,"Technical applications, that is, all kinds of engineering applications (CA *), are distinguished from usual business applications in that they require enhanced data modeling facilities and operations to cope with complex objects and their behavior. Emerging object-relational database management systems (ORDBMSs) which are conforming to the SQL3 standard promise to support technical applications more adequately as compared to conventional relational",Complex Objects;Data Management;Data Model;Database Management;Integrated Information System;Interaction Design;Management System;object-relational databases;Process Model;Process Support;Type System;Abstract Data Type;Client Server;Object Relational;,Advances in Databases and Information Systems,"1997
"
Nan Zhang,4074,773,henrik loeser;jürgen zimmermann,Unterstützung dynamischer Typkonstruktion in Technischen Informationssystemen,,,Rechnerunterst��tztes Entwerfen und Konstruieren,"1998
"
Nan Zhang,4075,773,norbert ritter;theo härder,Enriched Relationship Processing in Object-Relational Database Management Systems,"In this paper, we bring together two important topics of current database research: enhancing the data model by refined rela- tionship semantics and exploiting ORDBMS extensibility to equip the system with new functionality. Regarding the first top- ic, we introduce a framework to capture diverse semantic char- acteristics of application-specific relationships. Then, in order to integrate the conceptual extensions with",Data Model;Management System;object-relational databases;Query Optimization;,International Symposium on Cooperative Database Systems for Advanced Applications,"2001
"
Nan Zhang,4076,773,theo härder;henrik loeser,Supporting Adaptable Technical Information Systems in Heterogeneous Environments - Using WWW and ORDBMS,,Heterogeneous Environment;Information System;,DEXA Workshops,"1997
"
Nan Zhang,4077,773,theo härder,On a Buzzword ``Extensibility'' - What We Have Learned from the ORIENT Project?,,,International Database Engineering and Application Symposium,"1999
"
Nan Zhang,4078,773,theo härder;joachim thomas,Enriching Object-Relational Databases with Relationship Semantics,,object-relational databases;,Next Generation Information Technologies and Systems,"1997
"
Nan Zhang,4079,774,wee kheng leow,Perceptually Consistent Segmentation of Texture Using Multiple Channel Filter," . Texture segmentation aims at dividing an image into perceptuallyuniform regions each containing a distinct texture. In imagesof natural scene, texture in a region can change gradually in scale andorientation due to perspective distortion. A naive segmentation methodmay erroneously group image patches with the same texture but slowlyvarying scales and orientations into distinct regions. This paper describesa novel segmentation method",Multiple Channels;Natural Scenes;Texture Segmentation;,Asian Conference on Computer Vision,"1998
"
Nan Zhang,4080,775,huamin qu;feng qiu;arie e. kaufman;ming wan,Ray Tracing Height Fields,"We present a novel surface reconstruction algorithm which can directly reconstruct surfaces with different levels of smoothness in one framework from height fields using 3D discrete grid ray tracing. Our algorithm exploits the 2.5D nature of the elevation data and the regularity of the rect- angular grid from which the height field surface is sampled. Based on this reconstruction method,",Hybrid Method;Layered Depth Image;Ray Tracing;Surface Reconstruction;Terrain Rendering;,Computer Graphics International,"2003
"
Nan Zhang,4081,775,xiaoru yuan;minh x. nguyen;baoquan chen,Stippling and Silhouettes Rendering in Geometry-Image Space,We present a novel non-photorealistic rendering method that performs all operations in a geometry-image domain. We first apply global conformal parameterization to the input geometry mo del and generate corresponding geom- etry images. Strokes and silhouettes are then computed in the geometry-ima ge domain. The geometry-image space provides combined benefits of the existing image space and object spaceapproaches. It allows,Image Processing;non photorealistic rendering;,Eurographics Symposium on Rendering/Eurographics Workshop on Rendering Techniques,"2005
"
Nan Zhang,4082,775,arie e. kaufman,Multiresolution volume simplification and polygonization,"We propose a multiresolution volume simplification and polygonization algorithm. Traditionally, voxel-based algorithms lack the adaptive resolution support and consequently simplified volumes quickly lose sharp features after several levels of downsampling, while tetrahedral-based simplification algorithms usually generate poorly shaped triangles. In our method, each boundary cell is represented by a carefully selected representative vertex. The quadric error metrics are applied as",Error Threshold;Quadric Error Metric;Shape Optimization;Bottom Up;Top Down;,Volume Graphics,"2003
"
Nan Zhang,4083,775,wei hong;arie e. kaufman,Dual Contouring with Topology-Preserving Simplification Using Enhanced Cell Representation,"We present a fast, topology-preserving approach for isosurface simplification. The underlying concept behind our approach is to preserve the disconnected surface components in cells during isosurface simplification. We represent isosurface components in a novel representation, called enhanced cell, where each surface component in a cell is represented by a vertex and its connectivity information. A topology-preserving vertex clustering algorithm is",Cluster Algorithm;Error Bound;Isosurface Extraction;Topology Preservation;,IEEE Visualization,"2004
"
Nan Zhang,4084,775,ming wan;arie e. kaufman;huamin qu,Interactive Stereoscopic Rendering of Voxel-based Terrain,"Abstract We present an interactive stereoscopic rendering algo- rithm of voxel-based terrain. It provides unambiguous depth information of a terrain scene by generating perspec- tive images,for a pair of eyes with a horizontal parallax. The left-eye image is generated using a fast ray casting al- gorithm accelerated by exploiting a specific ray coherence method,in the voxel-based terrain scene. The right-eye",Ray Casting;Terrain Visualization;,Virtual Reality,"2000
"
Nan Zhang,4085,775,huamin qu;ran shao;arie e. kaufman;klaus mueller,Feature Preserving Distance Fields,We present two distance eld representations which can preserve sharp features in original geometric models: the offset distance eld (ODF) and the unied distance eld (UDF). The ODF is sam- pled on a special curvilinear grid named an offset grid. The sample points of the ODF are not on a regular grid and they can oat in the cells of,Data Structure;Distance Field;Energy Minimization;Feature Preservation;Geometric Model;Irregular Grid;Surface Representation;,Volume Visualization,"2004
"
Nan Zhang,4086,775,huamin qu;wei hong;arie e. kaufman,SHIC: A View-Dependent Rendering Framework for Isosurfaces,"We present Selective and Hierarchical Isopoint Clustering (SHIC) as a framework for interactive isosurface visualization. SHIC is an octree-based vertex hierarchy where each surface component in a cell is represented by a vertex (isopoint) with encoded connectivity. We describe a novel connectivity encoding scheme, called Con- nectivity Encoding Bitmap, and two topology-preserving isopoint clustering algorithms to build the vertex hierarchy.",Cluster Algorithm;Isosurface Extraction;Topology Preservation;Level of Detail;,Volume Visualization,"2004
"
Nan Zhang,4087,775,ming wan;huamin qu;arie e. kaufman,Interactive Stereoscopic Rendering of Volumetric Environments,,,IEEE Transactions on Visualization and Computer Graphics,"2004
"
Nan Zhang,4088,775,xiaoru yuan;minh x. nguyen;baoquan chen,Volume cutout,We present a novel method for cutting out 3D volumetric structures based on simple strokes that are drawn directly on volume rendered images. The free- hand strokes roughly mark out objects of interest and background. Our system then automatically segments the regions of interest and reflnes their boundaries in the rendered image. These 2D segmentation results provide constraints for 3D,3d segmentation;Automatic Segmentation;Graph Cut;Volume Rendering;Region of Interest;,The Visual Computer,"2005
"
