author,pid,label,coauthor,title,abstract,keywords,venue,year
Peter Willett,4257,819,kitsuchart pasupa;robert f. harrison,Parsimonious Kernel Fisher Discrimination,"By applying recent results in optimization transfer, a new al- gorithm for kernel Fisher Discriminant Analysis is provided that makes use of a non-smooth penalty on the coecients to provide a parsimo- nious solution. The algorithm is simple, easily programmed and is shown to perform as well as or better than a number of leading machine learning algorithms on a",Machine Learning;Small Sample Size;Virtual Screening;Kernel Fisher Discriminant Analysis;Kernel Fisher Discriminant;,Iberian Conference on Pattern Recognition and Image Analysis,"2007
"
Peter Willett,4258,819,gareth jones;robert d. brown;david e. clark;robert c. glen,Searching Databases of Two-Dimensional and Three-Dimensional Chemical Structures Using Genetic Algorithms,,Chemical Structure;Genetic Algorithm;Three Dimensional;,International Conference on Genetic Algorithms,"1993
"
Peter Willett,4259,819,shereena m. arif;jérôme hert;john d. holliday;nurul malim,Enhancing the Effectiveness of Fingerprint-Based Virtual Screening: Use of Turbo Similarity Searching and of Fragment Frequencies of Occurrence,,Frequency of Occurrence;Similarity Search;Virtual Screening;,Pattern Recognition in Bioinformatics,"2009
"
Peter Willett,4260,819,martin j. bayley;valerie j. gillet;john bradshaw;darren v. s. green,Computational analysis of molecular diversity for drug discovery,,Computer Analysis;Drug Discovery;Molecular Diversity;,Research in Computational Molecular Biology,"1999
"
Peter Willett,4261,819,janey k. cringean;roger england;gordon a. manson,Parallel Text Searching in Serial Files Using a Processor Farm,"This paper discusses the implementation of a parallel text retrieval sys- tem using a microprocessor network. The system is designed to allow fast searching in document databases organised using the serial file structure, with a very rapid initial text signature search being followed by a more detailed, but more time- consuming, pattern matching search. The network is built from transputers,",Design and Implementation;Document Database;High Performance;Parallel Computer;Pattern Matching;Text Retrieval;,Research and Development in Information Retrieval,"1990
"
Peter Willett,4262,819,abdelmoula el-hamdouchi,Hierarchic Document Clustering Using Ward's Method,,Document Clustering;,Research and Development in Information Retrieval,"1986
"
Peter Willett,4263,819,david ellis;jonathan furner-hines,On the measurement of inter-linker consistency and retrieval effectiveness in hypertext databases,"An important stage in the process of retrieval of objects from a hypertext database is the creation of a set of inter-nodal links that are intended to represent the relationships existing between objects; this operation is often undertaken manually, just as index terms are often manually assigned to documents in a conventional retrieval system. In this paper, a study is",Difference Set;Indexation;Indexing Terms;,,"1994
"
Peter Willett,4264,819,edie m. rasmussen,Non-hierarchical document clustering using the ICL distribution array processor,"This paper considers the suitability and efficiency of a highly parallel computer, the ICL Distributed Array Processor (DAP), for document clustering. Algorithms are described for the implementation of the single-pass and reallocation clustering methods on the DAP and on a conventional mainframe computer. These methods are used to classify the Cranfield, Vaswani and UKCIS document test collections. The results suggest",Clustering Method;Document Clustering;Parallel Architecture;Parallel Computer;Test Collection;,Research and Development in Information Retrieval,"1987
"
Peter Willett,4265,819,alexander m. robertson,Searching for historical word-forms in a database of 17th-century English text using spelling-correction methods,"This paper discusses the application of algorithmic spelling-correction techniques to the identification of those words in a database of 17th century English text that are most similar to a query word in modern English. The experiments have used n-gram matching, non-phonetic coding and dynamic programming methods for spelling correction, and have demonstrated that high-recall searches can be carried out, although",Dynamic Program;,Research and Development in Information Retrieval,"1992
"
Peter Willett,4266,819,,Chemoinformatics: an application domain for information retrieval techniques,"Chemoinformatics is the generic name for the techniques used to represent, store and process information about the two-dimensional (2D) and three-dimensional (3D) structures of chemical molecules [1, 2]. Chemoinformatics has attracted much recent prominence as a result of developments in the methods that are used to synthesize new molecules and then to test them for biological activity. These developments have",3d structure;Biological Activity;Cost Effectiveness;Database Search;Document Clustering;Graph Representation;Information Retrieval;Molecular Structure;Relevance Feedback;Similarity Search;Software Systems;Three Dimensional;Virtual Screening;Data Fusion;,Research and Development in Information Retrieval,"2004
"
Peter Willett,4267,819,robert j. gaizauskas;george demetriou;peter j. artymiuk,Protein Structures and Information Extraction from Biological Texts: The PASTA System,"ABSTRACT Motivation: The rapid,increase,in volume,of,protein structure,literature means,useful,information,may,be hidden,or lost in the published literature and,the process,of finding relevant material, sometimes the rate-determining factor in new research, may be arduous and slow. Results: We describe,the Protein Active Site Template Acquisition (PASTA) system, which addresses these problems,by performing,automatic,extraction of informa- tion relating to the roles of specific amino,acid residues in protein molecules,from,online,scientific articles",Active Site;Information Extraction;Protein Structure;System Development;Amino Acid;Front End;,Bioinformatics/computer Applications in The Biosciences,"2003
"
Peter Willett,4268,819,j. richard walker,Compression of nucleic acid and protein sequence data,,Protein Sequence;Nucleic Acid;,Bioinformatics/computer Applications in The Biosciences,"1986
"
Peter Willett,4269,819,abdelmoula el-hamdouchi,Comparison of Hierarchie Agglomerative Clustering Methods for Document Retrieval,,Clustering Method;Document Retrieval;,The Computer Journal,"1989
"
Peter Willett,4270,819,valerie j. gillet;david j. wild;john bradshaw,Similarity and Dissimilarity Methods for Processing Chemical Structure Databases,,Chemical Structure;,The Computer Journal,"1998
"
Peter Willett,4271,819,john w. raymond;eleanor j. gardiner,RASCAL: Calculation of Graph Similarity using Maximum Common Edge Subgraphs,"A new graph similarity calculation procedure is introduced for comparing labeled graphs. Given a minimum similarity threshold, the procedure consists of an initial screening process to determine whether it is possible for the measure of similarity between the two graphs to exceed the minimum threshold, followed by a rigorous maximum common edge subgraph (MCES) detection algorithm to compute the exact",Detection Algorithm;Lower and Upper Bound;Maximum Clique;,The Computer Journal,"2002
"
Peter Willett,4272,819,jonathan furner;david ellis,Inter-linker consistency in the manual construction of hypertext documents," ing with credit is permitted. To copy otherwise, to republish, to post onservers, to redistribute to lists, or to use any component of this work in other works, requires priorspeci#c permission and#or a fee. Permissions may be requested from Publications Dept, ACMInc., 1515 Broadway, New York, NY 10036 USA, fax +1 #212# 869-0481, or permissions@acm.org.2#J. Furner, D. Ellis, and P.",Graph Theory;Indexation;Topological Indices;,ACM Computing Surveys,"1999
"
Peter Willett,4273,820,suliman al-hawamdeh,Paragraph-based Searching in Full-Text Documents,,,"Electronic Publishing - Origination, Dissemination and Design","1988
"
Peter Willett,4274,819,janey k. cringean;roger england;gordon a. manson,Nearest-neighbour Searching in Files of Text Signatures Using Transputer Networks,"SUMMARY This paper discusses the implementation of nearest-neighbour document retrieval in serial files using transputer networks. The system uses a two-stage retrieval algorithm in which an initial text-signature search is used to exclude large numbers of documents from the detailed and time-consuming pattern-matching search. The latter is implemented using a processor farm, so that documents which match at the signature",Document Retrieval;Information Retrieval;Nearest Neighbour Search;Parallel Processing;Pattern Matching;Nearest Neighbour;,"Electronic Publishing - Origination, Dissemination and Design","1991
"
Peter Willett,4275,819,fiona m. mccall,Criteria for the Selection of Search Strategies in Best-Match Document-Retrieval Systems,,Document Retrieval;Search Strategy;,International Journal of Human-computer Studies / International Journal of Man-machine Studies,"1986
"
Peter Willett,4276,819,richard c. angell;george e. freund,Automatic Spelling Correction Using a Trigram Similarity Measure,,Similarity Measure;,Information Processing and Management,"1983
"
Peter Willett,4277,819,janey k. cringean;roger england;gordon a. manson,Network design for the implementation of text searching using a multicomputer,,Network Design;,Information Processing and Management,"1991
"
Peter Willett,4278,819,w. bruce croft;t. j. lucia;janey k. cringean,Retrieving documents by plausible inference: An experimental study,,Experimental Study;,Information Processing and Management,"1989
"
Peter Willett,4279,819,abdelmoula el-hamdouchi,An improved algorithm for the calculation of exact term discrimination values,,,Information Processing and Management,"1988
"
Peter Willett,4280,819,a. f. harding;michael f. lynch,Document Retrieval Using a Serial Bit String Search,,Document Retrieval;,Information Processing and Management,"1983
"
Peter Willett,4281,819,michael f. lynch,"Current research into chemical and textual information retrieval at the department of information studies, University of Sheffield",,Information Retrieval;,Information Processing and Management,"1987
"
Peter Willett,4282,819,rachel j. shaw,On the NonRandom Nature of the Nearest-Neighbour Document Clusters,,Document Clustering;Nearest Neighbour;,Information Processing and Management,"1993
"
Peter Willett,4283,819,,A fast procedure for the calculation of similarity coefficients in automatic classification,,Automatic Classification;,Information Processing and Management,"1981
"
Peter Willett,4284,819,,An algorithm for the calculation of exact term discrimination values,,,Information Processing and Management,"1985
"
Peter Willett,4285,819,,Recent trends in hierarchic document clustering: A critical review,,Document Clustering;,Information Processing and Management,"1988
"
Peter Willett,4286,819,f. çuna ekmekçioglu;michael f. lynch,Stemming and N-gram matching for term conflation in Turkish texts,,,Information Research,"1996
"
Peter Willett,4287,819,m. greengrass;alexander m. robertson;reinhard schinke,Processing morphological variants in searches of Latin text,,,Information Research,"1996
"
Peter Willett,4288,819,gareth jones;alexander m. robertson;c. santimetvirul,Non-hierarchic document clustering using a genetic algorithm,,Document Clustering;Genetic Algorithm;,Information Research,"1995
"
Peter Willett,4289,819,alan j. o'rourke;alexander m. robertson;penny eley;penny simons,Word Variant Identification in Old French,,,Information Research,"1997
"
Peter Willett,4290,819,,Textual and chemical information processing: different domains but similar algorithms,,Information Processing;,Information Research,"2000
"
Peter Willett,4291,819,,Molecular diversity techniques for chemical databases,,Molecular Diversity;,Information Research,"1996
"
Peter Willett,4292,819,peter j. artymiuk;ruth v. spriggs,Graph theoretic methods for the analysis of structural relationships in biological macromolecules,Subgraph isomorphism and maximum common subgraph isomorphism algorithms from graph theory provide an effective and an efficient way of identifying structural relationships between biological macromolecules. They thus provide a natural complement to the pattern matching algorithms that are used in bioinformatics to identify sequence relationships. Examples are provided of the use of graph theory to analyse proteins for which three-dimensional,Database Search;Detection Algorithm;Graph Theory;Nmr Structure;Pattern Matching;Protein Structure;Structural Complexity;Three Dimensional;Amino Acid;Nucleic Acid;Protein Data Bank;,Journal of The American Society for Information Science and Technology,"2005
"
Peter Willett,4293,819,david ellis;jonathan furner,On the Creation of Hypertext Links in Full-Text Documents: Measurement of Retrieval Effectiveness,,,Journal of The American Society for Information Science and Technology,"1996
"
Peter Willett,4294,819,helen j. peat,The limitations of term co-occurrence data for query expansion in document retrieval systems,"Term cooccurrence data has been extensively used in document retrieval systems for the identification of indexing terms that are similar to those that have been specified in a user query: these similar terms can then be used to augment the original query statement. Despite the plausibility of this approach to query expan- sion, the retrieval effectiveness of the expanded que-",Document Retrieval;Indexing Terms;Query Expansion;,Journal of The American Society for Information Science and Technology,"1991
"
Peter Willett,4295,819,mirko popovic,The Effectiveness of Stemming for Natural-Language Access to Slovene Textual Data,,Natural Language;,Journal of The American Society for Information Science and Technology,"1992
"
Peter Willett,4296,819,shereena m. arif;john d. holliday,Analysis and use of fragment-occurrence data in similarity-based virtual screening,,Virtual Screening;,Journal of Computer-aided Molecular Design,"2009
"
Peter Willett,4297,819,anne-marie harrison;darren r. south;peter j. artymiuk,"Representation, searching and discovery of patterns of bases in complex RNA structures",,Graph Theory;Rna Structure;Structure Comparison;,Journal of Computer-aided Molecular Design,"2003
"
Peter Willett,4298,819,gareth jones;robert c. glen,A genetic algorithm for flexible molecular overlay and pharmacophore elucidation,,,Journal of Computer-aided Molecular Design,"1995
"
Peter Willett,4299,819,andrew r. poirrette;peter j. artymiuk;david w. rice,Comparison of protein surfaces using a genetic algorithm,,Genetic Algorithm;,Journal of Computer-aided Molecular Design,"1998
"
Peter Willett,4300,819,andrew r. poirrette;peter j. artymiuk;david w. rice,Comparison of protein surfaces using a genetic algorithm,,Genetic Algorithm;,Journal of Computer-aided Molecular Design,"1998
"
Peter Willett,4301,819,john w. raymond,Effectiveness of graph-based and fingerprint-based similarity measures for virtual screening of 2D chemical structure databases,"This paper reports an evaluation of both graph-based and fingerprint-based measures of structural similarity, when used for virtual screening of sets of 2D molecules drawn from the MDDR and ID Alert databases. The graph-based measures employ a new maximum common edge subgraph isomorphism algorithm, called RASCAL, with several similarity coefficients described previously for quantifying the similarity between pairs of graphs.",Chemical Structure;Graph Matching;Similarity Measure;Similarity Search;Structural Similarity;Virtual Screening;,Journal of Computer-aided Molecular Design,"2002
"
Peter Willett,4302,819,john w. raymond,Maximum common subgraph isomorphism algorithms for the matching of chemical structures,"The maximum common subgraph (MCS) problem has become increasingly important in those aspects of chemoinformatics that involve the matching of 2D or 3D chemical structures. This paper provides a classification and a review of the many MCS algorithms, both exact and approximate, that have been described in the literature, and makes recommendations regarding their applicability to typical chemoinformatics tasks.",Chemical Structure;Graph Matching;,Journal of Computer-aided Molecular Design,"2002
"
Peter Willett,4303,819,david a. thorner;p. matthew wright;robin taylor,Similarity searching in files of three-dimensional chemical structures: Representation and searching of molecular electrostatic potentials using field-graphs,,Chemical Structure;Electrostatic Potential;Similarity Search;Three Dimensional;,Journal of Computer-aided Molecular Design,"1997
"
Peter Willett,4304,819,david b. turner,Evaluation of the EVA descriptor for QSAR studies: 3. The use of a genetic algorithm to search for models with enhanced predictive properties (EVA_GA),,Genetic Algorithm;,Journal of Computer-aided Molecular Design,"2000
"
Peter Willett,4305,819,david b. turner;allan m. ferguson,Evaluation of a novel infrared range vibration-based descriptor (EVA) for QSAR studies. 1. General application,,Infrared;,Journal of Computer-aided Molecular Design,"1997
"
Peter Willett,4306,819,david b. turner;allan m. ferguson,Evaluation of a novel molecular vibration-based descriptor (EVA) for QSAR studies: 2. Model validation using a benchmark steroid dataset,,Model Validation;,Journal of Computer-aided Molecular Design,"1999
"
Peter Willett,4307,819,paul watson ii;valerie j. gillet;marcel l. verdonk,Calculating the knowledge-based similarity of functional groups using crystallographic data,,Functional Group;Knowledge Base;,Journal of Computer-aided Molecular Design,"2001
"
Peter Willett,4308,819,,Dissimilarity-Based Algorithms for Selecting Structurally Diverse Sets of Compounds,,,Journal of Computational Biology,"1999
"
Peter Willett,4309,819,maciej haranczyk;john d. holliday;maciej gutowski,Structure and singly occupied molecular orbital analysis of anionic tautomers of guanine,,Molecular Orbital;,Journal of Computational Chemistry,"2008
"
Peter Willett,4310,819,frank h. allen;peter a. bath,Angular Spectroscopy: Rapid Visualization of Three-Dimensional Substructure Dissimilarity Using Valence Angle or Torsional Descriptors,,Three Dimensional;,Journal of Chemical Information and Computer Sciences,"1995
"
Peter Willett,4311,819,peter j. artymiuk;peter a. bath;helen m. grindley;catherine a. pepperrell;andrew r. poirrette;david w. rice;david a. thorner;david j. wild,Similarity searching in databases of three-dimensional molecules and macromolecules,,Similarity Search;Three Dimensional;,Journal of Chemical Information and Computer Sciences,"1992
"
Peter Willett,4312,819,peter j. artymiuk;helen m. grindley;andrew r. poirrette;david w. rice;elizabeth c. ujah,"Identification of .beta.sheet motifs, of .psi.-loops, and of patterns of amino acid residues in three-dimensional protein structures using a subgraph-isomorphism algorithm",,Protein Structure;Three Dimensional;Amino Acid;,Journal of Chemical Information and Computer Sciences,"1994
"
Peter Willett,4313,819,edward j. barker;david buttar;david a. cosgrove;eleanor j. gardiner;paula kitts;valerie j. gillet,Scaffold Hopping Using Clique Detection Applied to Reduced Graphs,,,Journal of Chemical Information and Computer Sciences,"2006
"
Peter Willett,4314,819,john m. barnard,Method for generating a chemical reaction index for storage and retrieval of information. Comments,,Chemical Reaction;Indexation;,Journal of Chemical Information and Computer Sciences,"1981
"
Peter Willett,4315,819,peter a. bath;andrew r. poirrette;frank h. allen,Similarity searching in files of three-dimensional chemical structures: Comparison of fragment-based measures of shape similarity,,Chemical Structure;Shape Similarity;Similarity Search;Three Dimensional;,Journal of Chemical Information and Computer Sciences,"1994
"
Peter Willett,4316,819,peter a. bath;andrew r. poirrette;frank h. allen,The Extent of the Relationship between the Graph-Theoretical and the Geometrical Shape Coefficients of Chemical Compounds,,,Journal of Chemical Information and Computer Sciences,"1995
"
Peter Willett,4317,819,peter a. bath;andrew r. poirrette;frank h. allen,"Response to Comment on ""The Extent of the Relationship between the Graph-Theoretical and the Geometrical Shape Coefficients of Chemical Compounds",,,Journal of Chemical Information and Computer Sciences,"1995
"
Peter Willett,4318,819,david bawden;j. trevor catlow;trevor k. devon;judith m. dalton;michael f. lynch,Evaluation and implementation of topological codes for online compound search and registration,,,Journal of Chemical Information and Computer Sciences,"1981
"
Peter Willett,4319,819,david bawden;trevor k. devon;frank t. jackson;sandra i. wood;michael f. lynch,A Qualitative Comparison of Wiswesser Line Notation Descriptors of Reactions and the Derwent Chemical Reaction Documentation Service,,Chemical Reaction;,Journal of Chemical Information and Computer Sciences,"1979
"
Peter Willett,4320,819,martin j. bayley;eleanor j. gardiner;peter j. artymiuk,A Fourier Fingerprint-Based Method for Protein Surface Representation,,Surface Representation;,Journal of Chemical Information and Computer Sciences,"2005
"
Peter Willett,4321,819,andrew t. brint,Algorithms for the identification of three-dimensional maximal common substructures,,Three Dimensional;,Journal of Chemical Information and Computer Sciences,"1987
"
Peter Willett,4322,819,robert d. brown;geoffrey m. downs;gareth jones,Hyperstructure model for chemical structure handling: Techniques for substructure searching,,Chemical Structure;,Journal of Chemical Information and Computer Sciences,"1994
"
Peter Willett,4323,819,robert d. brown;geoffrey m. downs;anthony p. f. cook,Hyperstructure model for chemical structure handling: generation and atom-by-atom searching of hyperstructures,,Chemical Structure;,Journal of Chemical Information and Computer Sciences,"1992
"
Peter Willett,4324,819,robert d. brown;gareth jones;robert c. glen,Matching two-dimensional chemical graphs using genetic algorithms,,Genetic Algorithm;,Journal of Chemical Information and Computer Sciences,"1994
"
Peter Willett,4325,819,nathan brown;david j. wilton;richard a. lewis,Generation and Display of Activity-Weighted Chemical Hyperstructures,,,Journal of Chemical Information and Computer Sciences,"2003
"
Peter Willett,4326,819,beining chen;robert f. harrison;kitsuchart pasupa;david j. wilton;david j. wood;xiao qing lewell,Virtual Screening Using Binary Kernel Discrimination: Effect of Noisy Training Data and the Optimization of Performance,,Virtual Screening;,Journal of Chemical Information and Computer Sciences,"2006
"
Peter Willett,4327,819,david e. clark;gareth jones;peter w. kenny;robert c. glen,Pharmacophoric pattern matching in files of three-dimensional chemical structures: Comparison of conformational-searching algorithms for flexible searching,,Chemical Structure;Pattern Matching;Search Algorithm;Three Dimensional;,Journal of Chemical Information and Computer Sciences,"1994
"
Peter Willett,4328,819,geoffrey m. downs;william fisanick,Similarity Searching and Clustering of Chemical-Structure Databases Using Molecular Property Data,,Chemical Structure;Similarity Search;,Journal of Chemical Information and Computer Sciences,"1994
"
Peter Willett,4329,819,lindsay a. evans;michael f. lynch,Structural Search Codes for On-Line Compound Registration,,,Journal of Chemical Information and Computer Sciences,"1978
"
Peter Willett,4330,819,marie t. gannon,Sampling Consideration in the Selection of Fragment Screens for Chemical Substructure Search Systems,,,Journal of Chemical Information and Computer Sciences,"1979
"
Peter Willett,4331,819,eleanor j. gardiner;linda hirons;christopher a. hunter,Genomic Data Analysis Using DNA Structure: An Analysis of Conserved Nongenic Sequences and Ultraconserved Elements,,Data Analysis;Dna Structure;,Journal of Chemical Information and Computer Sciences,"2006
"
Peter Willett,4332,819,eleanor j. gardiner;peter j. artymiuk,Graph-Theoretic Techniques for Macromolecular Docking,,,Journal of Chemical Information and Computer Sciences,"2000
"
Peter Willett,4333,819,valerie j. gillet;wael khatib;peter j. fleming;darren v. s. green,Combinatorial Library Design Using a Multiobjective Genetic Algorithm,"Abstract: INTRODUCTIONThe development of combinatorial chemistry techniquesduring the past decade has revolutionized the processesinvolved in the discovery of novel bioactive compounds inthe pharmaceutical and agrochemical industries.1,2Initiallythe focus in combinatorial library design was on selectingdiverse sets of compounds on the assumption that maximizingdiversity would result in a broad coverage of bioactivityspace3and hence would maximize the chances of findinghits. However,...",Bioactive Compound;Combinatorial Chemistry;Library Design;multiobjective genetic algorithm;,Journal of Chemical Information and Computer Sciences,"2002
"
Peter Willett,4334,819,valerie j. gillet;john bradshaw,Similarity Searching Using Reduced Graphs,,Similarity Search;,Journal of Chemical Information and Computer Sciences,"2003
"
Peter Willett,4335,819,valerie j. gillet;john bradshaw,The Effectiveness of Reactant Pools for Generating Structurally-Diverse Combinatorial Libraries,,,Journal of Chemical Information and Computer Sciences,"1997
"
Peter Willett,4336,819,valerie j. gillet;john bradshaw,Identification of Biological Activity Profiles Using Substructural Analysis and Genetic Algorithms,,Biological Activity;Genetic Algorithm;,Journal of Chemical Information and Computer Sciences,"1998
"
Peter Willett,4337,819,valerie j. gillet;john bradshaw;darren v. s. green,Selecting Combinatorial Libraries to Optimize Diversity and Physical Properties,,Physical Properties;,Journal of Chemical Information and Computer Sciences,"1999
"
Peter Willett,4338,819,valerie j. gillet;stephen m. welford;michael f. lynch;john m. barnard;geoffrey m. downs;gordon a. manson;j. thompson,Computer storage and retrieval of generic chemical structures in patents. 7. Parallel simulation of a relaxation algorithm for chemical substructure search,,Chemical Structure;Parallel Simulation;,Journal of Chemical Information and Computer Sciences,"1986
"
Peter Willett,4339,819,claire m. r. ginn;david b. turner;allan m. ferguson,Similarity Searching in Files of Three-Dimensional Chemical Structures: Evaluation of the EVA Descriptor and Combination of Rankings Using Data Fusion,,Chemical Structure;Similarity Search;Three Dimensional;Data Fusion;,Journal of Chemical Information and Computer Sciences,"1997
"
Peter Willett,4340,819,jérôme hert;david j. wilton;pierre acklin;kamal azzaoui;edgar jacoby;ansgar schuffenhauer,Comparison of Fingerprint-Based Methods for Virtual Screening Using Multiple Bioactive Reference Structures,,Virtual Screening;,Journal of Chemical Information and Computer Sciences,"2004
"
Peter Willett,4341,819,jérôme hert;david j. wilton;pierre acklin;kamal azzaoui;edgar jacoby;ansgar schuffenhauer,New Methods for Ligand-Based Virtual Screening: Use of Data Fusion and Machine Learning to Enhance the Effectiveness of Similarity Searching,,Machine Learning;Similarity Search;Virtual Screening;Data Fusion;,Journal of Chemical Information and Computer Sciences,"2006
"
Peter Willett,4342,819,linda hirons;eleanor j. gardiner;christopher a. hunter,Structural DNA Profiles: Single Sequence Queries,,,Journal of Chemical Information and Computer Sciences,"2006
"
Peter Willett,4343,819,john d. holliday;stephen p. jelfs;peter gedeck,Calculation of Intersubstituent Similarity Using R-Group Descriptors,,,Journal of Chemical Information and Computer Sciences,"2003
"
Peter Willett,4344,819,john d. holliday;sarah l. rodgers;min-you chen;mahdi mahfouf;kevin lawson;graham mullier,Clustering Files of Chemical Structures Using the Fuzzy k-Means Clustering Method,"This paper evaluates the use of the fuzzy k-means clustering method for the clustering of files of 2D chemical structures. Simulated property prediction experiments with the Starlist file of logP values demonstrate that use of the fuzzy k-means method can, in some cases, yield results that are superior to those obtained with the conventional k-means method and with Ward's clustering",Chemical Structure;Clustering Method;Fuzzy K Means;K Means;,Journal of Chemical Information and Computer Sciences,"2004
"
Peter Willett,4345,819,john d. holliday;naomie salim;martin whittle,Analysis and Display of the Size Dependence of Chemical Similarity Coefficients,,,Journal of Chemical Information and Computer Sciences,"2003
"
Peter Willett,4346,819,michael f. lynch,The Production of Machine-Readable Descriptions of Chemical Reactions Using Wiswesser Line Notations,,Chemical Reaction;,Journal of Chemical Information and Computer Sciences,"1978
"
Peter Willett,4347,819,michael f. lynch,The Automatic Detection of Chemical Reaction Sites,,Automatic Detection;Chemical Reaction;,Journal of Chemical Information and Computer Sciences,"1978
"
Peter Willett,4348,819,michael f. lynch,"George Vladutz, 1928-1990",,,Journal of Chemical Information and Computer Sciences,"1990
"
Peter Willett,4349,819,james j. mcgregor,Use of a maximum common subgraph algorithm in the automatic identification of ostensible bond changes occurring in chemical reactions,,Chemical Reaction;,Journal of Chemical Information and Computer Sciences,"1981
"
Peter Willett,4350,819,george w. a. milne,A tribute of Michael F. Lynch,,,Journal of Chemical Information and Computer Sciences,"1991
"
Peter Willett,4351,819,chidochangu p. mpamhanga;beining chen;iain m. mclay,Knowledge-Based Interaction Fingerprint Scoring: A Simple Method for Improving the Effectiveness of Fast Scoring Functions,,Knowledge Base;Score Function;,Journal of Chemical Information and Computer Sciences,"2006
"
Peter Willett,4352,819,john w. raymond;eleanor j. gardiner,Heuristics for Similarity Searching of Chemical Graphs Using a Maximum Common Edge Subgraph Algorithm,,Similarity Search;,Journal of Chemical Information and Computer Sciences,"2002
"
Peter Willett,4353,819,john w. raymond,Similarity Searching in Databases of Flexible 3D Structures Using Smoothed Bounded Distance Matrices,,3d structure;Similarity Search;,Journal of Chemical Information and Computer Sciences,"2003
"
Peter Willett,4354,819,nicholas rhodes;david e. clark,Similarity Searching in Databases of Flexible 3D Structures Using Autocorrelation Vectors Derived from Smoothed Bounded Distance Matrices,,3d structure;Similarity Search;,Journal of Chemical Information and Computer Sciences,"2006
"
Peter Willett,4355,819,nicholas rhodes;alain calvet;james b. dunbar jr.;christine humblet,CLIP: Similarity Searching of 3D Databases Using Clique Detection,,Similarity Search;,Journal of Chemical Information and Computer Sciences,"2003
"
Peter Willett,4356,819,nicholas rhodes;james b. dunbar jr.;christine humblet,Bit-String Methods for Selective Compound Acquisition,,,Journal of Chemical Information and Computer Sciences,"2000
"
Peter Willett,4357,819,naomie salim;john d. holliday,Combination of Fingerprint-Based Similarity Coefficients Using Data Fusion,,Data Fusion;,Journal of Chemical Information and Computer Sciences,"2003
"
Peter Willett,4358,819,ansgar schuffenhauer;valerie j. gillet,Similarity Searching in Files of Three-Dimensional Chemical Structures: Analysis of the BIOSTER Database Using Two-Dimensional Fingerprints and Molecular Field Descriptors,,Chemical Structure;Similarity Search;Three Dimensional;,Journal of Chemical Information and Computer Sciences,"2000
"
Peter Willett,4359,819,ruth v. spriggs;peter j. artymiuk,Searching for Patterns of Amino Acids in 3D Protein Structures,,Protein Structure;Amino Acid;,Journal of Chemical Information and Computer Sciences,"2003
"
Peter Willett,4360,819,david a. thorner;david j. wild;p. matthew wright,Similarity Searching in Files of Three-Dimensional Chemical Structures: Flexible Field-Based Searching of Molecular Electrostatic Potentials,,Chemical Structure;Electrostatic Potential;Similarity Search;Three Dimensional;,Journal of Chemical Information and Computer Sciences,"1996
"
Peter Willett,4361,819,david b. turner;simon m. tyrrell,Rapid Quantification of Molecular Diversity for Selective Database Acquisition,,Molecular Diversity;,Journal of Chemical Information and Computer Sciences,"1997
"
Peter Willett,4362,819,martin whittle;valerie j. gillet;alexander alex;jens loesel,Enhancing the Effectiveness of Virtual Screening by Fusing Nearest Neighbor Lists: A Comparison of Similarity Coefficients,,Virtual Screening;Nearest Neighbor;,Journal of Chemical Information and Computer Sciences,"2004
"
Peter Willett,4363,819,martin whittle;werner klaffke;paula van noort,Evaluation of Similarity Measures for Searching the Dictionary of Natural Products Database,,Natural Product;Similarity Measure;,Journal of Chemical Information and Computer Sciences,"2003
"
Peter Willett,4364,819,david j. wild,"Similarity searching in files of three-dimensional chemical structures. Implementation of atom mapping on the distributed array processor DAP610, the MasPar MP1104, and the connection machine CM200",,Chemical Structure;Similarity Search;Three Dimensional;,Journal of Chemical Information and Computer Sciences,"1994
"
Peter Willett,4365,819,david j. wild,Similarity Searching in Files of Three-Dimensional Chemical Structures. Alignment of Molecular Electrostatic Potential Fields with a Genetic Algorithm,,Chemical Structure;Electrostatic Potential;Genetic Algorithm;Similarity Search;Three Dimensional;,Journal of Chemical Information and Computer Sciences,"1996
"
Peter Willett,4366,819,,Computer Techniques for the Indexing of Chemical Reaction Information,,Chemical Reaction;Computational Techniques;,Journal of Chemical Information and Computer Sciences,"1979
"
Peter Willett,4367,819,,A Screen Set Generation Algorithm,,Generic Algorithm;,Journal of Chemical Information and Computer Sciences,"1979
"
Peter Willett,4368,819,,"The Evaluation of an Automatically Indexed, Machine-Readable Chemical Reactions File",,Automatic Indexing;Chemical Reaction;,Journal of Chemical Information and Computer Sciences,"1980
"
Peter Willett,4369,819,,Some heuristics for nearest-neighbor searching in chemical structure files,,Chemical Structure;Nearest Neighbor Search;,Journal of Chemical Information and Computer Sciences,"1983
"
Peter Willett,4370,819,,Evaluation of relocation clustering algorithms for the automatic classification of chemical structures,,Automatic Classification;Chemical Structure;Cluster Algorithm;,Journal of Chemical Information and Computer Sciences,"1984
"
Peter Willett,4371,819,,Clustering tendency in chemical classifications,,,Journal of Chemical Information and Computer Sciences,"1985
"
Peter Willett,4372,819,,An algorithm for chemical superstructure searching,,,Journal of Chemical Information and Computer Sciences,"1985
"
Peter Willett,4373,819,john m. barnard;geoffrey m. downs,Chemical Similarity Searching,,Similarity Search;,Journal of Chemical Information and Computer Sciences,"1998
"
Peter Willett,4374,819,vivienne winterman;david bawden,Implementation of nearest-neighbor searching in an online chemical structure search system,,Chemical Structure;Nearest Neighbor Search;,Journal of Chemical Information and Computer Sciences,"1986
"
Peter Willett,4375,819,vivienne winterman;david bawden,Implementation of nonhierarchic cluster analysis methods in chemical information systems: selection of compounds for biological testing and clustering of substructure search output,,Cluster Analysis;Information System;,Journal of Chemical Information and Computer Sciences,"1986
"
Peter Willett,4376,819,terence wilson;stewart f. reddaway,Atom-by-atom searching using massive parallelism. Implementation of the Ullmann subgraph isomorphism algorithm on the distributed array processor,,Parallel Implementation;,Journal of Chemical Information and Computer Sciences,"1991
"
Peter Willett,4377,819,david j. wilton;robert f. harrison;john delaney;kevin lawson;graham mullier,Virtual Screening Using Binary Kernel Discrimination: Analysis of Pesticide Data,,Kernel Discriminant Analysis;Virtual Screening;,Journal of Chemical Information and Computer Sciences,"2006
"
Peter Willett,4378,819,david j. wilton;kevin lawson;graham mullier,Comparison of Ranking Methods for Virtual Screening in Lead-Discovery Programs,,Virtual Screening;,Journal of Chemical Information and Computer Sciences,"2003
"
Peter Willett,4379,819,andrew t. brint;valerie j. gillet;michael f. lynch;gordon a. manson;g. a. wilson,Chemical graph matching using transputer networks,,Graph Matching;,Parallel Computing,"1988
"
Peter Willett,4380,819,christine a. pogue;edie m. rasmussen,Searching and clustering of databases using the ICL distributed array processor,,,Parallel Computing,"1988
"
Peter Willett,4381,819,christine a. pogue,Use of text signatures for document retrieval in a highly parallel environment,,Document Retrieval;,Parallel Computing,"1987
"
Peter Willett,4382,819,eleanor j. gardiner;valerie j. gillet;maciej haranczyk;jérôme hert;john d. holliday;nurul malim;yogendra patel,Turbo similarity searching: Effect of fingerprint and dataset on virtual-screening performance,,Similarity Search;Virtual Screening;,Statistical Analysis and Data Mining,"2009
"
Peter Willett,4383,821,peter f. swaszek,On the performance degradation from one-bit quantized detection,,,IEEE Transactions on Information Theory,"1995
"
Peter Willett,4384,821,peter f. swaszek,A fact about the logistic distribution,,Logistic Distribution;,IEEE Transactions on Information Theory,"1997
"
Peter Willett,4385,821,douglas j. warren,The suboptimality of randomized tests in distributed and quantized detection systems,,Random Testing;,IEEE Transactions on Information Theory,"1992
"
