author,pid,label,coauthor,title,abstract,keywords,venue,year
Ping Zhang,4400,827,dennis f. galletta;fiona fui-hoon nah,AIS SIGHCI position paper,"The upcoming ACM SIGCHI Development Consortium is aimed at meeting the needs of multidisciplinary professionals that must choose among a variety of professional associations and their events. The position of AIS' (Association for Information Systems) SIGHCI is that the main problem lies in the deep chasms that separate the literatures of the related disciplines, and the solution is to provide",Professional Association;Association for Information Systems;Special Interest Group;,Computer Human Interaction,"2005
"
Ping Zhang,4401,827,,"Producing human-centered, usability-sensitive, and HCI-competent managers, CIOs, and CEOs","Taking a collaborative and multi-disciplinary perspective, we discuss issues and opportunities in college education so that our future managers, CIOs, and CEOs are inherently and intrinsically human-centered, usability-sensitive, and HCI-competent.",,Computer Human Interaction,"2006
"
Ping Zhang,4402,827,shelley aikman,Attitudes in ICT Acceptance and Use,,,Human-Computer Interaction,"2007
"
Ping Zhang,4403,827,xiaozhong liu;robert i. benjamin,Re-examining IT Enabled Change with a New Model of the Information Field: The Tiger Creek Case,"This paper demonstrates the application of a new model of the Information Field (I-Model) (Zhang &amp; Benjamin 2006) to deconstructing case studies in the information field so that they can be easily analyzed, understood and compared. The Expense Tracking System at Tiger Creek case (Zuboff &amp; Bronsema 1984) is selected owing to it beings historically important in illustrating various issues",Access To Information;Case Study;Command and Control;Tracking System;,Hawaii International Conference on System Sciences,"2007
"
Ping Zhang,4404,827,heshan sun,A Methodological Analysis of User Technology Acceptance,"The majority of research on user technology acceptance, e.g. technology acceptance model, focuses on individual users' beliefs, attitudes, and behavioral intentions toward technology use. In this paper, we attempt to examine prior research on user technology acceptance from a methodological angle by borrowing Markus and Robey's research framework (1988). We find that prior studies usually take technology imperative perspective, use",Research Framework;Task Technology Fit;Technology Acceptance;Technology Acceptance Model;Theory and Modeling;Computer Self Efficacy;,Hawaii International Conference on System Sciences,"2004
"
Ping Zhang,4405,827,gisela m. von dran,Expectations and Rankings of Website Quality Features: Results of Two Studies on User Perceptions,"In the emerging electronic environment, the creation of customer-centered websites is becoming increasingly important. This paper reports two exploratory studies on user perceptions of using web sites. We first use Kano's Model of Quality to conduct an investigation of quality features in the web environment. An independently conducted study later expands the first study by addressing several limitations. The results",Empirical Evidence;Exploratory Study;Quality Model;User Perception;,Hawaii International Conference on System Sciences,"2001
"
Ping Zhang,4406,827,gisela m. von dran;ruth v. small;silvia barcellos,A Two-Factor Theory for Website Design,"This study was designed to verify whether an analogy to Herzberg's hygiene-motivational theory about workplace could be used in the web environment. According to this analogy, the presence of hygiene factors would provide the basic functionality of a website, while their absence would create user dissatisfaction. Motivating factors are those that contribute to user satisfaction. They add additional value and",Phase Ii;Pilot Study;User Satisfaction;Website Design;,Hawaii International Conference on System Sciences,"2000
"
Ping Zhang,4407,827,na li;heshan sun,Affective Quality and Cognitive Absorption: Extending Technology Acceptance Research,Agarwal and Karahanna (2000) suggested that holistic user experiences with IT contribute to users' evaluation of and reaction to using the technology. They proposed and empirically tested a construct named cognitive absorption that has preceding effects on important user technology acceptance constructs. We propose that an important antecedent of cognitive absorption is perceived affective quality (PAQ) of the target IT.,Cognitive Appraisal;Field Study;Technology Acceptance;Theoretical Model;User Experience;,Hawaii International Conference on System Sciences,"2006
"
Ping Zhang,4408,827,ruth v. small;gisela m. von dran;silvia barcellos,Websites that Satisfy Users: A Theoretical Framework for Web User Interface Design and Evaluation,"With the fast development and increasing use of the World Wide Web as both an information seeking and an electronic commerce tool, web usability studies grow in importance. While web designers have largely focused on functional aspects of websites, there has been little systematic attention to (1) the motivational issues of web user interface design or (2) a theoretically driven",Conceptual Framework;Electronic Commerce;Information Seeking;Satisfiability;Theoretical Framework;User Interface Design;User Satisfaction;Web Design;Web Interface;Web Usability;World Wide Web;,Hawaii International Conference on System Sciences,"1999
"
Ping Zhang,4409,827,na li,Love at First Sight or Sustained Effect? The Role of Perceived Affective Quality on Users' Cognitive Reactions to Information Technology,"This research examines the impact of primitive affective reactions to information technology on subsequent cognitive reactions and behavioral intention on IT use, and the potential change of such impact over time. We ground our work in theories of psychology and information systems and propose a theoretical model in which the user's perceptions regarding the affective quality of an IT influences",College Students;Course Management System;Empirical Evidence;Field Study;Information System;Information Technology;Perceived Ease of Use;Perceived Usefulness;Theoretical Model;,International Conference on Information Systems,"2004
"
Ping Zhang,4410,827,fiona fui-hoon nah;jenny preece,Guest Editorial: HCI studies in management information systems,,Management Information System;,Behaviour & Information Technology,"2004
"
Ping Zhang,4411,827,na li,The importance of affective quality,Users aren't always rational logical beings---emotion plays an often overlooked role in user acceptance of technology.,User Acceptance;,Communications of The ACM,"2005
"
Ping Zhang,4412,827,shelley aikman;heshan sun,Two Types of Attitudes in ICT Acceptance and Use,"Abstract Information and communication,technology,(ICT) acceptance and use is a prolific research  stream in the information systems field. Yet, studi es on attitude have gone through ups and  downs,yielding inconsistent and inconclusive findin gs on attitude’s role and impact. In this  paper, we provide clear definitions of two differen t types of attitudes and detail their  relationships to each other and",Information and Communication Technology;Information System;,International Journal of Human-computer Interaction,"2008
"
Ping Zhang,4413,827,fiona fui-hoon nah;scott mccoy,Introduction: Human-Computer Interaction Studies in Management Information Systems,,Human Computer Interaction;Management Information System;,International Journal of Human-computer Interaction,"2005
"
Ping Zhang,4414,827,fiona fui-hoon nah;scott mccoy;mun y. yi,Human-computer interaction research in the management information systems discipline,,Human Computer Interaction;Management Information System;,International Journal of Human-computer Studies / International Journal of Man-machine Studies,"2006
"
Ping Zhang,4415,827,heshan sun,The role of moderating factors in user technology acceptance,"Along with increasing investments in new technologies, user technology acceptance becomes a frequently studied topic in the information systems discipline. The last two decades have seen user acceptance models being proposed, tested, refined, extended and unified. These models have contributed to our understanding of user technology acceptance factors and their relationships. Yet they have also presented two limitations: the relatively",Information System;Integrable Model;New Technology;Technology Acceptance;User Acceptance;,International Journal of Human-computer Studies / International Journal of Man-machine Studies,"2006
"
Ping Zhang,4416,827,,"C. Nass and S. Brave, Wired for Speech: How Voice Activates and Advances the Human-Computer Relationship",,,Information Processing and Management,"2006
"
Ping Zhang,4417,827,,The Effects of Animation on Information Seeking Performance on the World Wide Web: Securing Attention or Interfering with Primary Tasks?,"Although animation is commonly used in the web environment, scant scientific evidence can be found either on the effects of animation on viewer information seeking performance or on the implications for online advertising. This paper reports a limited study that provides such scientific evidence. Using research results from visual attention and perception literature to guide the discovery, the study confirms",Information Seeking;Online Advertising;Visual Attention;World Wide Web;,Journal of The Ais,"2000
"
Ping Zhang,4418,827,heshan sun,An exploration of affect factors and their role in user technology acceptance: Mediation and causality,"Affect factors have gained researchers' attention in a number of fields. The Information Systems (IS) literature, however, shows some gaps and inconsistencies regard- ing the role of affect factors in human-computer interac- tion. Building upon prior research, this study aims at a better understanding of affect factors by clarifying their relationships with each other and with other primary user acceptance",Information System;Path Analysis;Perceived Ease of Use;Perceived Usefulness;Technology Acceptance;Primary User;,Journal of The American Society for Information Science and Technology,"2008
"
Ping Zhang,4419,827,robert i. benjamin,Understanding information related fields: A conceptual framework,"Many scientific fields share common interests for re- search and education. Yet, very often, these fields do not communicate to each other and are unaware of the work in other fields. Understanding the commonalities and differences among related fields can broaden our understanding of the interested phenomena from vari- ous perspectives, better utilize resources, enhance col- laboration, and eventually move",Case Study;Conceptual Framework;Information Model;Information Technology;,Journal of The American Society for Information Science and Technology,"2007
"
Ping Zhang,4420,827,gisela m. von dran,Satisfiers and dissatisfiers: A two-factor model for website design and evaluation," This article is organized as follows. The next section isthe literature review on current Web evaluation studies, andmotivational and job satisfaction theories in organizationalbehavior. The following section describes the empiricalstudy methodology including Phase I for identifying designfactors, and Phase II for identifying the hygiene and motivatorcharacteristics of the factors. Finally, the researchersdiscuss the implications of the findings, some limitations,and directions",Evaluation Studies;Factor Model;Job Satisfaction;Literature Review;Phase Ii;Satisfiability;Website Design;,Journal of The American Society for Information Science and Technology,"2000
"
Ping Zhang,4421,827,heshan sun,The complexity of different types of attitudes in initial and continued ICT use,"In the information systems (IS) field, research interest in attitude has fluctuated over the past decades given the inconsistent and inconclusive findings on attitude's effects on behavioral intention (BI) to use information and communication technology (ICT). This study addresses the conceptual, operational, and temporal dynamics of attitude that may have caused the inconsistent and incon- clusive results. A longitudinal study",Information and Communication Technology;Information System;Longitudinal Study;Temporal Dynamics;,Journal of The American Society for Information Science and Technology,"2009
"
Ping Zhang,4422,828,mukesh shakya;jianhua zhang;mattias lampe,Design and Optimization of Wireless Sensor Network with Mobile Gateway,,Wireless Sensor Network;,Advanced Information Networking and Applications,"2007
"
Ping Zhang,4423,828,renqing lu;jing zhang,Reliability Modeling and Analysis of Service-Oriented Robot Management System,,Management System;Reliability Modeling;Service Orientation;,Asia-Pacific Services Computing Conference,"2006
"
Ping Zhang,4424,828,hui tian;fang xie;ning yang,Channel Adaptive Routing Algorithm in Mobile Ad Hoc Networks,,Adaptive Routing;Mobile Ad Hoc Network;,"Internet, Multimedia Systems and Applications, EuroIMSA","2005
"
Ping Zhang,4425,828,xihai han;hui wang;miao pan;yang ji,Light Dark Routing Protocol: An innovative Infrastructure-assisted Ad hoc Routing Protocol,,Ad Hoc Routing;Routing Protocol;Light Dark;,Global Telecommunications Conference,"2006
"
Ping Zhang,4426,828,zhi zhang;xiaoguang wu;guixia kang,A High Precision Channel Estimation Method for OFDM System,,Channel Estimation;,Global Telecommunications Conference,"2007
"
Ping Zhang,4427,828,yu zhang;jianhua zhang;di dong;xin nie;guangyi liu,A Novel Spatial Autocorrelation Model of Shadow Fading in Urban Macro Environments,,Spatial Autocorrelation;,Global Telecommunications Conference,"2008
"
Ping Zhang,4428,828,zhou yun;jun yuan;ying wang,Service-Oriented FMIPv6 Framework for Efficient Handovers in 4G Networks,,Service Orientation;,Global Telecommunications Conference,"2007
"
Ping Zhang,4429,828,guixia kang;yue ouyang;da liu;huaqing wang,Attitude Toward Wireless Applications in Healthcare Industry in China,,,Human-Computer Interaction,"2007
"
Ping Zhang,4430,828,guixia kang;li zhang;shanghong li;said boussakta,Case Study of Applying Wireless Technologies into Healthcare Industry in China and UK,,Case Study;Wireless Technology;,Human-Computer Interaction,"2007
"
Ping Zhang,4431,828,zixiong chen;kai xu;feng jiang;ying wang,Utility Based Scheduling Algorithm for Multiple Services Per User in MIMO OFDM System,,Scheduling Algorithm;,IEEE International Conference on Communications,"2008
"
Ping Zhang,4432,828,feng jiang;ying wang;xi fang;kai sun;guona hu,Cross-Layer Design for the MIMO System with Zero-Forcing Receiver in the Presence of Channel Estimation Error,,Channel Estimation;mimo system;Cross Layer Design;Zero Forcing;,IEEE International Conference on Communications,"2008
"
Ping Zhang,4433,828,fang shu;li lihua,Optimal Multi-User MIMO Linear Precoding Based on Particle Swarm Optimization,,linear precoding;particle swarm optimizer;Multi User;,IEEE International Conference on Communications,"2008
"
Ping Zhang,4434,828,jin xu;xiaofeng tao,Analytical SER Performance Bound of M-QAM MIMO System with ZF-SIC Receiver,,mimo system;Performance Bounds;,IEEE International Conference on Communications,"2008
"
Ping Zhang,4435,828,huan su;jianhua zhang,A Preamble-based Cell Search Scheme for OFDMA Cellular Systems,,Cellular System;,International Conference on Networking,"2006
"
Ping Zhang,4436,828,xiaodong xu;xiaofeng tao;chunli wu,Group Cell Architecture for Future Mobile Communication System,,Mobile Communication System;,International Conference on Networking,"2006
"
Ping Zhang,4437,828,xiaodong xu;xiaofeng tao;hui zhang;hao zhijie,Generalized Distributed Multi-antenna Architecture Based Location Technology for Beyond 3G Systems,,,International Conference on Systems,"2008
"
Ping Zhang,4438,828,lingjun xu;qiang wang;jiansong gao;yong wang,A Novel Low-IF Topology for High Performance Integrated Receivers,,High Performance;,Intelligent Information Hiding and Multimedia Signal Processing,"2006
"
Ping Zhang,4439,828,ruoju liu;jianhua zhang;lei jiang;miao pan;xinying gao,Energy-Efficient and Mui-Free Synchronization for UWB Based WSNS,"Synchronization is a challenging task in ultra wideband (UWB) communications, and becomes more difficult in UWB based wireless sensor networks (WSNs) in the presence of multi-user interference (MUI). For such a system, we develop a synchronization scheme including a novel design of transmitted reference (TR) signal model to avoid MUI and an energy-efficient synchronization algorithm. The synchronization signal of cluster-head",Energy Efficient;Theoretical Analysis;ultra wideband;Cluster Head;Energy Detection;Multi User Interference;Transmit Reference;Wireless Sensor Network;,"IEEE International Symposium on Personal, Indoor and Mobile Radio Communications","2006
"
Ping Zhang,4440,828,xiaoxuan che;xi fang;xiaofeng tao;yong wang,Optimal Deployment Scheme for IEEE 802.16 Mesh Networks with Combined Single-Radio and Two-Radio Nodes,,Mesh Network;,Vehicular Technology Conference,"2008
"
Ping Zhang,4441,828,cheng chi;zhiyong feng;yuan xue;huying cai,Component-Based Protocol Stack Management for Reconfigurable Systems,,reconfigurable system;,Vehicular Technology Conference,"2008
"
Ping Zhang,4442,828,qimei cui;jun liu;xiaofeng tao,A Novel Location Model for 4G Mobile Communication Networks,,Location Model;Mobile Communication Network;,Vehicular Technology Conference,"2007
"
Ping Zhang,4443,828,weihui dong;jianhua zhang;xinyin gao;yufei wu,Cluster Identification and Properties of Outdoor Wideband MIMO Channel,,mimo channel;,Vehicular Technology Conference,"2007
"
Ping Zhang,4444,828,zhiyong feng;f. vanbien le,A Seamless Vertical Handover Scheme for End-to-End Reconfigurability Systems,,reconfigurable system;Vertical Handover;,Vehicular Technology Conference,"2008
"
Ping Zhang,4445,828,lei guan;jianhua zhang;jianing li;guangyi liu,Spectral Efficient Frequency Allocation Scheme in Multihop Cellular Network,,Cellular Network;Spectral Efficiency;,Vehicular Technology Conference,"2007
"
Ping Zhang,4446,828,yanyan guo;guixia kang;yang yu,A Relay Selection Cooperative MIMO Communication Scheme for Network Lifetime Maximization,,Network Lifetime;,Vehicular Technology Conference,"2009
"
Ping Zhang,4447,828,zhiheng guo;li lihua;xiaofeng tao,Performance of Antenna Selection for Low Data Rate in TDD Uplink,,Antenna Selection;Low Data Rate;,Vehicular Technology Conference,"2006
"
Ping Zhang,4448,828,xu haibo;gao youjun;hui tian;yang ji,Network Calculus Modeling and QoS Analysis for Wireless Packet Networks,,Network Calculus;Packet Networks;,Vehicular Technology Conference,"2007
"
Ping Zhang,4449,828,feng jiang;jianchi zhu;guona hu;ying wang;guangyi liu,Joint Space-Frequency-Power Scheduling Algorithm for Real Time Service in Cellular MIMO-OFDM System,,Scheduling Algorithm;Real Time;Space Frequency;,Vehicular Technology Conference,"2008
"
Ping Zhang,4450,828,zhang jian;li yinong;yang ji,A Context-Aware Infrastructure with Reasoning Mechanism and Aggregating Mechanism for Pervasive Computing Application,,Context Aware;Pervasive Computing;,Vehicular Technology Conference,"2007
"
Ping Zhang,4451,828,zhang jingmei;shao chunju;ying wang,Optimal power allocation for multiple-input-multiple-output relaying system,,Multiple Input Multiple Output;Power Allocation;,Vehicular Technology Conference,"2004
"
Ping Zhang,4452,828,xu kai;xiaofeng tao;ying wang,Inter-Cell Packet Scheduling In OFDMA Wireless Network,,Packet Scheduling;Wireless Network;,Vehicular Technology Conference,"2007
"
Ping Zhang,4453,828,guixia kang;yang yu;yue ouyang,Pilot Tone Design for Inter-Cell Interference Mitigation in OFDM Systems,,Inter Cell Interference;,Vehicular Technology Conference,"2007
"
Ping Zhang,4454,828,vanbien le;yuewei lin;xiaomeng wang;zhiyong feng,A Cell Based Dynamic Spectrum Management Scheme with Interference Mitigation for Cognitive Networks,,Interference Mitigation;Dynamic Spectrum Management;,Vehicular Technology Conference,"2008
"
Ping Zhang,4455,828,li lihua;zhou mingyu;haifeng wang;xu yongtai,LDPC Coded AMC Based on Decoding Iteration Times for OFDM Systems,,ldpc code;,Vehicular Technology Conference,"2008
"
Ping Zhang,4456,828,li lihua;zhou mingyu;zhang xiaoxia;haifeng wang,"Adaptive Bit, Power Allocation and SubCarrier Coupling for AF-OFDM Relaying Systems",,Power Allocation;,Vehicular Technology Conference,"2008
"
Ping Zhang,4457,828,li lihua;guo zhiheng,Link adaptation based MIMO systems with easy V-BLAST detection,,Link Adaptation;mimo system;,Vehicular Technology Conference,"2004
"
Ping Zhang,4458,828,guangyi liu;jianchi zhu;feng jiang;bei zhou;ying wang,Initial Performance Evaluation on TD-SCDMA Long Term Evolution System,,Performance Evaluation;Long Term Evolution;,Vehicular Technology Conference,"2006
"
Ping Zhang,4459,828,li lihua;xiaoling li;yonghua song;wen-bing yao,Joint Spatial Coding and Spatial Multiplexing: Optimal and Suboptimal Criteria,,Spatial Multiplexing;,Vehicular Technology Conference,"2007
"
Ping Zhang,4460,828,xiaofan li;jianhua zhang;yi liu,Resource Allocation in Successive Relaying for Half-Duplex Relay-Based OFDMA Systems,,Resource Allocation;,Vehicular Technology Conference,"2010
"
Ping Zhang,4461,828,shan lu;guixia kang;qiqu zhu,A Orthogonal Superimposed Pilot for Channel Estimation in MIMO-OFDM systems,,Channel Estimation;,Vehicular Technology Conference,"2007
"
Ping Zhang,4462,828,yang lu;jianhua zhang;xinying gao;yufei wu,Outdoor-Indoor Propagation Characteristics of Peer-to-Peer System at 5.25 GHz,,Peer To Peer System;,Vehicular Technology Conference,"2007
"
Ping Zhang,4463,828,ning yang;hui tian,A Service-Differentiated Access Algorithm for Future Cooperative Networks,,Service Differentiation;,Vehicular Technology Conference,"2007
"
Ping Zhang,4464,828,xu ning;zou ting;ying wang,A MC-GMR Scheduler for Shared Data Channel in 3GPP LTE System,,,Vehicular Technology Conference,"2006
"
Ping Zhang,4465,828,wang qiang;xiaofeng tao;shu jing,Low Complexity Hardware Implementation of V-BLAST Receiver,,Hardware Implementation;Low Complexity;,Vehicular Technology Conference,"2008
"
Ping Zhang,4466,828,fang shu;li lihua;xiaofeng tao,A Spatial Multiplexing MIMO Scheme with Beamforming for Downlink Transmission,,Spatial Multiplexing;,Vehicular Technology Conference,"2007
"
Ping Zhang,4467,828,chao shu;nan ma;tong wu;ying wang,QoS Differentiation Adaptive Retransmission Limits ARQ for IEEE 802.16e BWA System,,,Vehicular Technology Conference,"2007
"
Ping Zhang,4468,828,jingqun song;jiantao xue;zhiyong feng;zemin liu,Optimal Cooperative Spectrum Sensing Strategies in Cognitive Radio Networks,,Cognitive Radio Network;Spectrum Sensing;,Vehicular Technology Conference,"2010
"
Ping Zhang,4469,828,lei sun;youjun gao;hui tian;haibo xu,An Adaptive Random Access Protocol for OFDMA System,,Random Access;,Vehicular Technology Conference,"2007
"
Ping Zhang,4470,828,huan su;jianhua zhang,A Comparative Study of Two Receiver Schemes for Interleaved OFDMA Uplink,,,Vehicular Technology Conference,"2006
"
Ping Zhang,4471,828,huan su;jianhua zhang,ZCZ Sequences-based Frequency Synchronization for Interleaved OFDMA Uplink,,,Vehicular Technology Conference,"2006
"
Ping Zhang,4472,828,hui tian;shuang wang;youjun gao;qiaoyun sun,A QoS-Guarantee Resource Allocation Scheme in Multi-User MIMO-OFDM Systems,,qos guarantee;Resource Allocation;Multi User;,Vehicular Technology Conference,"2007
"
Ping Zhang,4473,828,zaili wang;zhiyong feng;jingqun song;yang hu,A Practical Semi Range-Based Localization Algorithm for Cognitive Radio,,Cognitive Radio;Local Algorithm;,Vehicular Technology Conference,"2010
"
Ping Zhang,4474,828,wang yi;zhiheng guo,A Low Complexity Scheme for Adaptive MIMO-OFDM System,,Low Complexity;,Vehicular Technology Conference,"2007
"
Ping Zhang,4475,828,wang yi;bo tan;xiaofeng tao,Effects of Virtual Carriers of Channel Estimation for OFDM Systems with Transmit Diversity,,Channel Estimation;Transmit Diversity;,Vehicular Technology Conference,"2008
"
Ping Zhang,4476,828,ying wang;tong wu;jing huang;chao shu;xinmin yu,Adaptive Radio Resource Allocation with Novel Priority Strategy Considering Resource Fairness in OFDM-Relay System,,Radio Resource Allocation;,Vehicular Technology Conference,"2007
"
Ping Zhang,4477,828,xiaoguang wu;guixia kang;peng cao,Channel Modification Strategy for Capacity of MIMO Channels with Channel Estimation Error,,Channel Estimation;mimo channel;,Vehicular Technology Conference,"2008
"
Ping Zhang,4478,828,ping wu;li lihua,Universal Unitary Space Vector Quantization Codebook Design for Precoding MIMO System under Spatial Correlated Channel,,mimo system;Spatial Correlation;Vector Quantizer;,Vehicular Technology Conference,"2008
"
Ping Zhang,4479,828,chunli wu;xiaodong xu;xiaofeng tao;ying wang,Interference Analysis of OFDMA Based Distributed Network Architecture,,Distributed Networks;,Vehicular Technology Conference,"2006
"
Ping Zhang,4480,828,liu xiantao;guangyi liu;ying wang,Downlink Packet Scheduling for Real-Time Traffic in Multi-User OFDMA System,,Packet Scheduling;Real-time Traffic;Multi User;,Vehicular Technology Conference,"2006
"
Ping Zhang,4481,828,yang xiaohui;he dandan;li lihua;xiaofeng tao,Multi-Antenna Pre-Processing for TD-SCDMA System,,,Vehicular Technology Conference,"2006
"
Ping Zhang,4482,828,ding xu;jianhua zhang;xinying gao;yufei wu,Indoor Office Propagation Measurements and Path Loss Models at 5.25 GHz,,Path Loss;,Vehicular Technology Conference,"2007
"
Ping Zhang,4483,828,jin xu;jing zhang;juan han;xiaofeng tao;li lihua,Multi-User Joint Doppler Spread Estimation in Generalized Distributed Antenna System,,Distributed Antenna System;Multi User;,Vehicular Technology Conference,"2007
"
Ping Zhang,4484,828,ying wang;zhou yun;jun yuan,An Enhanced Media Independent Handover Framework for Heterogeneous Networks,,Heterogeneous Network;Media Independent Handover;,Vehicular Technology Conference,"2008
"
Ping Zhang,4485,828,jianhua zhang;ruoju liu;guangyi liu,Multipath Delay Estimation with Interference Cancellation in MIMO-OFDM System,,Delay Estimation;Interference Cancellation;,Vehicular Technology Conference,"2006
"
Ping Zhang,4486,828,jianhua zhang;guangyi liu,"Greedy Scheduling of MIMO OFDMA: TDMA, FDMA/TDMA, or SDMA/FDMA/TDMA",,,Vehicular Technology Conference,"2006
"
Ping Zhang,4487,828,yuexia zhang;xiaofeng tao;qimei cui,A Novel Multiple Input Multiple Output Transceiver for Ultra-Wideband Technology,,Multiple Input Multiple Output;ultra wideband;,Vehicular Technology Conference,"2007
"
Ping Zhang,4488,828,yu zhang;jianhua zhang;guangyi liu;xinying gao,A Generic Validation Framework for Wideband MIMO Channel Models,,mimo channel;,Vehicular Technology Conference,"2008
"
Ping Zhang,4489,828,yanyan zhang;jianhua zhang;feifei sun;chong feng;minghua xia,A Novel Timing Synchronization Method for Distributed MIMO-OFDM Systems in Multipath Rayleigh Fading Channels,,Rayleigh Fading Channel;Time Synchronization;,Vehicular Technology Conference,"2008
"
Ping Zhang,4490,828,zhiyong feng,Cooperation Techniques and Architecture for Multi-access Radio Resource Management,,Radio Resource Management;,Vehicular Technology Conference,"2006
"
Ping Zhang,4491,828,xiaoxuan zhu;mingyang shi;xiaoguang wu;xiaofeng tao,A Novel Multi-Antenna Based Non-Line-of-Sight Error Mitigating Algorithm,,Non Line of Sight;,Vehicular Technology Conference,"2007
"
Ping Zhang,4492,828,hui wang;ying wang;xiaofeng tao,Data Broadcast Scheduling in Broadcast/UMTS Integrated Systems Using Mathematical Modeling and Computing Techniques,,Computational Techniques;Data Broadcast;Integrable System;Mathematical Model;,IEEE Wireless Communications & Networking Conference,"2008
"
Ping Zhang,4493,828,guona hu;feng jiang;ying wang;xu yongtai,On the Performance of a Multi-User Multi-Antenna System with Transmit Zero-Forcing Beamforming and Feedback Delay,,Multi User;Zero Forcing;,IEEE Wireless Communications & Networking Conference,"2008
"
Ping Zhang,4494,828,vanbien le;zhiyong feng;yi huang;xiaomeng wang,A Dynamic Spectrum Allocation Scheme with Interference Mitigation in Cooperative Networks,,Interference Mitigation;Dynamic Spectrum Allocation;,IEEE Wireless Communications & Networking Conference,"2008
"
Ping Zhang,4495,828,xin nie;jianhua zhang;zemin liu;zhiyong feng,Experimental Investigation of MIMO Relay Transmission Based on Wideband Outdoor Measurements at 2.35 GHz,,,IEEE Wireless Communications & Networking Conference,"2010
"
Ping Zhang,4496,828,qiaoyun sun;hui tian;dong kun;zhou rufeng,Packet Scheduling for Real-Time Traffic for Multiuser Downlink MIMO-OFDMA Systems,,Packet Scheduling;Real-time Traffic;,IEEE Wireless Communications & Networking Conference,"2008
"
Ping Zhang,4497,828,qiaoyun sun;hui tian;dong kun;wang shengdong,A Novel Resource Allocation Algorithm for Multiuser Downlink MIMO-OFDMA,,Resource Allocation;,IEEE Wireless Communications & Networking Conference,"2008
"
Ping Zhang,4498,828,fang shu;li lihua;cui qimei,NonUnitary Codebook BasedPrecoding Scheme for Multi-User MIMO with Limited Feedback,,Multi User;,IEEE Wireless Communications & Networking Conference,"2008
"
Ping Zhang,4499,828,hui tian;haibo xu;youjun gao;wang shengdong,QoS-Oriented Cross-Layer Resource Allocation with Finite Queue in OFDMA Systems,,Cross Layer;Resource Allocation;,IEEE Wireless Communications & Networking Conference,"2008
"
Ping Zhang,4500,828,haibo xu;hui tian;yuan feng;youjun gao,An Efficient Resource Management Scheme with Guaranteed QoS of Heterogeneous Services in MIMO-OFDM System,,Resource Manager;,IEEE Wireless Communications & Networking Conference,"2008
"
Ping Zhang,4501,828,ying wang;jun yuan;zhou yun;li gen,Vertical Handover Decision in an Enhanced Media Independent Handover Framework,"Abstract—Vertical handover decision making is one of key problems in heterogeneous network environment. In IEEE 802.21 standard, a Media Independent Handover (MIH) framework is presented to facilitate handover with measurements and triggers from link layers. However, vertical handover decision making can benefit from the information more than link layers. In this paper, an Enhanced Media Independent Handover (EMIH) framework is",a priori knowledge;Context Information;Decision Making;Heterogeneous Network;Indexing Terms;Rank Aggregation;Vertical Handover;Link Layer;Markov Chain;Media Independent Handover;,IEEE Wireless Communications & Networking Conference,"2008
"
Ping Zhang,4502,828,yinghong zhao;xiaodong xu;hao zhijie;xiaofeng tao,Resource Allocation in Multiuser OFDM System Based on Ant Colony Optimization,,Ant Colony Optimization;Resource Allocation;,IEEE Wireless Communications & Networking Conference,"2010
"
Ping Zhang,4503,828,zhang jingmei;ying wang,STC-Based Cooperative Relaying System with Adaptive Power Allocation,,Power Allocation;,Wired/Wireless Internet Communications,"2005
"
Ping Zhang,4504,828,haibo xu;hui tian,A novel terminal-controlled handover scheme in heterogeneous wireless networks,,Heterogeneous Wireless Networks;,Computers & Electrical Engineering,"2010
"
Ping Zhang,4505,828,zhiyong feng;litao liang;li tan,Q-learning based heterogenous network self-optimization for reconfigurable network with CPC assistance,,Heterogeneous Network;,Science in China Series F: Information Sciences,"2009
"
Ping Zhang,4506,828,fan jiang;hui tian,An adaptive random access strategy for multichannel relaying networks,,Random Access;Relay Network;,Science in China Series F: Information Sciences,"2009
"
Ping Zhang,4507,828,minghou you;xiaofeng tao;qimei cui,EXIT analysis of M-algorithm based MIMO detectors and LDPC code design optimization,,Design Optimization;ldpc code;,Science in China Series F: Information Sciences,"2009
"
Ping Zhang,4508,828,hui zhang;xiaodong xu;jingya li;xiaofeng tao;tommy svensson;carmen botella,Multicell power allocation method based on game theory for inter-cell interference coordination,,Game Theory;Power Allocation;Inter Cell Interference;,Science in China Series F: Information Sciences,"2009
"
Ping Zhang,4509,828,wang yi;li lihua;ze min liu;ping wu,Blind Maximum Doppler Frequency Estimation for OFDM Based Communication Systems,,Communication System;Frequency Estimation;,Ieice Transactions,"2009
"
Ping Zhang,4510,828,ping wu;li lihua,Unitary Space Vector Quantization Codebook Design for Precoding MIMO System,,mimo system;Vector Quantizer;,Ieice Transactions,"2008
"
Ping Zhang,4511,828,yu zhang;jianhua zhang;guangyi liu,Impact of Randomized Cross-Polarization Discrimination on Channel Correlation Property of the 3GPP Spatial Channel Model,,Cross Polarization;Spatial Channel Model;,Ieice Transactions,"2009
"
Ping Zhang,4512,828,fan jiang;hui tian;haibo xu;jietao zhang,An Adaptive Cooperative Relay Selection Algorithm for Fixed Relay Based Cellular Networks,"Cooperative relaying is accepted as a promising solution to achieve high data rates over large areas in the future 4G wireless system. In this paper, an adaptive cooperative relay selection algorithm (ACRSA) is presented for fixed relay based cellular networks. According to current user density in a certain cell, when two-hop transmission is adopted, ACRSA adapts selectively between two different",Cellular Network;Cooperative Communication;Cooperative Diversity;Indexing Terms;System Performance;Wireless Systems;Base Station;High Data Rate;Mobile Terminal;,Journal of Communications,"2009
"
Ping Zhang,4513,828,li lihua;zhou mingyu;xiaofeng tao,Adaptive frame structure in B3G-TDD uplink,,,Wireless Communications and Mobile Computing,"2007
"
Ping Zhang,4514,828,xiaodong xu;chunli wu;xiaofeng tao;ying wang,Maximum utility principle access control for beyond 3G mobile system,,Mobile Systems;Access Control;,Wireless Communications and Mobile Computing,"2007
"
Ping Zhang,4515,829,gary chartrand;teresa w. haynes;michael a. henning,Detour Domination in Graphs,,,Ars Combinatoria,"2004
"
Ping Zhang,4516,829,gary chartrand;frank harary,On the Hall Number of a Graph,,,Ars Combinatoria,"2000
"
Ping Zhang,4517,829,gary chartrand;garry l. johns,On the Detour Number and Geodetic Number of a Graph,,,Ars Combinatoria,"2004
"
Ping Zhang,4518,829,gary chartrand;varaporn saenpholphat,Resolving Edge Colorings in Graphs,,Edge Coloring;,Ars Combinatoria,"2005
"
Ping Zhang,4519,829,gary chartrand,Nonplanar Sequences of Iterated r-Jump Graphs,,,Ars Combinatoria,"2003
"
Ping Zhang,4520,829,raluca muntean,k-Geodomination in graphs,,,Ars Combinatoria,"2002
"
Ping Zhang,4521,829,varaporn saenpholphat,Connected Resolving Sets in Graphs,,,Ars Combinatoria,"2003
"
Ping Zhang,4522,829,varaporn saenpholphat,Resolving Acyclic Partitions of Graphs,,,Ars Combinatoria,"2004
"
Ping Zhang,4523,829,varaporn saenpholphat,Resolving Acyclic Partitions of Graphs,,,Ars Combinatoria,"2004
"
Ping Zhang,4524,829,,Radio Labelings of Cycles,,,Ars Combinatoria,"2002
"
Ping Zhang,4525,829,gary chartrand;john frederick fink,Convexity in oriented graphs,,,Discrete Applied Mathematics,"2002
"
Ping Zhang,4526,829,gary chartrand;ladislav nebesky,Hamiltonian colorings of graphs,,,Discrete Applied Mathematics,"2005
"
Ping Zhang,4527,829,robert c. brigham;gary chartrand;ronald d. dutton,On the dimension of trees,,,Discrete Mathematics,"2005
"
Ping Zhang,4528,829,gary chartrand;david erwin;michael a. henning;peter j. slater,Graphs of order n with locating-chromatic number n-1,,Chromatic Number;,Discrete Mathematics,"2003
"
Ping Zhang,4529,829,gary chartrand;david erwin;garry l. johns,Boundary vertices in graphs,,,Discrete Mathematics,"2003
"
Ping Zhang,4530,829,gary chartrand;teresa w. haynes;michael a. henning,Stratification and domination in graphs,,Stratification;,Discrete Mathematics,"2003
"
Ping Zhang,4531,829,gary chartrand;sin-min lee,Uniformly cordial graphs,,,Discrete Mathematics,"2006
"
Ping Zhang,4532,829,gary chartrand;ladislav nebesky,Greedy F-colorings of graphs,,,Discrete Mathematics,"2003
"
Ping Zhang,4533,829,gary chartrand;ladislav nebesky,Hamiltonian colorings of graphs,,,Discrete Applied Mathematics,"2005
"
Ping Zhang,4534,829,gary chartrand;donald w. vanderjagt,On the planarity of iterated jump graphs,,,Discrete Mathematics,"2001
"
Ping Zhang,4535,829,gary chartrand,The Steiner number of a graph,,,Discrete Mathematics,"2002
"
Ping Zhang,4536,829,henry escuadro,Extremal problems on detectable colorings of trees,,Extremal Problem;,Discrete Mathematics,"2008
"
Ping Zhang,4537,829,teresa w. haynes;michael a. henning,A dedication to Professor Gary Chartrand,,,Discrete Mathematics,"2009
"
Ping Zhang,4538,829,teresa w. haynes;michael a. henning,A survey of stratified domination in graphs,,,Discrete Mathematics,"2009
"
Ping Zhang,4539,829,héctor hevia;donald w. vanderjagt,On the planarity of jump graphs,,,Discrete Mathematics,"2000
"
Ping Zhang,4540,829,,The characteristic polynomials of subarrangements of Coxeter arrangements,,Characteristic Polynomial;,Discrete Mathematics,"1997
"
Ping Zhang,4541,829,gary chartrand,The Geodetic Number of an Oriented Graph,,,European Journal of Combinatorics,"2000
"
Ping Zhang,4542,829,gary chartrand;david erwin;michael raines,The Decomposition Dimension of Graphs,,,Graphs and Combinatorics,"2001
"
Ping Zhang,4543,829,gary chartrand;futaba okamoto,The Sigma Chromatic Number of a Graph,,Chromatic Number;,Graphs and Combinatorics,"2010
"
Ping Zhang,4544,829,gary chartrand;curtiss e. wall,The Convexity Number of a Graph,,,Graphs and Combinatorics,"2002
"
Ping Zhang,4545,829,kewen zhao;yue lin,A sufficient condition for pancyclic graphs,,,Information Processing Letters,"2009
"
Ping Zhang,4546,829,gary chartrand;frank harary,On the geodetic number of a graph,,,Networks,"2002
"
Ping Zhang,4547,829,gary chartrand;garry l. johns;kathleen a. mckeon,The rainbow connectivity of a graph,,,Networks,"2009
"
Ping Zhang,4548,830,ching y. suen;tien d. bui,Multi-Modal Nonlinear Feature Reduction for the Recognition of Handwritten Numerals,,Feature Reduction;,Canadian Conference on Computer and Robot Vision,"2004
"
Ping Zhang,4549,830,tien d. bui;ching y. suen,Hybrid Feature Extraction and Feature Selection for Improving Recognition Accuracy of Handwritten Numerals,,Feature Extraction;Feature Selection;,International Conference on Document Analysis and Recognition,"2005
"
Ping Zhang,4550,830,tien d. bui;ching y. suen,Recognition of Similar Objects Using 2-D Wavelet-Fractal Feature Extraction,,Feature Extraction;,International Conference on Pattern Recognition,"2002
"
Ping Zhang,4551,830,tien d. bui;ching y. suen,Feature dimensionality reduction for the verification of handwritten numerals,,Dimensional Reduction;,Pattern Analysis and Applications,"2004
"
Ping Zhang,4552,830,lihua yang;ching y. suen;tien d. bui,Discrimination of similar handwritten numerals based on invariant curvature features,,,Pattern Recognition,"2005
"
Ping Zhang,4553,830,tien d. bui;ching y. suen,A novel cascade ensemble classifier system with a high recognition performance on handwritten digits,,Classifier System;,Pattern Recognition,"2007
"
