author,pid,label,coauthor,title,abstract,keywords,venue,year
Rui Wang,4750,882,david b. lomet;roger s. barga;mohamed f. mokbel;german shegalov;yunyue zhu,Transaction Time Support Inside a Database Engine,"Transaction time databases retain and provide access to prior states of a database. An update ""inserts"" a new record while preserving the old version. Immortal DB builds transaction time database support into a database engine, not in middleware. It supports as of queries re- turning records current at the specified time. It also sup- ports snapshot isolation concurrency control. Versions",Concurrency Control;High Performance;Middleware;New Record;Snapshot Isolation;,International Conference on Data Engineering,"2006
"
Rui Wang,4751,882,betty salzberg;david b. lomet,Transaction Support for Log-Based Middleware Server Recovery,We have developed log-based recovery for middle- ware servers that access back-end transaction systems (DBMSs). Transactional consistency is provided between in-memory state stored in middleware servers and persistent state stored in transaction systems. A new logging method called results logging is exploited to ensure coordinated recovery of in-memory state with persistent database state. Results logging incurs low logging overhead for,Middleware;,International Conference on Data Engineering,"2009
"
Rui Wang,4752,882,betty salzberg;david b. lomet,Log-based recovery for middleware servers,"We have developed new methods for log-based recovery for middleware servers which involve thread pooling, private in- memory states for clients, shared in-memory state and mes- sage interactions among middleware servers. Due to the observed rareness of crashes, relatively small size of shared state and infrequency of shared state read/write accesses, we are able to reduce the overhead of message",Distributed System;Fault Tolerant;High Availability;Message Logging;Middleware;program verication;,International Conference on Management of Data,"2007
"
Rui Wang,4753,882,david b. lomet;roger s. barga;mohamed f. mokbel;german shegalov;yunyue zhu,Immortal DB: transaction time support for SQL server,"Immortal DB builds transaction time database support into the SQL Server engine, not in middleware. Transaction time databases retain and provide access to prior states of a database. An update ""inserts"" a new record while preserving the old version. The system supports as of queries returning records current at the specified time. It also supports snapshot isolation concurrency control. Versions",Concurrency Control;Indexation;Middleware;Moving Object;New Record;Snapshot Isolation;,International Conference on Management of Data,"2005
"
Rui Wang,4754,882,xiaowei sun;betty salzberg;chendong zou,Online B-tree merging,"Many scenarios involve merging of two B-tree indexes, both covering the same key range. Increasing demand for continuous availability and high performance requires that such merging be done online, with minimal interference to normal user transactions. In this paper we present an online B-tree merging method, in which the merging of leaf pages in two B-trees are piggybacked lazily with",Concurrency Control;High Performance;Indexation;Conventional Logging;,International Conference on Management of Data,"2005
"
Rui Wang,4755,883,david p. luebke,Efficient Reconstruction of Indoor Scenes with Color,"In this paper we present an efcient and general ap- proach to computing and integrating 3D distance elds di- rectly from multiple range images. We compute normal and condence values directly from a 2D range image. We then approximate 3D Euclidean distance by correcting the line- of-sight distance. To integrate multiple scans, we efciently transform voxels of the target distance",Coordinate System;Euclidean Distance;Marching Cube;Range Image;Line of Sight;,International Conference on 3-D Imaging and Modeling,"2003
"
Rui Wang,4756,883,jiajun zhu;greg humphreys;david koller;skip steuart,Fast Omnidirectional 3D Scene Acquisition with an Array of Stereo Cameras,"We present an omnidirectional 3D acquisition system based on a mobile array of high-resolution consumer digital SLR cameras that automatically capture high dynamic range stereo pairs across a full 360-degree panorama. The stereo pairs are augmented with a time-varying lighting pattern created using standard photographic flashes, lenses, and patterned slides. Spacetime stereo techniques are used to generate 3D range images",3d laser scanner;3d model;High Dynamic Range;High Resolution;Range Image;Time Varying;,International Conference on 3-D Imaging and Modeling,"2007
"
Rui Wang,4757,883,oskar akerlund;mattias unger,Precomputed Visibility Cuts for Interactive Relighting with Dynamic BRDFs,"This paper presents a novel PRT-based method that uses precomputed visibility cuts for interactive relighting with all-frequency environment maps and arbitrary dy- namic BRDFs. Our method is inspired by the recent Light- cuts approach (25) and we parameterize distant environ- ment lighting onto uniformly distributed sample points over the sphere. Using a binary tree structure of the points, we precompute",Binary Tree;Environment Maps;Real Time;,Pacific Conference on Computer Graphics and Applications,"2007
"
Rui Wang,4758,883,nolan goodnight;cliff woolley;greg humphreys,Interactive Time-Dependent Tone Mapping Using Programmable Graphics Hardware,"Modern graphics architectures have replaced stages of the graphics pipeline with fully programmable modules. Therefore, it is now possible to perform fairly general computation on each vertex or fragment in a scene. In addition, the nature of the graphics pipeline makes substantial computational power available if the programs have a suitable structure. In this paper, we show that it is",Dynamic Range;Graphics Hardware;High Dynamic Range;Interactive Application;Programmable Graphics Hardware;Texture Mapping;Tone Mapping;Time Dependent;,Eurographics Symposium on Rendering/Eurographics Workshop on Rendering Techniques,"2003
"
Rui Wang,4759,883,john tran;david p. luebke,All-Frequency Relighting of Non-Diffuse Objects using Separable BRDF Approximation,"This paper presents a technique, based on pre-computed light transport and separable BRDF approximation, for interactive rendering of non-diffuse objects under all-frequency environment illumination. Existing techniques using spherical harmonics to represent environment maps and transport functions are limited to low-frequency light transport effects. Non-linear wavelet lighting approximation is able to capture all-frequency illumination and shadows for geometry relighting, but interactive",Dynamic Environment;Environment Maps;Graphics Hardware;Interactive Rendering;Light Transport;Spherical Harmonic;Low Frequency;,Eurographics Symposium on Rendering/Eurographics Workshop on Rendering Techniques,"2004
"
Rui Wang,4760,883,nolan goodnight;greg humphreys,Computation on Programmable Graphics Hardware,,Programmable Graphics Hardware;,IEEE Computer Graphics and Applications,"2005
"
Rui Wang,4761,883,oskar akerlund,Bidirectional Importance Sampling for Unstructured Direct Illumination,,Importance Sampling;,Computer Graphics Forum,"2009
"
Rui Wang,4762,883,xuan yu;jingyi yu,Interactive Glossy Reflections using GPU-based Ray Tracing with Adaptive LOD,,Ray Tracing;,Computer Graphics Forum,"2008
"
Rui Wang,4763,883,ewen cheslack-postava;oskar akerlund;fabio pellacini,"Fast, realistic lighting and material design using nonlinear cut approximation","We present an efficient computational algorithm for functions represented by a nonlinear piecewise constant approximation called cuts. Our main contribution is a single traversal algorithm for merging cuts that allows for arbitrary pointwise computation, such as addition, multiplication, linear interpolation, and multi-product integration. A theoretical error bound of this approach can be proved using a statistical interpretation of cuts. Our",Error Bound;Linear Interpolation;Materials Design;,ACM Transactions on Graphics,"2008
"
Rui Wang,4764,883,john tran;david p. luebke,All-frequency interactive relighting of translucent objects with single and multiple scattering,"We present a technique, based on precomputed light transport, for interactive rendering of translucent objects under all-frequency environment maps. We consider the complete BSSRDF model proposed by Jensen et al. [2001]. which includes both single and diffuse multiple scattering components. The challenge is how to efficiently precompute all-frequency light transport functions due to subsurface scattering. We apply the two-pass hierarchical",Environment Maps;Haar Wavelet;Interactive Rendering;Interactive System;Light Transport;Multiple Scattering;precomputed radiance transfer;Subsurface Scattering;,ACM Transactions on Graphics,"2005
"
Rui Wang,4765,883,john tran;david p. luebke,All-frequency relighting of glossy objects,"We present a technique for interactive rendering of glossy objects in all-frequency lighting en- vironments that captures shadows and interreections. Our technique is based on precomputed radiance transfer and separable BRDF approximation. In the preprocessing step, we factor glossy BRDFs using separable decomposition and keep only a few low-order approximation terms, con- sisting of purely view-dependent and light-dependent components. At",Global Illumination;Inner Product;Interactive Rendering;precomputed radiance transfer;Programmable Graphics Hardware;Vertex Coloring;Wavelet Transform;,ACM Transactions on Graphics,"2006
"
Rui Wang,4766,883,ewen cheslack-postava;david p. luebke;qianyong chen;wei hua;qunsheng peng;hujun bao,Real-time editing and relighting of homogeneous translucent materials,"Existing techniques for fast, high-quality rendering of translucent materials often fix BSS- RDF parameters at precomputation time. We present a novel method for accurate rendering and relighting of translucent materials that also enables real-time editing and manipulation of homogeneous diffuse BSSRDFs. We first apply PCA analysis on diffuse multiple scattering to derive a compact basis set, consisting of only twelve",Complex Dynamics;Haar Wavelet;Light Transport;Material Properties;Multiple Scattering;precomputed radiance transfer;On The Fly;Real Time;,The Visual Computer,"2008
"
Rui Wang,4767,884,minghao pan;weifeng chen;kun zhou;hujun bao,"Fast, Sub-pixel Antialiased Shadow Maps",,Shadow Mapping;,Computer Graphics Forum,"2009
"
Rui Wang,4768,884,minghao pan;xinguo liu;qunsheng peng;hujun bao,Precomputed Radiance Transfer Field for Rendering Interreflections in Dynamic Scenes,"In this paper, we introduce a new representation - radiance transfer fields (RTF) - for rendering interreflections in dynamic scenes under low frequency illumination. The RTF describes the radiance transferred by an individ- ual object to its surrounding space as a function of the incident radiance. An important property of RTF is its independence of the scene configuration, enabling interreflection",Dynamic Scenes;precomputed radiance transfer;Principal Component Analysis;Low Frequency;,Computer Graphics Forum,"2007
"
Rui Wang,4769,884,zhong ren;john snyder;kun zhou;xinguo liu;bo sun;peter-pike j. sloan;hujun bao;qunsheng peng;baining guo,Real-time soft shadows in dynamic scenes using spherical harmonic exponentiation,"Previous methods for soft shadows numerically integrate over many light directions at each receiver point, testing blocker visibility in each direction. We introduce a method for real-time soft shad- ows in dynamic scenes illuminated by large, low-frequency light sources where such integration is impractical. Our method operates on vectors representing low-frequency visibility of blockers in the spherical harmonic basis. Blocking",Dynamic Scenes;Light Environment;Numerical Integration;Soft Shadow;Spherical Harmonic;volterra series;Low Frequency;Real Time;,ACM Transactions on Graphics,"2006
"
Rui Wang,4770,884,kun zhou;minghao pan;hujun bao,An efficient GPU-based approach for interactive global illumination,,Global Illumination;,ACM Transactions on Graphics,"2009
"
Rui Wang,4771,884,kun zhou;qiming hou;baining guo,Real-time KD-tree construction on graphics hardware,"We present an algorithm for constructing kd-trees on GPUs. This algorithm achieves real-time performance by exploiting the GPU's streaming architecture at all stages of kd-tree construction. Unlike previous parallel kd-tree algorithms, our method builds tree nodes completely in BFS (breadth-first search) order. We also develop a special strategy for large nodes at upper tree levels so as to further exploit",Dynamic Scenes;Graphics Hardware;kd tree;Photon Mapping;Point Cloud;Ray Tracing;Breadth First Search;Real Time;,ACM Transactions on Graphics,"2008
"
Rui Wang,4772,884,wei hua;zilong dong;qunsheng peng;hujun bao,Synthesizing trees by plantons,"In this paper, we present a two-level statistical model for char- acterizing the stochastic and specific nature of trees. At the low level, we define plantons, which are a group of similar organs, to depict tree organ details statistically. At the high level, a set of transitions between plantons is provided to describe the stochastic distribution of organs. Based on",image-based modeling;Maximum Likelihood Estimate;Statistical Model;Markov Model;,The Visual Computer,"2006
"
Rui Wang,4773,884,kun zhou;john snyder;xinguo liu;hujun bao;qunsheng peng;baining guo,Variational sphere set approximation for solid objects,We approximate a solid object represented as a triangle mesh by a bounding set of spheres having min- imal summed volume outside the object. We show how outside volume for a single sphere can be computed us- ing a simple integration over the object's triangles. We then minimize the total outside volume over all spheres in the set using a,Collision Detection;Medial Axis;Triangle Mesh;,The Visual Computer,"2006
"
Rui Wang,4774,884,xin zhang;wei chen;jing fang;qunsheng peng,Perceptually-motivated shape exaggeration,,,The Visual Computer,"2010
"
Rui Wang,4775,885,günter neumann,Recognizing Textual Entailment Using a Subsequence Kernel Method,"We present a novel approach to recognizing Textual Entailment. Structural features are constructed from abstract tree descriptions, which are automatically extracted from syntactic dependency trees. These features are then applied in a subsequence-kernel-based classifier to learn whether an entailment relation holds between two texts. Our method makes use of machine learning techniques using a limited data set, no external knowledge",Inference Rule;Information Extraction;Kernel Method;Knowledge Base;Machine Learning;Question Answering;Recognizing Textual Entailment;,National Conference on Artificial Intelligence,"2007
"
Rui Wang,4776,885,günter neumann,Adapting QA Components to Mine Answers in Speech Transcripts,The paper describes QAst-v1 a robust question an- swering system for answering factoid questions in manual and au- tomatic transcriptions of speech. The system is an adaptation of our text-based crosslingual open-domain QA system that we used for the CLEF main tasks.,question an swering;,Cross-Language Evaluation Forum,"2007
"
Rui Wang,4777,885,günter neumann,Using Recognizing Textual Entailment as a Core Engine for Answer Validation,"This paper is about our approach to answer validat ion, which centered by a Recognizing Textual Entailment (RTE) core engine. We first combined the question and the answer into Hypothesis (H) and view the document as Text ( T); then, we used our RTE system to check whether the entailment relation holds between them. Our system was evaluated on the",English Language;Answer Validation Exercise;Recognizing Textual Entailment;,Cross-Language Evaluation Forum,"2007
"
Rui Wang,4778,885,günter neumann,Information Synthesis for Answer Validation,"This report is about our participation in the Answer Validation Exercise (AVE2008). Our system casts the AVE task into a Recognizing Textual Entailment (RTE) problem and uses an existing RTE system to validate answers. Additional information from named-entity (NE) recognizer, question analysis component, and so on, is also considered as assistances to make the final decision. In all, we have",Named Entity;Answer Validation Exercise;Recognizing Textual Entailment;,Cross-Language Evaluation Forum,"2008
"
Rui Wang,4779,885,günter neumann,Ontology-Based Query Construction for GeoCLEF,"This paper describes our participation in GeoCLEF. Being different from the traditional information retrieval, we focus more on the query expansion instead of document ranking. We parse each topic into the event part and the geographic part and use different ontologies to expand both parts respectively. The results show great advantages of our strategy for this task.",Geographic Information Retrieval;Information Retrieval;Query Expansion;,Cross-Language Evaluation Forum,"2008
"
Rui Wang,4780,885,georgiana dinu,Inference Rules and their Application to Recognizing Textual Entailment,"In this paper, we explore ways of improv- ing an inference rule collection and its ap- plication to the task of recognizing textual entailment. For this purpose, we start with an automatically acquired collection and we propose methods to refine it and ob- tain more rules using a hand-crafted lex- ical resource. Following this, we derive a dependency-based structure representa-",Error Analysis;Inference Rule;Recognizing Textual Entailment;,Conference of the European Chapter of the Association for Computational Linguistics,"2009
"
Rui Wang,4781,885,zhang yi,Recognizing Textual Relatedness with Predicate-Argument Structures,"In this paper, we first compare several strategies to handle the newly proposed three-way Recognizing Textual Entailment (RTE) task. Then we define a new mea- surement for a pair of texts, called Textual Relatedness, which is a weaker concept than semantic similarity or paraphrase. We show that an alignment model based on the predicate-argument structures using this measurement can help",Argument Structure;Semantic Similarity;Recognizing Textual Entailment;,Empirical Methods in Natural Language Processing,"2009
"
Rui Wang,4782,885,zhang yi,Hybrid Constituent and Dependency Parsing with Tsinghua Chinese Treebank,"In this paper, we describe our hybrid parsing model on Mandarin Chinese processing. The model combines the mainstream constitute and dependency parsing and the dataset we use it the Tsinghua Chinese Treebank, whose annotation has both constitutes and head information. We show the adaption of this annotation scheme to the normal constitute structure, dependency structure, and the integration of both.",Computational Linguistic;Dependence Structure;Dependency Parsing;Large Scale;Mandarin Chinese;Model Combination;Model Development;Natural Language Parsing;part-of-speech tagging;Syntactic Parsing;Word Order;Word Segmentation;,Language Resources and Evaluation,"2010
"
Rui Wang,4783,885,danilo avola;andrea del buono;giorgio gianforme;stefano paolozzi,SketchML a representation language for novel sketch recognition approach,"Multimodal interfaces can be profitably used to support in- creasingly complex services in assistive environments. In particular, sketch-based interfaces offer users an effortless and powerful communication way to represent concepts and commands on different devices. Unlike other modalities, sketch-based interaction can be easily fitted according to heterogeneous services. Moreover it can be quickly person- alized according to the user needs.",Modeling Language;multimodal interface;Profitability;Sketch Recognition;User Needs;Multi Domain;,International Conference on Pervasive Technologies Related to Assistive Environments,"2009
"
Rui Wang,4784,886,john yen;xiaocong fan;shuang sun;cong chen;kaivan kamali;michael s. miller;richard a. volz,Formal semantics and communication strategies for proactive information delivery among team-based agents,"Effective human teams often benefit from proactivity through members' capability of anticipating different needs of teammates. In this paper, we focus on three issues related to the behavior of proactive information delivery. Two types of information needs are identified, the intentional semantics of ProInform is given, and priliminary experiments are carried out to study how different strategies for choosing ProInform",Formal Semantics;Information Need;Shared Mental Model;Team Performance;,"Autonomous Agents & Multiagent Systems/Agent Theories, Architectures, and Languages","2003
"
Rui Wang,4785,886,xiaocong fan;john yen;shuang sun;richard a. volz,Context-Centric Proactive Information Delivery,"Delivering only those information relevant to the needs of teammates is critical for avoiding information overload. Need-driven proactive information delivery has thus been widely investigated in diverse areas spanning from psy- chology, AI, to Web-based services. CAST, a team-oriented agent architecture, realized proactive information de- livery as a built-in agent behavior, which is derived by the capability of anticipating others'",Agent Architecture;Information Need;Information Overload;Shared Mental Model;web-based service;,International Agent Technology Conference,"2004
"
Rui Wang,4786,886,tracy mullen;viswanath avasarala;john yen,A Market-Based Adaptation for Resolving Competing Needs for Scarce Resources,"The dynamic nature of many real-world domains (e.g., military, emergency first response and hurricane relief, etc) requires adaptive resource allocation to respond to changes in the environment that trigger additional resource requirements. Since the total resources are limited, there are often conflicts among various tasks regarding their resource needs. Thus, resources must be reallocated in order to maximize global utility",Distributed Team;Resource Allocation;Task Assignment;Agent Based;,IEEE Industry Applications Magazine,"2006
"
Rui Wang,4787,886,xiaocong fan;shuang sun;john yen;richard a. volz,Context-Centric Needs Anticipation Using Information Needs Graphs,"Effective agent teamwork requires information exchange to be conducted in a proactive, selective, and intelligent way. In the field of distributed artificial intelligence, there has been increasing number of research focusing on need-driven proactive communication, both theoretically and practically. Among these works, CAST has realized a team-oriented agent architecture where agents, based on a computational shared mental model, are able",Agent Architecture;Distributed Artificial Intelligence;Information Exchange;Information Need;Shared Mental Model;Team Performance;Agent Based;Multi Agent System;,Applied Intelligence,"2006
"
Rui Wang,4788,886,paul a. kogut;john yen;yui leung;shuang sun;ted mielczarek;ben hellar,Proactive information gathering for homeland security teams,Supporting counterterrorism analysts with software agents that dynamically anticipate their information requirements.,Homeland Security;Information Gathering;Software Agent;,Communications of The ACM,"2004
"
Rui Wang,4789,887,bin chen;xiao cai;qiang cao,Web mapping service on second life compatible virtual world system,,Web Map Service;Second Life;Virtual Worlds;,Geoinformatics,"2010
"
Rui Wang,4790,887,,Combined Cross Layer Design and HARQ for TDD Multiuser Systems with Outdated CSIT,,Cross Layer Design;,Global Telecommunications Conference,"2007
"
Rui Wang,4791,887,vincent k. n. lau,Robust Optimal Cross Layer Designs for TDD-OFDMA Systems with Imperfect CSIT and Unknown Interference - State-Space Approach based on 1bit ACK/NAK Feedbacks,,Robust Optimization;State Space;Cross Layer Design;,Global Telecommunications Conference,"2006
"
Rui Wang,4792,887,vincent k. n. lau;cui ying;kaibin huang;bin chen;xia yang,Decentralized Fair Resource Allocation for Relay-Assisted Cognitive Cellular Downlink Systems,,Resource Allocation;,IEEE International Conference on Communications,"2009
"
Rui Wang,4793,887,vincent k. n. lau;lv linjun;bin chen,Joint cross-layer scheduling and spectrum sensing for OFDMA cognitive radio systems,,Cognitive Radio;Cross Layer;Spectrum Sensing;,IEEE Transactions on Wireless Communications,"2009
"
Rui Wang,4794,887,vincent k. n. lau;kaibin huang,A New Scaling Law on Throughput and Delay Performance of Wireless Mobile Relay Networks over Parallel Fading Channels,"In this paper, utilizing the relay buffers, we propose an opportunistic decode-wait-and-forward relay scheme for a point-to-point communication system with a half-duplexing relay network to better exploit the time diversity and relay mobility. For instance, we analyze the asymptotic throughput-delay tradeoffs in a dense relay network for two scenarios: (1) fixed relays with \textit{microscopic fading} channels (multipath channels), and (2)",Communication System;Decode and Forward;Fading Channel;Multipath Channel;Packet Delay;Path Loss;Relay Network;Scaling Law;and Forward;Point To Point;,Computing Research Repository,"2009
"
Rui Wang,4795,887,ying cui;vincent k. n. lau,"Distributive Subband Allocation, Power and Rate Control for Relay-Assisted OFDMA Cellular System with Imperfect System State Knowledge","In this paper, we consider distributive subband, power and rate allocation for a two-hop transmission in an orthogonal frequency-division multiple-access (OFDMA) cellular system with fixed relays which operate in decode-and-forward strategy. We take into account of system fairness by considering weighted sum goodput as our optimization objective. Based on the cluster-based architecture, we obtain a fast-converging distributive solution with only",Asymptotic Optimality;Cellular System;Computational Complexity;Decode and Forward;Distributed Algorithm;Indexing Terms;Optimization Problem;Rate Allocation;Rate Control;Resource Allocation;Weighted Sums;Orthogonal Frequency Division Multiple Access;,Computing Research Repository,"2009
"
Rui Wang,4796,887,vincent k. n. lau;ying cui,Decentralized Fair Scheduling in Two-Hop Relay-Assisted Cognitive OFDMA Systems,"In this paper, we consider a two-hop relay-assisted cognitive downlink OFDMA system (named as secondary system) dynamically accessing a spectrum licensed to a primary network, thereby improving the efficiency of spectrum usage. A cluster-based relay-assisted architecture is proposed for the secondary system, where relay stations are employed for minimizing the interference to the users in the primary network and achieving",Asymptotic Optimality;Fair Scheduling;Spectrum;System Dynamics;Weighted Sums;Proportional Fair Scheduling;Primary User;Relay Station;,Computing Research Repository,"2010
"
Rui Wang,4797,887,vincent k. n. lau,Robust Optimal Cross-Layer Designs for TDD-OFDMA Systems with Imperfect CSIT and Unknown Interference: State-Space Approach Based on 1bit ACK/NAK Feedbacks,,Robust Optimization;State Space;Cross Layer Design;,IEEE Transactions on Communications,"2008
"
Rui Wang,4798,887,ying cui;vincent k. n. lau,"Distributive Subband Allocation, Power and Rate Control for Relay-Assisted OFDMA Cellular System with Imperfect System State Knowledge","In this paper, we consider distributive subband, power and rate allocation for a two-hop transmission in an orthogonal frequency-division multiple-access (OFDMA) cellular system with fixed relays which operate in decode-and-forward strategy. We take into account of system fairness by considering weighted sum goodput as our optimization objective. Based on the cluster-based architecture, we obtain a fast-converging distributive solution with only",Asymptotic Optimality;Cellular System;Computational Complexity;Decode and Forward;Distributed Algorithm;Indexing Terms;Optimization Problem;Rate Allocation;Rate Control;Resource Allocation;Weighted Sums;Orthogonal Frequency Division Multiple Access;,Computing Research Repository,"2009
"
Rui Wang,4799,887,vincent k. n. lau,Combined cross-layer design and HARQ for multiuser systems with outdated channel state information at transmitter (CSIT) in slow fading channels,"Abstract—Cross-layer scheduling and Hybrid ARQ (HARQ) are effective means to improve the spectral efficiency of wireless systems. However, most of the existing works handle HARQ and,cross-layer scheduling in a decoupled manner,based on heuristic approaches. In this paper, we propose an integrated design framework,for cross-layer scheduling and HARQ design in multiuser systems with slow fading channel and,outdated knowledge,of channel state information",Asymptotic Optimality;Cross Layer;Fading Channel;hybrid arq;Integrated Design;Power Allocation;Rate Allocation;Spectral Efficiency;System Performance;Wireless Systems;Base Station;Cross Layer Design;Channel State Information at Transmitter;Incremental Redundancy;Information Theoretic;,IEEE Transactions on Wireless Communications,"2008
"
Rui Wang,4800,887,vincent k. n. lau,Cross Layer Design of Downlink Multi-Antenna OFDMA Systems with Imperfect CSIT for Slow Fading Channels,,Fading Channel;Cross Layer Design;,IEEE Transactions on Wireless Communications,"2007
"
Rui Wang,4801,887,vincent k. n. lau,Closed-loop cross-layer SDMA designs with outdated CSIT,,Cross Layer;,IEEE Transactions on Wireless Communications,"2009
"
Rui Wang,4802,887,vincent k. n. lau;lv linjun;bin chen,Joint cross-layer scheduling and spectrum sensing for OFDMA cognitive radio systems,,Cognitive Radio;Cross Layer;Spectrum Sensing;,IEEE Transactions on Wireless Communications,"2009
"
Rui Wang,4803,888,xiangyu wang;rui chen,A Cognitive Study on the Effectiveness of an Augmented Virtuality-Based Collaborative Design Space,,Collaborative Design;Augmented Virtuality;,"Cooperative Design, Visualization, and Engineering","2008
"
Rui Wang,4804,888,xiangyu wang,"Mixed Reality-Mediated Collaborative Design System: Concept, Prototype, and Experimentation",,Collaborative Design;Mixed Reality;,"Cooperative Design, Visualization, and Engineering","2008
"
Rui Wang,4805,888,xiangyu wang,Experimental Investigation of Co-Presence Factors in a Mixed Reality-Mediated Collaborative Design System,,Collaborative Design;Mixed Reality;,"Cooperative Design, Visualization, and Engineering","2009
"
Rui Wang,4806,888,wei wang;xiangyu wang,A Spatial Faithful Cooperative System Based on Mixed Presence Groupware Model,,Cooperative Systems;Mixed Presence Groupware;,"Cooperative Design, Visualization, and Engineering","2009
"
Rui Wang,4807,888,xiangyu wang;wei wang,Motivated learning agent model for distributed collaborative systems,,Agent Modeling;Distributed Collaboration;,Expert Systems With Applications,"2009
"
Rui Wang,4808,888,xiangyu wang,User-Centered Design and Visualization of Service Oriented Recommender Agents: An Approach to Achieve Better Consumers' Involvement in E-Commerce Systems,,E Commerce;Service Orientation;User Centered Design;,IEEE International Conference on e-Business Engineering,"2009
"
Rui Wang,4809,888,xiangyu wang;wei wang,Motivated learning agent model for distributed collaborative systems,,Agent Modeling;Distributed Collaboration;,Expert Systems With Applications,"2009
"
Rui Wang,4810,889,francis c. m. lau,Optimal Gossiping in Square Meshes in All-Port Mode and with Short Packets,,,Colloquium on Structural Information & Communication Complexity,"2005
"
Rui Wang,4811,889,francis c. m. lau;yan yan liu,NP-Completeness Results for All-Shortest-Path Interval Routing,,Interval Routing;Shortest Path;,Colloquium on Structural Information & Communication Complexity,"2004
"
Rui Wang,4812,889,francis c. m. lau;yingchao zhao,Hamiltonicity of regular graphs and blocks of consecutive ones in symmetric matrices,"Abstract We show that the Hamiltonicity of a regular graph G can be fully characterized by the numbers,of blocks of consecutive ones in the binary matrix A + I, where A is the adjacency matrix of G, I is the unit matrix, and the blocks can be either linear or circular. Concretely, a k-regular graph G with girth g(G) 5",Adjacency Matrix;Hamiltonian Path;Regular Graph;Symmetric Matrices;Theory of Computing;,Discrete Applied Mathematics,"2007
"
Rui Wang,4813,889,francis c. m. lau,Optimal gossiping in square 2D meshes,"Gossiping is the communication problem in which each node has a unique message to be transmitted to every other node. The nodes exchange their message by packets. A solution to the problem is judged by how many rounds of packet sending it requires. In this paper, we consider the version of the problem in which small-size packets each carrying exactly",Fast Algorithm;Information Dissemination;Network Algorithm;Optimal Algorithm;Parallel and Distributed System;,Theoretical Computer Science,"2007
"
Rui Wang,4814,889,francis c. m. lau;yan yan liu,On the hardness of minimizing space for all-shortest-path interval routing schemes,,Interval Routing Scheme;Shortest Path;,Theoretical Computer Science,"2007
"
Rui Wang,4815,890,yue-xiang yang;yang liu;shang-zhen li;xiao-yong zhou,Solving P2P Traffic Identification Problems Via Optimized Support Vector Machines,,P2P;Support Vector Machine;,ACS/IEEE International Conference on Computer Systems and Applications,"2007
"
Rui Wang,4816,890,yong fuga li;xiaofeng wang;haixu tang;xiao-yong zhou,Learning your identity and disease from research papers: information leaks in genome wide association study,"Genome-wide association studies (GWAS) aim at discovering the association between genetic variations, particularly single-nucleotide polymorphism (SNP), and common diseases, which is well recog- nized to be one of the most important and active areas in biomedical research. Also renowned is the privacy implication of such stud- ies, which has been brought into the limelight by the recent attack proposed by",Allele Frequency;Genetic Variation;Human Genome;Integer Program;Research Paper;Single Nucleotide Polymorphism;Genome Wide Association Study;Markov Model;,Computer and Communications Security,"2009
"
Rui Wang,4817,890,xiaofeng wang;zhou li;haixu tang;michael k. reiter;zheng dong,Privacy-preserving genomic computation through program specialization,"In this paper, we present a new approach to performing impor- tant classes of genomic computations (e.g., search for homologous genes) that makes a significant step towards privacy protection in this domain. Our approach leverages a key property of the human genome, namely that the vast majority of it is shared across humans (and hence public), and consequently relatively little",Computer Program;Dynamic Program;Dynamic Programming Algorithm;Genetics;Human Genome;Multi Party Computation;Privacy Preservation;Privacy Protection;Program Specialization;Program Transformation;Symbolic Execution;,Computer and Communications Security,"2009
"
Rui Wang,4818,890,xiaofeng wang;kehuan zhang;zhuowei li,Towards automatic reverse engineering of software security configurations,"The specifications of an application's security configuration are crucial for understanding its security policies, which can be very helpful in security-related contexts such as misconfiguration de- tection. Such specifications, however, are often ill-documented, or even close because of the increasing use of graphic user inter- faces to set program options. In this paper, we propose ConfigRE, a new technique for",Access Control Policy;Context Free Language;It Security;Reverse Engineering;Security Policy;Semantic Relations;Software Security;Specification Language;Access Control;Graphical User Inter Face;,Computer and Communications Security,"2008
"
Rui Wang,4819,890,yue-xiang yang;li-zhi cheng;yong luo,Bandelet Union Optimal Matrix Norms Constructing Lossless Watermarking,,,Computer Information Systems and Industrial Management Applications,"2007
"
Rui Wang,4820,890,shuo chen;xiaofeng wang;kehuan zhang,"Side-Channel Leaks in Web Applications: A Reality Today, a Challenge Tomorrow",,,IEEE Symposium on Security and Privacy,"2010
"
Rui Wang,4821,890,xiaofeng wang;zhuowei li,Panalyst: Privacy-Aware Remote Error Analysis on Commodity Software,Remote error analysis aims at timely detection and rem- edy of software vulnerabilities through analyzing run- time errors that occur on the client. This objective can only be achieved by offering users effective protection of their private information and minimizing the perfor- mance impact of the analysis on their systems without undermining the amount of information the server can access,Error Analysis;Perforation;Private Information;Symbolic Execution;,USENIX Security Symposium,"2008
"
Rui Wang,4822,891,zhen lei;meng ao;stan z. li,Bayesian Face Recognition Based on Markov Random Field Modeling,,Face Recognition;Markov Random Field;,International Conference on Biometrics,"2009
"
Rui Wang,4823,891,jimei yang;dong yi;stan z. li,An Analysis-by-Synthesis Method for Heterogeneous Face Biometrics,,Analysis By Synthesis;,International Conference on Biometrics,"2009
"
Rui Wang,4824,891,dong yi;rong liu;rufeng chu;dong liu;stan z. li,Outdoor Face Recognition Using Enhanced Near Infrared Imaging,"In this paper, we present a robust and accurate system for outdoor (as well as indoor) face recognition, based on a recently de- veloped enhanced near-infrared (ENIR) imaging device. Using a narrow band NIR laser generator instead of LED lights for active frontal illumi- nation, the ENIR device can provide face images of good quality even under sunlight. Experiments show",Face Recognition;Near Infrared;Near Infrared Imaging;Statistical Learning;System Performance;,International Conference on Biometrics,"2007
"
Rui Wang,4825,891,zhijian zhang;ke pan;stan z. li;peiren zhang,Fusion of Near Infrared Face and Iris Biometrics,,Near Infrared;,International Conference on Biometrics,"2007
"
Rui Wang,4826,892,he wang;chen fan;xin zhang;dacheng yang,Research on Modified Structure of Turbo-Blast System,,,"IEEE International Symposium on Personal, Indoor and Mobile Radio Communications","2006
"
Rui Wang,4827,892,xin zhang;ran duan;chen fan;dacheng yang,On the Performance of Three Kinds of Channel Code Used in Turbo-BLAST,,Channel Coding;,Vehicular Technology Conference,"2006
"
