author,pid,label,coauthor,title,abstract,keywords,venue,year
Tao Xie,5225,1001,leroy e. hood,ACGT - A Comparative Genomics Tool,"Summary: ACGT (a comparative genomics tool) is a genomic DNA sequence comparison viewer and analyzer. It can read a pair of DNA sequences in GenBank, Embl or Fasta formats, with or without a comparison file, and provide users with many options to view and analyze the similarities between the input sequences. It is written in Java and can be run",Comparative Genomics;Dna Sequence;Genomic Dna;Sequence Comparison;,Bioinformatics/computer Applications in The Biosciences,"2003
"
Tao Xie,5226,1002,chaofeng sha;xiaoling wang;aoying zhou,Approximate Top-k Structural Similarity Search over XML Documents,,Structural Similarity;Xml Document;,Asia-Pacific Web Conference,"2006
"
Tao Xie,5227,1003,xiao qin,SAHA: A Scheduling Algorithm for Security-Sensitive Jobs on Data Grids,"Security-sensitive applications that access and generate large data sets are emerging in various areas such as bioinformatics and high energy physics. Data grids provide data-intensive applications with a large virtual storage framework with unlimited power. However, conventional scheduling algorithms for data grids are inadequate to meet the security needs of data- intensive applications. To remedy this deficiency, we address in",Data Grid;Data Intensive Application;High Energy Physics;Large Data Sets;Scheduling Algorithm;,Cluster Computing and the Grid,"2006
"
Tao Xie,5228,1003,xiao qin,A New Allocation Scheme for Parallel Applications with Deadline and Security Constraints on Clusters,"Parallel applications with deadline and security constraints are emerging in various areas like education, information technology, and business. However, conventional job schedulers for clusters generally do not take security requirements of real- time parallel applications into account when making allocation decisions. In this paper, we address the issue of allocating tasks of parallel applications on clusters subject to timing and",Information Technology;Job Scheduling;Mathematical Model;Parallel Applications;Security Requirements;Task Allocation;Real Time;,Cluster Computing,"2005
"
Tao Xie,5229,1003,xiao qin,Stochastic Scheduling with Availability Constraints in Heterogeneous Clusters,"High availability plays an important role in heterogeneous clusters, where processors operate at different speeds and are not continuously available for processing. Existing scheduling algorithms designed for heterogeneous clusters do not factor in availability. We address in this paper the stochastic scheduling problem for heterogeneous clusters with availability constraints. Each node in a heterogeneous cluster is modeled by its speed",Heterogeneous Cluster;High Availability;Scheduling Algorithm;Stochastic Scheduling;,Cluster Computing,"2006
"
Tao Xie,5230,1003,andrew sung;xiao qin,Integrating Security Requirements into Scheduling for Real-Time Applications in Grid Computing,,Grid Computing;Real Time Application;Security Requirements;,International Conference on Grid Computing and Applications,"2005
"
Tao Xie,5231,1003,xiao qin,A Security-Oriented Task Scheduler for Heterogeneous Distributed Systems,"High quality of security is increasingly critical for applications running on heterogeneous distributed systems, where processors operate at different speeds and communication channels have different bandwidths. Although there are a few scheduling algorithms in the literature for heterogeneous distributed systems, they generally do not take into account of security requirements of applications. In this paper, we propose a novel heuristic",Communication Channels;Distributed System;Free Probability;Heterogeneous Distributed System;Scheduling Algorithm;Security Requirements;Task Scheduling;,High Performance Computing,"2006
"
Tao Xie,5232,1003,yao sun,No More Energy-Performance Trade-Off: A New Data Placement Strategy for RAID-Structured Storage Systems,"Many real-world applications like Video-On-Demand (VOD) and Web servers require prompt responses to access requests. However, with an explosive increase of data volume and the emerging of faster disks with higher power requirements, energy consumption of disk based storage systems has become a salient issue. To achieve energy-conservation and prompt responses simultaneously, in this paper we propose a novel energy-saving",Data Placement;Energy Conservation;Energy Consumption;Energy Performance;Energy Saving;Real World Application;Storage System;Quick Response;Video On Demand;,High Performance Computing,"2007
"
Tao Xie,5233,1003,yao sun,A Novel Disk Layout Optimization for Networked Storage Systems,,Storage System;,International Conference on Computer Communications and Networks,"2007
"
Tao Xie,5234,1003,,SOR: A Static File Assignment Strategy Immune to Workload Characteristic Assumptions in Parallel I/O Systems,"The problem of statically assigning nonpartitioned files in a parallel I/O system has been extensively investigated. A basic workload characteristic assumption of existing solutions to the problem is that there exists a strong inverse correlation between file access frequency and file size. In other words, the most popular files are typically small in size, while the large files are relatively",parallel i/o;Web Proxy;Round Robin;,International Conference on Parallel Processing,"2007
"
Tao Xie,5235,1003,xiao qin;mais nijim,Solving Energy-Latency Dilemma: Task Allocation for Parallel Applications in Heterogeneous Embedded Systems,"Parallel applications with energy and low-latency constraints are emerging in various networked embedded systems like digital signal processing, vehicle tracking, and infrastructure monitoring. However, conventional energy-driven task allocation schemes for a cluster of embedded nodes only concentrate on energy-saving when making allocation decisions. Consequently, the length of the schedules could be very long, which is unfavorable or in some situations",Digital Signal Processing;Embedded System;Energy Consumption;Energy Saving;Low Latency;Parallel Applications;Task Allocation;Vehicle Tracking;,International Conference on Parallel Processing,"2006
"
Tao Xie,5236,1003,xiao qin;andrew sung,SAREC: A Security-Aware Scheduling Strategy for Real-Time Applications on Clusters,"Security requirements of security-critical real-time applications must be met in addition to satisfying timing constraints. However, conventional real-time scheduling algorithms ignore the applications' security requirements. In recognition that an increasing number of applications running on clusters demand both real-time performance and security, we investigate the problem of scheduling a set of independent real-time tasks with various security requirements. We propose",Earliest Deadline First;Real Time Application;Real-time Scheduling;Satisfiability;Scheduling Algorithm;Security Requirements;Simulation Experiment;System Performance;Time Constraint;Real Time;,International Conference on Parallel Processing,"2005
"
Tao Xie,5237,1003,mais nijim;xiao qin;mohammed i. alghamdi,AWARDS: an adaptive write strategy for secure local disk systems,"Since security is of critical importance for modern storage systems, it is imperative to protect stored data from being tampered or disclosed. Although an increas-ing number of secure storage systems have been devel-oped, there is no way to dynamically choose security services to meet disk requests'掳exible security require-ments. Furthermore, existing security techniques for disk systems are not suitable to guarantee",Security Requirements;Storage System;,"International Performance, Computing, and Communications Conference","2006
"
Tao Xie,5238,1003,xiao qin;mais nijim,SHARP: a new real-time scheduling algorithm to improve security of parallel applications on heterogeneous clusters,"This paper addresses the problem of improving quality of security for real-time parallel applica-tions on heterogeneous clusters. We propose a new security-and heterogeneity-driven scheduling algo-rithm (SHARP for short), which strives to maximize the probability that parallel applications are executed in time without any risk of being attacked. Because of high security overhead in existing clusters, an im-portant step in scheduling",Experimental Study;Free Probability;Heterogeneous Cluster;Parallel Applications;Performance Metric;Process Capability;Real-time Scheduling;Scheduling Algorithm;Real Time;,"International Performance, Computing, and Communications Conference","2006
"
Tao Xie,5239,1003,xiao qin;ahalya nathan;vijaya k. tadepalli,Benchmarking the CLI for I/O-Intensive Computing,"Common Language Infrastructure, or CLI, is a stan- dardized virtual machine, which increasingly becomes popular on a wide range of platforms. In this paper we de- veloped three I/O-intensive benchmarks for the CLI us- ing various techniques. The first benchmark is designed in accordance with an application behavioural model that rebuilds the behavior of real world I/O-intensive applica- tions. The",Perforation;trace-driven simulation;Virtual Machine;Common Language Infrastructure;,International Parallel and Distributed Processing Symposium/International Parallel Processing Symposium,"2005
"
Tao Xie,5240,1003,yao sun,Sacrificing Reliability for Energy Saving: Is it worthwhile for disk arrays?,"Mainstream energy conservation schemes for disk arrays inherently affect the reliability of disks. A thorough understanding of the relationship between energy saving techniques and disk reliability is still an open problem, which prevents effective design of new energy saving techniques and application of existing approaches in reliability-critical environments. As one step towards solving this problem, this paper presents an empirical",Disk Array;Energy Conservation;Energy Consumption;Energy Saving;Reliability Modeling;,International Parallel and Distributed Processing Symposium/International Parallel Processing Symposium,"2008
"
Tao Xie,5241,1003,andrew sung;xiao qin,Dynamic Task Scheduling with Security Awareness in Real-Time Systems,"An increasing number of real-time applications, such as aircraft control and medical electronics systems, require high quality of security to assure confidentiality, authenticity and integrity of information. However, most existing algorithms for scheduling independent tasks in real-time systems do not adequately consider security requirements of real-time tasks. In recognition of this problem we propose a novel dynamic scheduling algorithm with",Aircraft Control;Dynamic Scheduling;Heuristic Algorithm;Quantitative Evaluation;Real Time Application;Resource Utilization;Security Requirements;Simulation Experiment;System Performance;Task Scheduling;Real Time;Real Time Systems;,International Parallel and Distributed Processing Symposium/International Parallel Processing Symposium,"2005
"
Tao Xie,5242,1003,mais nijim;xiao qin,Integrating a performance model in self-managing computer systems under mixed workload conditions,,Performance Model;,Information Reuse and Integration,"2005
"
Tao Xie,5243,1003,xiao qin,Towards a Security Service Integration Framework for Distributed Real-Time Systems,"Real-time applications with security requirements are increasingly emerging in parallel and distributed systems. However, the complexities and specialities of diverse security mechanisms dissuade users from employing existing security services for their applications. To effectively tackle this problem, in this paper we propose a security middleware (SMW) framework from which security-sensitive real-time applications are enabled to exploit a variety of security",Distributed Real-time System;Distributed System;Dynamic Change;Middleware;Parallel and Distributed System;Real Time Application;Security Requirements;Service Integration;System Performance;,ISCA International Conference on Parallel and Distributed Computing Systems,"2005
"
Tao Xie,5244,1003,xiao qin,Enhancing Security of Real-Time Applications on Grids Through Dynamic Scheduling,"Real-time applications with security requirements are emerging in various areas including government, education, and business. The security sensitive real-time applications can take full advantage of a grid environment that allows grid participants to exercise a fine-grained control and allocation of computational resources. However, conventional real-time scheduling algorithms failed to fulfil the security requirements of real-time applications. In this paper we",Dynamic Scheduling;Integrity Checking;Mathematical Model;Real Time Application;Real-time Scheduling;Scheduling Algorithm;Security Requirements;System Performance;,Job Scheduling Strategies for Parallel Processing,"2005
"
Tao Xie,5245,1003,yao sun,"PEARL: Performance, Energy, and Reliability Balanced Dynamic Data Redistribution for Next Generation Disk Arrays",,Disk Array;Dynamic Data;Next Generation;,"Modeling, Analysis, and Simulation On Computer and Telecommunication Systems","2008
"
Tao Xie,5246,1003,mohammed i. alghamdi;xiao qin,PARM: a power-aware message scheduling algorithm for real-time wireless networks,"Real-time applications in wireless networks are emerging in multimedia product and design. However, conventional real-time message scheduling algorithms generally do not take energy efficiency into account when making scheduling decisions. In this paper, we address the issue of scheduling real-time messages in wireless networks subject to timing and power constraints. A novel message scheduling scheme, or PARM (Power-aware Real-time Message),",Energy Efficient;Energy Optimization;Optimal Scheduling;Power Consumption;Real Time Application;Scheduling Algorithm;Wireless Network;Real Time;Real Time Systems;,International Workshop on Modeling Analysis and Simulation of Wireless and Mobile Systems,"2005
"
Tao Xie,5247,1003,marcelo götz;florian dittmann,Dynamic Relocation of Hybrid Tasks: A Complete Design Flow,,Design Flow;,Reconfigurable Communication-centric Systems-on-Chip,"2007
"
Tao Xie,5248,1003,xiao qin,Security-driven scheduling for data-intensive applications on grids,,Data Intensive Application;,Cluster Computing,"2007
"
Tao Xie,5249,1003,xiao qin,Stochastic scheduling for multiclass applications with availability requirements in heterogeneous clusters,,Heterogeneous Cluster;Stochastic Scheduling;,Cluster Computing,"2008
"
Tao Xie,5250,1003,xiao qin,A Security Middleware Model for Real-Time Applications on Grids,,Middleware;Real Time Application;Real-time Scheduling;,Ieice Transactions,"2006
"
Tao Xie,5251,1003,xiao qin;andrew sung;man lin;laurence tianruo yang,Real-time scheduling with quality of security constraints,,Real-time Scheduling;,International Journal of High Performance Computing and Networking,"2006
"
Tao Xie,5252,1003,xiao qin,Performance evaluation of a new scheduling algorithm for distributed systems with security heterogeneity,"Abstract High quality  of  security ,is  increasingly ,critical  for  applications  running ,on  heterogeneous, distributed systems.  However,  existing  scheduling  algorithms  for  heterogeneous  distributed  systems  disregard security  requirements  of  applications.  To  address  this  issue,  in  this  paper,  we  introduce  security heterogeneity concept for our scheduling model in the context of distributed systems. Based onthe concept,  we  propose  a  novel  heuristic  scheduling  algorithm,",Distributed System;Experimental Study;Heterogeneous Distributed System;Performance Evaluation;Scheduling Algorithm;Security Requirements;Spectrum;,Journal of Parallel and Distributed Computing,"2007
"
Tao Xie,5253,1003,marcelo götz;florian dittmann,Dynamic relocation of hybrid tasks: Strategies and methodologies,,,Microprocessors and Microsystems,"2009
"
Tao Xie,5254,1003,mais nijim;xiao qin,Performance analysis of an admission controller for CPU and I/O-intensive applications in self-managing computer systems,"With rapid advances in processing power, network bandwidth, and storage capacity, computer systems are increasingly becoming extremely complex. Consequently, it becomes expensive and difficult for human beings to manually manage complex computer systems. This problem can be effectively tackled by self-managing computer systems, which are intended to meet high performance requirements in a dynamic computing environment. In this paper, we",Analytical Model;High Performance;Markov Chain Model;Performance Analysis;Performance Model;Storage Capacity;,Operating Systems Review,"2005
"
Tao Xie,5255,1003,xiao qin,An Availability-Aware Task Scheduling Strategy for Heterogeneous Systems,,Heterogeneous Systems;Task Scheduling;,IEEE Transactions on Computers,"2008
"
Tao Xie,5256,1003,,SEA: A Striping-Based Energy-Aware Strategy for Data Placement in RAID-Structured Storage Systems,,Data Placement;Storage System;,IEEE Transactions on Computers,"2008
"
Tao Xie,5257,1003,xiao qin,Scheduling Security-Critical Real-Time Applications on Clusters,"Security-critical real-time applications such as military aircraft flight control systems have mandatory security requirements in addition to stringent timing constraints. Conventional real-time scheduling algorithms, however, either disregard applications' security needs and thus expose the applications to security threats, or run applications at inferior security levels without optimizing security performance. In recognition that many applications running on clusters demand both real-time",Earliest Deadline First;Flight Control;Indexing Terms;Real Time Application;Real-time Scheduling;Scheduling Algorithm;Security Requirements;Time Constraint;First Come First Serve;Least Laxity First;Real Time;Real Time Systems;,IEEE Transactions on Computers,"2006
"
Tao Xie,5258,1003,xiao qin,An Energy-Delay Tunable Task Allocation Strategy for Collaborative Applications in Networked Embedded Systems,"Abstract, Collaborative applications with energy and low-delay constraints are emerging in various networked embedded systems like wireless sensor networks and multimedia terminals. Conventional energy-aware task allocation schemes developed for collaborative applications only concentrated on energy savings when making allocation decisions. Consequently, the length of the schedules generated by such allocation schemes could be very long, which is unfavorable or, in",Collaborative Application;Critical Parameter;Embedded System;Energy Consumption;Energy Saving;Heterogeneous Network;Mathematical Model;Task Allocation;Wireless Sensor Network;,IEEE Transactions on Computers,"2008
"
Tao Xie,5259,1003,xiao qin,Improving security for periodic tasks in embedded systems through scheduling,"While many scheduling algorithms for periodic tasks ignore security requirements posed by sen- sitive applications and are, consequently, unable to perform properly in embedded systems with security constraints, in this paper, we present an approach to scheduling periodic tasks in em- bedded systems subject to security and timing constraints. We design a necessary and sufficient feasibility check for a set",Embedded System;Flight Control;Periodic Tasks;Scheduling Algorithm;Security Requirements;Time Constraint;Real Time Systems;,ACM Transactions in Embedded Computing Systems,"2007
"
Tao Xie,5260,1003,mais nijim;xiao qin,Modeling and improving security of a local disk system for write-intensive workloads,"Since security is of critical importance for modern storage systems, it is imperative to protect stored data from being tampered with or disclosed. Although an increasing number of secure storage systems have been developed, there is no way to dynamically choose security services to meet disk requests' flexible security requirements. Furthermore, existing security techniques for disk systems are not suitable",Analytical Model;Security Requirements;Storage System;,ACM Transactions on Storage,"2006
"
Tao Xie,5261,1003,yao sun,A file assignment strategy independent of workload characteristic assumptions,"The problem of statically assigning nonpartitioned files in a parallel I/O system has been extensively investigated. A basic workload characteristic assumption of most existing solutions to the problem is that there exists a strong inverse correlation between file access frequency and file size. In other words, the most popular files are typically small in size, while the large files are",Load Balance;parallel i/o;Web Proxy;Round Robin;,ACM Transactions on Storage,"2009
"
Tao Xie,5262,1003,xiao qin,Security-Aware Resource Allocation for Real-Time Parallel Jobs on Homogeneous and Heterogeneous Clusters,,Heterogeneous Cluster;Resource Allocation;Real Time;,IEEE Transactions on Parallel and Distributed Systems,"2008
"
Tao Xie,5263,1003,yao sun,Dynamic Data Reallocation in Hybrid Disk Arrays,,Disk Array;Dynamic Data;,IEEE Transactions on Parallel and Distributed Systems,"2010
"
Tao Xie,5264,1004,xin xu,A Reinforcement Learning Approach for Host-Based Intrusion Detection Using Sequences of System Calls,,Intrusion Detection;Reinforcement Learning;,International Conference on Intelligent Computing,"2005
"
