author,pid,label,coauthor,title,abstract,keywords,venue,year
Thomas Ludwig,5274,1011,domnic savio,Smart Carpet: A Footstep Tracking Interface,,,Advanced Information Networking and Applications,"2007
"
Thomas Ludwig,5275,1011,marcel may;frank munz,CORBA-basierte verteilte Berechnung medizinischer Bilddaten mit SPM,,,Bildverarbeitung fur die Medizin,"2000
"
Thomas Ludwig,5276,1011,frank munz;t. stephan;ursula maier;arndt bode;sibylle ziegler;stephan g. nekolla;p. bartenstein;markus schwaiger,Improved Functional Imaging through Network Based Parallel Processing, . This paper deals with currently used algorithms for the reconstructionof functional images which run up to 60 hours or more on asingle workstation and deal with hundreds of megabyte of data. A parallelimplementation with high efficiency and almost linear speedup of asophisticated iterative algorithm is given and its applicability to otherreconstruction methods is shown. Whereas running this application ona,Functional Imaging;High Efficiency;High Performance;Iterative Algorithm;Parallel Computer;Parallel Processing;,"Communication, Architecture, and Applications for Network-Based Parallel Computing","1998
"
Thomas Ludwig,5277,1011,thomas bemmerl;olav hansen,PATOP for Performance Tuning of Parallel Programs,,Parallel Programs;Performance Tuning;,Conference on Algorithms and Hardware for Parallel Processing,"1990
"
Thomas Ludwig,5278,1011,thomas bemmerl,MMK - A Distributed Operating System Kernel with Integrated Dynamic Loadbalancing,"The paper presents an operating system kernel for h ighly parallel supercomputers, which was implemente d on an iPSC/2 Hypercube with 32 processors. The kernel offe rs a process model, which is well suited for most p artition- ing strategies of parallel algorithms. The base for the efficiency of this object oriented, global, an d dynamic programming concept are advances",Community Networks;Distributed Operating System;Dynamic Program;Interconnection Network;Object Oriented;Operating System;Parallel Algorithm;Parallel Computer;Parallel Machines;Parallel Systems;Process Model;Programming Model;Research and Development;and Forward;Nearest Neighbour;,Conference on Algorithms and Hardware for Parallel Processing,"1990
"
Thomas Ludwig,5279,1011,alexandros stamatakis;harald meier;marty j. wolf,AxML: A Fast Program for Sequential and Parallel Phylogenetic Tree Calculations Based on the Maximum Likelihood Method,"Heuristics for the NP-complete problem of calculating the optimal phylogenetic tree for a set of aligned rRNA se- quences based on the maximum likelihood method are com- putationally expensive. In most existing algorithms the tree evaluation and branch length optimization functions, calcu- lating the likelihood value for each tree topology examined in the search space, account for the greatest part",Evaluation Function;High Performance Computer;Maximum Likelihood Method;np-complete problem;Phylogenetic Tree;Processor Architecture;Search Space;,IEEE Computer Society Bioinformatics Conference,"2002
"
Thomas Ludwig,5280,1011,,Load Management on Multiprocessor Systems,,Multiprocessor Systems;,DFG Projects,"1993
"
Thomas Ludwig,5281,1011,sebastiano bottalico;filippo de stefani;günther rackl,SEEDS - Simulation Environment for the Evaluation of Distributed Traffic Control Systems,,Simulation Environment;Traffic Control;,European Conference on Parallel Processing,"1997
"
Thomas Ludwig,5282,1011,marian bubak,Support Tools and Environments,,,European Conference on Parallel Processing,"2002
"
Thomas Ludwig,5283,1011,helmar burkhart;rudolf eigenmann;tomàs margalef,Topic Introduction,,,European Conference on Parallel Processing,"2003
"
Thomas Ludwig,5284,1011,julian m. kunkel,Bottleneck Detection in Parallel File Systems with Trace-Based Performance Monitoring,,Parallel File System;Performance Monitoring;,European Conference on Parallel Processing,"2008
"
Thomas Ludwig,5285,1011,michael oberhuber;roland wismüller,An Open Monitoring System for Parallel and Distributed Programs,The on-line monitoring interface specification OMIS provid es means for developing more powerful tool environments for parallel and distributed sys- tems. It specifies the interaction between any tool and a moni toring system which is responsible for observing and manipulating the programs' execution. By hav- ing this well defined interface it is now possible to concurre ntly use several tools,Distributed Programs;Monitoring System;On-line Monitoring;Workstation Cluster;,European Conference on Parallel Processing,"1996
"
Thomas Ludwig,5286,1011,wolfgang e. nagel;jeffrey s. vetter;lorenzo donatiello,Topic 2: Performance Evaluation,,Performance Evaluation;,European Conference on Parallel Processing,"2004
"
Thomas Ludwig,5287,1011,christian röder;arndt bode,Configurable Load Measurement in Heterogeneous Workstation Clusters,,Workstation Cluster;,European Conference on Parallel Processing,"1998
"
Thomas Ludwig,5288,1011,alexandros stamatakis;harald meier,Parallel Inference of a 10.000Taxon Phylogeny with Maximum Likelihood,,Maximum Likelihood;,European Conference on Parallel Processing,"2004
"
Thomas Ludwig,5289,1011,roland wismüller;jörg trinitis,A Universal Infrastructure for the Run-Time Monitoring of Parallel and Distributed Applications," . On-line tools for parallel and distributed programs requirea facility to observe and possibly manipulate the programs"" run-timebehavior, a so called monitoring system. Currently, most tools use proprietarymonitoring techniques that are incompatible to each other andusually apply only to specific target plattforms. The On-line MonitoringInterface Specification (OMIS) is the first specification of a universal interfacebetween different tools and a monitoring",Distributed Application;Distributed Programs;Monitoring System;,European Conference on Parallel Processing,"1998
"
Thomas Ludwig,5290,1011,günther rackl,A Methodology for Efficiently Developing On-Line Tools for Heterogeneous Middleware,"Software development is getting more and more com- plex, especially within distributed and heterogeneous envi- ronments based on middleware enabling the interaction of distributed components. A major drawback during the over- all software development process is the lack of on-line tools, i.e. tools applied as soon as there is a running prototype of an application. On-line tools can either be",Application Management;Development Process;Middleware;Monitoring System;Software Development;Software Development Process;,Hawaii International Conference on System Sciences,"2001
"
Thomas Ludwig,5291,1011,frank munz;sibylle ziegler;p. bartenstein;markus schwaiger;arndt bode,Performance Assessment of Parallel Spectral Analysis: Towards a Practical Performance Model for Parallel Medical Applications,,Medical Application;Performance Assessment;Performance Model;Spectral Analysis;,High-Performance Computing and Networking,"1999
"
Thomas Ludwig,5292,1011,günther rackl;filippo de stefani;francois héran;antonello pasquarelli,Airport Simulation using CORBA and DIS," . This paper presents the SEEDS simulation environment forthe evaluation of distributed trac control systems. Starting with anoverview of the general simulator architecture, performance measurementsof the simulation environment carried out with a prototype forairport ground-trac simulation are described.The main aspects of the performance analysis are the attained applicationperformance using CORBA and DIS as communication middleware,and the scalability of the overall",Control System;Performance Analysis;Simulation Environment;,High-Performance Computing and Networking,"1999
"
Thomas Ludwig,5293,1011,georg stellner;arndt bode;stefan lamberts,Developing Applications for Multicomputer Systems on Workstation Clusters, . Much computational power on state-of-the-art multicomputerslike the Paragon is wasted with porting applications. Using networksof workstations is an attempt to withdraw this workload from multicomputersystems. Therefore an environment is needed which provides theprogramming interface of multicomputers on coupled workstations. Thepaper describes the design and implementation of the NXLib environmentwhich allows to use Ethernet coupled workstations as a developmentplatform for...,Design and Implementation;Workstation Cluster;,High-Performance Computing and Networking,"1994
"
Thomas Ludwig,5294,1011,jörg trinitis;vaidy s. sunderam;roland wismüller,Interoperability Support in Distributed On-Line Monitoring Systems,,On-line Monitoring;,High-Performance Computing and Networking,"2000
"
Thomas Ludwig,5295,1011,roland wismüller,The Tool-Set - An Integrated Tool Envrionment for PVM,,,High-Performance Computing and Networking,"1996
"
Thomas Ludwig,5296,1011,olga mordvinova;oleksandr shepil;andrew ross,A strategy for cost efficient distributed data storage for in-memory OLAP,,Cost Efficiency;Distributed Data Storage;,International Association for Development of the Information Society,"2009
"
Thomas Ludwig,5297,1011,philip h. carns;sam lang;robert b. ross;murali vilayannur;julian m. kunkel,Small-file access in parallel file systems,"Today's computational science demands have re- sulted in ever larger parallel computers, and storage systems have grown to match these demands. Parallel file systems used in this environment are increasingly specialized to extract the highest possible performance for large I/O operations, at the expense of other potential workloads. While some applications have adapted to I/O best practices and can obtain",Best Practice;Large Scale;Large Scale System;Parallel Computer;Parallel File System;Storage System;,International Parallel and Distributed Processing Symposium/International Parallel Processing Symposium,"2009
"
Thomas Ludwig,5298,1011,frank munz;t. stephan;ursula maier;arndt bode;sibylle ziegler;stephan g. nekolla;p. bartenstein;markus schwaiger,NOW Parallel Reconstruction of Functional Images,,Functional Imaging;,International Parallel and Distributed Processing Symposium/International Parallel Processing Symposium,"1998
"
Thomas Ludwig,5299,1011,alexandros stamatakis,Phylogenetic Tree Inference on PC Architectures with AxML/PAxML,"Inference of phylogenetic trees comprising hundreds or even thousands of organisms based on the maximum like- lihood method is computationally extremely expensive. In previous work, we have introduced Subtree Equality Vec- tors (SEVs) to significantly reduce the number of required floating point operations during topology evaluation and implemented this method in(P)AxML, which is a deriva- tive of (parallel) fastDNAml. Experimental",Floating Point;Large Data Sets;Phylogenetic Tree;Processor Architecture;maximum like lihood;,International Parallel and Distributed Processing Symposium/International Parallel Processing Symposium,"2003
"
Thomas Ludwig,5300,1011,alexandros stamatakis;harald meier,New Fast and Accurate Heuristics for Inference of Large Phylogenetic Trees,Inference of phylogenetic trees comprising hundreds or even thousands of organisms based on the maximum likeli- hood method is computationally extremely expensive. We present simple new heuristics which yield accurate trees for synthetic (simulated) as well as real data and signifi- cantly reduce execution time. The new heuristics have been implemented in a program called RAxML which is freely available,Exhaustive Search;Open Source;Phylogenetic Tree;Statistical Method;Synthetic Data;Time Factor;,International Parallel and Distributed Processing Symposium/International Parallel Processing Symposium,"2004
"
Thomas Ludwig,5301,1011,frank munz;sibylle ziegler;p. bartenstein;markus schwaiger;arndt bode,Kinetic Analysis of Functional Images: The Case for a Practical Approach to Performance Prediction,,Functional Imaging;Kinetic Analysis;Performance Prediction;,High Performance Computing,"1999
"
Thomas Ludwig,5302,1011,stefan lamberts,PFSLib - A Parallel File System for Workstation Clusters,"In this paper, we dicuss the the design and implementation of the PFSLib library wich offers the functionality of Intel's par allel file system PFS. It is intended to be used with parallel programming environments like PVM, P4, and NXLib on workstation clusters. We also present preliminary performance results of PFSLib in comparison to NFS.",Design and Implementation;File System;Parallel File System;Parallel Programming Environment;Workstation Cluster;,Parallel Computing Technologies,"1995
"
Thomas Ludwig,5303,1011,markus lindermeier;alexandros stamatakis;günther rackl,Tool Environments in CORBA-Based Medical High Performance Computing,,High Performance Computer;,Parallel Computing Technologies,"2001
"
Thomas Ludwig,5304,1011,jörg trinitis;roland wismüller,Synergetic Tool Environments,,,Parallel Computing Technologies,"1999
"
Thomas Ludwig,5305,1011,alexandros stamatakis;markus lindermeier;michael ott;harald meier,DAxML: A Program for Distributed Computation of Phylogenetic Trees Based on Load Managed CORBA,,Distributed Computing;Phylogenetic Tree;,Parallel Computing Technologies,"2003
"
Thomas Ludwig,5306,1011,alexandros stamatakis;michael ott,RAxML-OMP: An Efficient Program for Phylogenetic Inference on SMPs,"Inference of phylogenetic trees comprising hundreds or even thousands of organisms based on the Maximum Likelihood (ML) method is computationally extremely intensive. In order to accelerate computa- tions we implemented RAxML-OMP, an efficient OpenMP-parallelization for Symmetric Multi-Processing machines (SMPs) based on the sequen- tial program RAxML-V (Randomized Axelerated Maximum Likelihood). RAxML-V is a program for inference of evolutionary trees based",Data Locality;Evolutionary Trees;Hill Climbing;large dataset;Open Source;Phylogenetic Inference;Phylogenetic Tree;Search Algorithm;Simulated Annealing;Base Pair;Maximum Likelihood;Symmetric Multi Processing;,Parallel Computing Technologies,"2005
"
Thomas Ludwig,5307,1011,georg stellner;arndt bode;stefan lamberts,NXLib - A Parallel Programming Environment for Workstation Clusters, . Workstations provide an attractive platform to develop software.This paper describes the NXLib environment which enables usersto use this platform to develop parallel applications. The source codecompatibility of NXLib applications with Intel's Paragon multicomputersystem easily allows to migrate these applications to a supercomputer.The performance which can be achieved with either platform is comparedusing two applications. In addition performance results of,Parallel Applications;Parallel Programming Environment;Workstation Cluster;,Parallel Architectures and Languages Europe,"1994
"
Thomas Ludwig,5308,1011,julian m. kunkel;yuichi tsujita;olga mordvinova,Tracing Internal Communication in MPI and MPI-I/O,,,Parallel and Distributed Computing: Applications and Technologies,"2009
"
Thomas Ludwig,5309,1011,julian m. kunkel,Performance Evaluation of the PVFS2 Architecture,,Performance Evaluation;,"Parallel, Distributed and Network-Based Processing","2007
"
Thomas Ludwig,5310,1011,roland wismüller,Interoperable Run-Time Tools for Distributed Systems - A Case Study,,Case Study;Distributed System;,Parallel and Distributed Processing Techniques and Applications,"1999
"
Thomas Ludwig,5311,1011,günther rackl;filippo de stefani;francois héran;antonello pasquarelli,Distributed Airport Simulation Using CORBA and DIS,"This paper presents the SEEDS simulation environment for the evaluation of distributed traffic control systems. Starting with an overview of the general simulator archi- tecture, the software modules and the derived hardware ar- chitecture of the simulation environment are described wit h respect to performance requirements. The communication architecture of the SEEDS simulator is based on the OMG's CORBA standard",Distributed Interactive Simulation;High Performance;Perforation;Performance Analysis;Programming Model;Simulation Environment;Traffic Control;,International Symposium on Software Engineering for Parallel and Distributed Systems,"1999
"
Thomas Ludwig,5312,1011,stephan krempel;michael kuhn;julian m. kunkel;christian lohse,Analysis of the MPI-IO Optimization Levels with the PIOViz Jumpshot Enhancement,,,Parallel Virtual Machine / Message Passing Interface,"2007
"
Thomas Ludwig,5313,1011,david buettner;julian m. kunkel,Using Non-blocking I/O Operations in High Performance Computing to Reduce Execution Times,,High Performance Computer;,Parallel Virtual Machine / Message Passing Interface,"2009
"
Thomas Ludwig,5314,1011,hipolito vasquez lucas,Hint Controlled Distribution with Parallel File Systems,,Parallel File System;,Parallel Virtual Machine / Message Passing Interface,"2005
"
Thomas Ludwig,5315,1011,stephan krempel;julian m. kunkel;frank panse;dulip withanage,Tracing the MPI-IO Calls' Disk Accesses,,,Parallel Virtual Machine / Message Passing Interface,"2006
"
Thomas Ludwig,5316,1011,roland wismüller,OMIS 2.0 - A Universal Interface for Monitoring Systems," . The OMIS project aims at defining a standard interface betweentools for parallel systems and monitoring systems. Monitoring systemsact as mediators between tools and the parallel program runningon some target architecture. Their task is to observe and manipulatethe program according to the tools"" commands. A standardized interfacewill allow different research groups to develop tools that can be usedconcurrently with the",Development Tool;Monitoring System;Parallel Programs;Parallel Systems;,Parallel Virtual Machine / Message Passing Interface,"1997
"
Thomas Ludwig,5317,1011,roland wismüller;michael oberhuber,OCM - An OMIS Compliant Monitoring System, . The OMIS project aims at defining a standard interface betweentools for parallel systems and monitoring systems. Monitors actas mediators between tools and the parallel program running on sometarget architecture. Their task is to observe and manipulate the programaccording to the tool's commands. A standardized interface willallow different research groups to develop tools which can be used concurrentlywith the same,Development Tool;Monitoring System;Parallel Programs;Parallel Systems;,Parallel Virtual Machine / Message Passing Interface,"1996
"
Thomas Ludwig,5318,1011,alexandros stamatakis;harald meier,A fast program for maximum likelihood-based inference of large phylogenetic trees,"The computation of large phylogenetic trees with maximum likelihood is computationally intensive. In previous work we have introduced and implemented algorithmic optimizations in PAxML. The program shows run time improvements &gt; 25% over parallel fastDNAml yielding exactly the same results. This paper is focusing on computations of large phylogenetic trees (&gt; 100 organisms) with maximum likelihood. We propose a novel,",Biological Data;Distributed Computing;Open Source;Parallel Programs;Phylogenetic Inference;Phylogenetic Tree;Randomized Algorithm;Maximum Likelihood;,ACM Symposium on Applied Computing,"2004
"
Thomas Ludwig,5319,1011,alexandros stamatakis;harald meier;marty j. wolf,Accelerating parallel maximum likelihood-based phylogenetic tree calculations using subtree equality vectors,"Heuristics for calculating phylogenetic trees for a large sets of aligned rRNA sequences based on the maximum likelihood method are computationally expensive. The core of most parallel algorithms, which accounts for the greatest part of computation time, is the tree evaluation function, that calculates the likelihood value for each tree topology. This paper describes and uses Subtree Equality Vectors (SEVs)",Cost Saving;Evaluation Function;Floating Point;Maximum Likelihood Method;Optimal Scaling;Parallel Algorithm;Parallel Programs;Phylogenetic Tree;Maximum Likelihood;,Supercomputing Conference,"2002
"
Thomas Ludwig,5320,1011,alexandros stamatakis;harald meier,RAxML-III: a fast program for maximum likelihood-based inference of large phylogenetic trees,Motivation: The computation of large phylogenetic trees with statistical models such as maximum likelihood or bayesian inference is computationally extremely intensive. It has repeatedly been demonstrated that these models are able to recover the true tree or a tree which is topo- logically closer to the true tree more frequently than less elaborate methods such as parsimony or neighbor joining.,bayesian inference;Computational Complexity;Evolutionary Trees;Neighbor Joining;Open Source;Phylogenetic Tree;Statistical Model;Synthetic Data;Maximum Likelihood;,Bioinformatics/computer Applications in The Biosciences,"2005
"
Thomas Ludwig,5321,1011,alexandros stamatakis;harald meier,The AxML program family for maximum likelihood-based phylogenetic tree inference,,Phylogenetic Tree;Maximum Likelihood;,Concurrency and Computation: Practice and Experience,"2004
"
Thomas Ludwig,5322,1011,alexandros stamatakis;harald meier,"RAxML-II: a program for sequential, parallel and distributed inference of large phylogenetic trees",,Phylogenetic Tree;,Concurrency and Computation: Practice and Experience,"2005
"
Thomas Ludwig,5323,1011,markus lindermeier;alexandros stamatakis;günther rackl,Tool environments in CORBA-based medical high-performance computing,,High Performance Computer;,Future Generation Computer Systems,"2002
"
Thomas Ludwig,5324,1011,frank munz;sibylle ziegler;p. bartenstein;markus schwaiger;arndt bode,Performance assessment of parallel spectral analysis: towards a practical performance model for parallel medical applications,,Medical Application;Performance Assessment;Performance Model;Spectral Analysis;,Future Generation Computer Systems,"2000
"
Thomas Ludwig,5325,1011,günther rackl;filippo de stefani;francois héran;antonello pasquarelli,Airport simulation using CORBA and DIS,,,Future Generation Computer Systems,"2000
"
Thomas Ludwig,5326,1011,alexandros stamatakis;markus lindermeier;michael ott;harald meier,DRAxML at home: a distributed program for computation of large phylogenetic trees,,Distributed Programs;Phylogenetic Tree;,Future Generation Computer Systems,"2005
"
Thomas Ludwig,5327,1011,günther rackl;markus lindermeier;alexandros stamatakis,Efficiently building on-line tools for distributed heterogeneous environments,"Software development is getting more and more complex, espe- cially within distributed middleware-based environments. A major drawback during the overall software development process is the lack of on-line tools, i.e. tools applied as soon as there is a running proto- type of an application. The MIMO MIddleware MOnitor provides a solution to this problem by implementing a framework for an",Development Process;Heterogeneous Environment;High Performance;Image Reconstruction;Load Balance;Middleware;Performance Improvement;Software Development;Software Development Process;,Scientific Programming,"2002
"
Thomas Ludwig,5328,1011,roland wismüller,Interoperable Run-Time Tools for Distributed Systems--A Case Study,,Case Study;Distributed System;,The Journal of Supercomputing,"2000
"
Thomas Ludwig,5329,1012,juergen koehl;ulrich baur;bernhard kick;thomas pflueger,"A flat, timing-driven design system for a high-performance CMOS processor chipset","We describe the methodology used for the design of the CMOS processor chipset used in the IBM S/390 Parallel Enterprise Server - Generation 3. The majority of the logic is implemented by standard cell elements placed and routed flat, using timing-driven techniques. The result is a globally optimized solution without artificial floorplan boundaries. We will show that the density in",Cycle Time;Global Optimization;High Performance;Place and Route;,"Design, Automation, and Test in Europe","1998
"
Thomas Ludwig,5330,1012,bernhard kick;ulrich baur;jürgen koehl;thomas pflueger,Standard-cell-based design methodology for high-performance support chips,"We describe the methodology used for the design of a set of CMOS support chips used in the IBM S/390@ Parallel Enterprise Server Generations 3 and 4.The logic design is based on functional units, and the majority of the logic is implemented by standard cell elements placed and routed flat, using timing-driven techniques. Custom library elements are used wherever needed",Design Methodology;High Performance;Logic Design;Place and Route;Functional Unit;,Ibm Journal of Research and Development,"1997
"
Thomas Ludwig,5331,1012,amaury nève;helmut schettler;denis flandre,Power-delay product minimization in high-performance 64bit carry-select adders,,High Performance;Carry Select Adder;Power Delay Product;,IEEE Transactions on Very Large Scale Integration Systems,"2004
"
Thomas Ludwig,5332,1013,christoph biardzki,Analyzing Metadata Performance in Distributed File Systems,,Distributed File System;,Parallel Computing Technologies,"2009
"
Thomas Ludwig,5333,1013,,Editorial for the ISC'10 Scientific Sessions Proceedings,,,Informatik - Forschung Und Entwicklung,"2010
"
