author,pid,label,coauthor,title,abstract,keywords,venue,year
Wei Ding,5419,1041,mingzhong zhou;jian gong;guang cheng,Multi-Granularities Counting Bloom Filter,,Bloom Filter;,High Performance Computing and Communications,"2006
"
Wei Ding,5420,1041,guang cheng;yongning tang,A Double-Sampling and Hold Based Approach for Accurate and Efficient Network Flow Monitoring,,Double Sampling;Network Flow;,International Conference on Computational Science,"2007
"
Wei Ding,5421,1041,weijiang liu;jian gong;guang cheng,An Algorithm for Estimation of Flow Length Distributions Using Heavy-Tailed Feature,,Heavy Tail;,International Conference on Computational Science,"2006
"
Wei Ding,5422,1041,weijiang liu;jian gong;yanbing peng,Estimating Original Flow Length from Sampled Flow Statistics,,,International Conference on Computational Science,"2006
"
Wei Ding,5423,1041,mingzhong zhou;jian gong,A New Algorithm for Long Flows Statistics-MGCBF,,,International Conference on Computational Science,"2006
"
Wei Ding,5424,1041,guang cheng;jian gong,Network Traffic Sampling Model on Packet Identification,"ABSTRACT Spatially coordinated  packet  sampling ,can  be  implemented ,by  using a deterministic function of packet content to determine the selection decision for a given packet. In this way, a given packet may be  selected  at  either  all  points  that  it  passes,  or  none.  Selection amongst the set of packets should appear as random,as possible.  Inthis paper  we  calculate ,the  empirical",Network Traffic;Packet Sampling;,International Conference on Networking,"2005
"
Wei Ding,5425,1041,guang cheng;jian gong,A Time-Series Decomposed Model of Network Traffic,"ABSTRACT Traffic behavior  in  a ,large-scale  network ,can  be  viewed ,as  a  complicated non-linear  system,  so  it  is  very  difficult  to  describe  the long-term network traffic behavior in a large-scale network. In this paper, according to the non-linear character of network traffic, the time  series  of  network ,traffic  is  decomposed ,into  trend  component, period  component,  mutation  component  and  random  component,by",Arima Model;Autocorrelation Function;Large Scale;Network Traffic;Non Linear System;Prediction Error;Time Series;,International Conference on Natural Computation,"2005
"
Wei Ding,5426,1041,mingzhong zhou;jian gong,Study of Dynamic Timeout Strategy based on flow rate metrics in high-speed networks,"The measurements based on flow characteristics are playing more and more important roles in the analysis of Network Behavior. As one of main methods for flow recognition, the timeout strategies have a significant impact on the correctness and performance of flow measurements. This paper discusses the state-of-art of flow timeout strategies, and explains where they are applicable and their shortcomings.",Flow Measurement;Flow Rate;High Speed Networks;Measurement System;Network Flow;Network Measurement;,Scalable Information Systems,"2006
"
Wei Ding,5427,1041,w. q. cheng;jian gong,Identifying BT-like P2P Traffic by the Discreteness of Remote Hosts,"By analyzing application protocols and traffic, we find that the most striking distinguish between BitTorrent (BT)-like peer-to-peer (P2P) applications' traffic and traditional as well as other P2P (such as Skype) applications' traffic of a single user may be the dissimilarity in the distribution of remote hosts involved. Therefore, we propose a method based on Discreteness of Remote Hosts (RHD) to",bittorrent;P2P;Peer To Peer;Traffic Classification;Working Hours;,IEEE Conference on Local Computer Networks,"2007
"
Wei Ding,5428,1041,guang cheng;yongning tang;jiexin jiang,A Trace Measurement and Analysis System for the Multi-Links CERNET Backbone,,,"IEEE NAS - Networking, Architecture, and Storage","2009
"
Wei Ding,5429,1041,guang cheng;jian gong;hua wu;shiqiang qiang,Adaptive sampling algorithm for detection of superpoints,,Adaptive Sampling;,Science in China Series F: Information Sciences,"2008
"
Wei Ding,5430,1042,chunhua tian;rongzeng cao;michelle wang,Customer Future Profitability Assessment: A Data-Driven Segmentation Function Approach,,Profitability;,Data Engineering Issues in E-Commerce,"2006
"
Wei Ding,5431,1042,feng li;chunhua tian;rongzeng cao,An Integer Linear Programming for Container Stowage Problem,,Integer Linear Program;,International Conference on Computational Science,"2008
"
Wei Ding,5432,1042,chunhua tian;rongzeng cao;shun jiang,Extensive Epidemic Spreading Model Based on Multi-agent System Framework,,Multi Agent System;,International Conference on Computational Science,"2007
"
Wei Ding,5433,1042,chunhua tian;xun zhang;rongzeng cao,Epidemic Alert & Response Framework and Technology Based on Spreading Dynamics Simulation,,Dynamic Simulation;,International Conference on Computational Science,"2007
"
Wei Ding,5434,1042,rongzeng cao;chunhua tian,Using Resource and Portfolio Management Solution to Align IT Investment with Business,,It Investment;Portfolio Management;,IEEE International Conference on e-Business Engineering,"2005
"
Wei Ding,5435,1042,shun jiang;chunhua tian;feng li;hao zhang,A Dynamic Concept Interpretation Approach for OWL Extension,,,International Conference on Web Services,"2007
"
Wei Ding,5436,1042,hao zhang;shun jiang;chunhua tian;rongzeng cao,Asynchronously Rendering Interoperable Remote Portlets,,,International Conference on Web Services,"2007
"
Wei Ding,5437,1042,juhnyoung lee;rama akkiraju;chunhua tian;shun jiang;sivaprashanth danturthy;ponn sundhararajan;carl nordman;rakesh mohan;hitansh singala,Business Transformation Workbench: A Practitioner's Tool for Business Transformation,,,Business Process Management,"2008
"
Wei Ding,5438,1042,chunhua tian;rongzeng cao;hao zhang;juhnyoung lee,Business Value Analysis of IT Services,,Business Value;,IEEE International Conference on Services Computing,"2007
"
Wei Ding,5439,1042,chunhua tian;feng li;rongzeng cao,Service capacity allocation and pricing,,Capacity Allocation;,IEEE/IFIP Network Operations and Management Symposium,"2008
"
Wei Ding,5440,1042,chunhua tian;shun jiang;rongzeng cao;juhnyoung lee,Business Value Assessment of Packaged Applications,,Business Value;,IEEE Congress on Services,"2008
"
Wei Ding,5441,1042,rongzeng cao;bonnie ray,Mathematical models and simulation for project portfolios optimization,,Mathematical Model;Portfolio Optimization;,Winter Simulation Conference,"2007
"
Wei Ding,5442,1042,chunhua tian;xun zhang;rongzeng cao,Epidemics alert & response framework and technology based on spreading dynamics simulation,"There have been many research works on epidemic spreading using mathematical or simulation methods. However, to make it practical as a decision support tool for the policy maker, it needs to be combined with business operation of epidemic control. Thus, an alert and response framework covering outbreak detection, policy analysis, and policy execution is proposed in this work. Key technologies",Critical Point;Data Collection;Dynamic Simulation;Model Analysis;Model Verification;Network Topology;Policy Analysis;Policy Making;Sensitivity Analysis;Severe Acute Respiratory Syndrome;Simulation Methods;Decision Support Tool;,Winter Simulation Conference,"2006
"
Wei Ding,5443,1042,jun zhu;zhong tian;thomas li;wei sun;sheng ye;c. c. wang;gerland wu;leo weng;simon huan;bill liu;daniel chou,Model-driven business process integration and management: A case study with the Bank SinoPac regional service platform,"Business process integration and management (BPIM) is a critical element in enterprise business transformation. Small and medium-sized businesses have their own requirements for BPIM solutions: The engagement methodology should be fast and efficient; a reusable and robust framework is required to reduce cost; and the whole platform should be lightweight so that one can easily revise, develop, and execute solutions.",Business Process Integration;Business Process Model;Case Study;Data Model;Life Span;Satisfiability;Severe Acute Respiratory Syndrome;Software Engineering;Tool Support;Work Environment;,Ibm Journal of Research and Development,"2004
"
Wei Ding,5444,1042,rongzeng cao;chunhua tian,Using resource and portfolio management solution to align IT investment with business,,It Investment;Portfolio Management;,International Journal of Electronic Business,"2006
"
Wei Ding,5445,1043,tomasz f. stepinski;josue salazar,Discovering spatio-social motifs of electoral support using discriminative pattern mining,"Association analysis provides a natural, data-centric framework for the discovery of patterns of explanatory variables that are linked to a certain outcome. In this paper we demonstrate how such a framework can be applied for political analysis, using an expository example of discovering different spatio-social motifs of support for Barack Obama in the 2008 presidential election. Election results and thirteen",Association Analysis;Geographic Distribution;Pattern Mining;Presidential Election;Similarity Measure;,,"2010
"
Wei Ding,5446,1043,christoph f. eick;rachana parmar;tomasz f. stepinski;jean-philippe nicot,Finding regional colocation patterns for sets of continuous variables in spatial datasets,This paper proposes a novel framework for mining regional co-location patterns with respect to sets of continuous variables in spatial datasets. The goal is to identify regions in which multiple continuous variables with values from the wings of their statistical distribution are co-located. A co-location mining framework is introduced that operates in the continuous domain and which views regional co-location,Arsenic;Arsenic Contamination;Case Study;Continuous Variable;Difference Set;Fitness Function;Hill Climbing;Knowledge Discovery;Number of Clusters;Spatial Data Mining;Statistical Distribution;,Workshop on Advances in Geographic Information Systems,"2008
"
Wei Ding,5447,1043,tomasz f. stepinski;christoph f. eick,Discovering controlling factors of geospatial variables,"Efficient means of determining factors controlling spatial distribution of an environmental class variable are of significant interest in Earth science. In this paper, we present a method for automated discovery of controlling factors by mining for emerging patterns in a database constructed from the fusion of several explanatory datasets. We introduce a new definition of pattern support to account for",Real World Application;Spatial Data Mining;Spatial Distribution;Vegetation Cover;,Workshop on Advances in Geographic Information Systems,"2008
"
Wei Ding,5448,1043,ping chen;chenyi hu;heloise lynn;yves simon,Icon-based Visualization of Large High-Dimensional Datasets,"High dimensional data visualization is critical to data analysts since it gives a direct view of original data. We present a method to visualize large amount of high dimensional data. We divide dimensions of data into several groups. Then, we use one icon to repre- sent each group, and associate visual properties of each icon with dimensions in each group.",Case Study;High Dimensional Data;high dimensional dataset;Large Data Sets;,IEEE International Conference on Data Mining,"2003
"
Wei Ding,5449,1043,christoph f. eick;jing wang;xiaojing yuan,A Framework for Regional Association Rule Mining in Spatial Datasets,"The immense explosion of geographically referenced data calls for efficient discovery of spatial knowledge. One of the special challenges for spatial data mining is that in- formation is usually not uniformly distributed in spatial datasets. Consequently, the discovery of regional knowl- edge is of fundamental importance for spatial data min- ing. This paper centers on discovering regional associa- tion rules",Arsenic;Association Rule;Association Rule Mining;Case Study;Cluster Algorithm;Spatial Data;Spatial Data Mining;Water Supply;,IEEE International Conference on Data Mining,"2006
"
Wei Ding,5450,1043,christoph f. eick;xiaojing yuan;jing wang;jean-philippe nicot,On Regional Association Rule Scoping,"A special challenge for spatial data mining is that information is not distributed uniformly in spatial data sets. Consequently, the discovery of regional knowledge is of fundamental importance. Unfortunately, regional patterns frequently fail to be discovered due to insuf- flcient global confldence and/or support in traditional association rule mining. Regional association rules, by deflnition, only hold in a subspace but",Arsenic;Arsenic Contamination;Association Rule;Association Rule Mining;Case Study;Regional Scale;Spatial Data;Spatial Data Mining;Water Supply;,IEEE International Conference on Data Mining,"2007
"
Wei Ding,5451,1043,aynur abdurazik;paul ammann;a. jefferson offutt,Evaluation of Three Specification-Based Testing Criteria,"This paper compares three specification-based testing criteria using Mathur and Wong's PROBSUBSUMES mea- sure. The three criteria are specification-mutation cover- age, full predicate coverage, and transition-pair coverage. A novel aspect of the work is that each criterion is encoded in a model checker, and the model checker is used first to generate test sets for each criterion and then to",specification-based testing;,International Conference on Engineering of Complex Computer Systems,"2000
"
Wei Ding,5452,1043,paul ammann;daling xu,Using a Model Checker to Test Safety Properties,"In addition to providing a sound basis for analysis, formal methods can support other development activities; in our case the target is specification-based testing at the system level. We use the formal method of model checking to either generate new test sets or analyze existing test sets with re- spect to safety properties expressed in a temporal logic. We consider",Formal Method;Model Checking;Mutation Analysis;Safety Properties;Software Testing;specification-based testing;Temporal Logic;Computation Tree Logic;,International Conference on Engineering of Complex Computer Systems,"2001
"
Wei Ding,5453,1043,ping chen;chris bowes;david brown,Large-Scale Dependency Knowledge Acquisition and its Extrinsic Evaluation Through Word Sense Disambiguation,"Knowledge plays a central role in intelligent sys- tems. Manual knowledge acquisition is very ine-cient and expensive. In this paper, we present (1) an au- tomatic method to acquire a large amount of lexical- dependency knowledge, and (2) an innovative knowl- edge representation model to efiectively minimize the impact of noise and improve knowledge quality. We also propose a new",Evaluation Measure;Knowledge Acquisition;Knowledge Base;Large Scale;Perforation;word sense disambiguation;,International Conference on Tools with Artificial Intelligence,"2009
"
Wei Ding,5454,1043,ping chen;chengmin ding,SenseNet: A Knowledge Representation Model for Computational Semantics,"Knowledge representation is essential for semantics modeling and intelligent information processing. For decades researchers have proposed many knowledge rep- resentation techniques. However, it is a daunting problem how to capture deep semantic information effectively and support the construction of a large-scale knowledge base efficiently. This paper describes a new knowledge represen- tation model, SenseNet, which provides semantic support for commonsense",Case Study;Commonsense Reasoning;Computational Semantics;Information Processing;Information Retrieval;Knowledge Base;Knowledge Representation;Large Scale;Natural Language Processing;Semantic Information;Semantic Model;Text Analysis;Hidden Markov Model;Natural Language Process Ing;,International Conference on Cognitive Informatics,"2006
"
Wei Ding,5455,1043,kwok-bun yue,Design and evolution of an undergraduate course on web application development,"Web technologies have become essential in the computing curricula. However, teaching a Web development course to computing students is challenging because of large bodies of knowledge, rapidly changing technologies, demanding support infrastructures and diverse background of audiences. This paper presents the evolution and the experiences we have gained in teaching a Web development course for the past seven years. We",Body of Knowledge;Computer Science Education;Conceptual Framework;Course Design;Internet Technology;Spectrum;Web Application Development;Web Development;Web Programming;Web Technology;,ACM Sigcse Bulletin,"2004
"
Wei Ding,5456,1043,xusheng wang;ping chen,Web-Based Interactive Visualization of Data Cubes,"Data Cube is an effective technique for data mining. Because of the complex relationships among aggregation values of a data cube, designing an efficient method or tool to visualize the complex relationships becomes a challenging work in the data cube technique. Information visualization with computer graphics can help improving this process. Recently, we developed a Web-based interactive data cube visualization",Computer Graphic;Data Cube;Data Mining;Information Visualization;Interactive Visualization;Visual System;,"Int. Conf. on Modeling, Simulation & Visualization Methods","2005
"
Wei Ding,5457,1043,ping chen;chris bowes;david brown,A Fully Unsupervised Word Sense Disambiguation Method Using Dependency Knowledge,"Word sense disambiguation is the process of determining which sense of a word is used in a given context. Due to its importance in understanding semantics of natural languages, word sense disambiguation has been exten- sively studied in Computational Linguistics. However, existing methods either are brit- tle and narrowly focus on specific topics or words, or provide only mediocre performance",Coarse Grained;Computational Linguistic;Natural Language;word sense disambiguation;word sense dis ambiguation;,North American Chapter of the Association for Computational Linguistics,"2009
"
Wei Ding,5458,1043,rachsuda jiamthapthaksin;rachana parmar;dan jiang;tomasz f. stepinski;christoph f. eick,Towards Region Discovery in Spatial Datasets,,,Pacific-Asia Conference on Knowledge Discovery and Data Mining,"2008
"
Wei Ding,5459,1043,tomasz f. stepinski;josue salazar,Discovery of Geospatial Discriminating Patterns from Remote Sensing Datasets,"Large amounts of remotely sensed data calls for data min- ing techniques to fully utilize their rich information content. In this paper, we study new means of discovery and sum- marization of knowledge contained in the spatial patterns of remote sensing datasets. Several geospatial feature vari- ables are fused together, and the vector of their values at each spatial cell",Association Analysis;Empirical Model;Frequent Pattern;Information Content;Real World Application;Remote Sensing;Remote Sensing Data;Similarity Measure;Spatial Data Mining;Spatial Distribution;Spatial Pattern;United States;Value Iteration;Vegetation Cover;Vegetative Growth;,SIAM International Conference on Data Mining,"2009
"
Wei Ding,5460,1043,gary d. boetticher;charles moen;kwok-bun yue,Using a pre-assessment exam to construct an effective concept-based genetic program for predicting course success,"There is a limit on the amount of time a faculty member may devote to each student. As a consequence, a faculty member must quickly determine which student needs more attention than others throughout a semester. One of the most demanding courses in the CS curriculum is a data structures course. This course has a tendency for high drop rates",Classroom Management;Data Structure;Genetic Program;,ACM Sigcse Bulletin,"2005
"
Wei Ding,5461,1044,bede liu,Tomographic image sequence reconstruction by edge-preserving interslice MAP methods,,Image Sequence;,IEEE Transactions on Image Processing,"1996
"
