author,pid,label,coauthor,title,abstract,keywords,venue,year
Wei Li,5462,1045,peter van beek;pascal poupart,Performing Incremental Bayesian Inference by Dynamic Model Counting,"The ability to update the structure of a Bayesian net- work when new data becomes available is crucial for building adaptive systems. Recent work by Sang, Beame, and Kautz (AAAI 2005) demonstrates that the well-known Davis-Putnam procedure combined with a dynamic decomposition and caching technique is an ef- fective method for exact inference in Bayesian networks with high ...",Adaptive System;bayesian inference;Dynamic Model;bayesian network;Davis Putnam;,National Conference on Artificial Intelligence,"2006
"
Wei Li,5463,1045,pascal poupart;peter van beek,Exploiting Causal Independence Using Weighted Model Counting,"Previous studies have demonstrated that encoding a Bayesian network into a SAT-CNF formula and then performing weighted model counting using a backtracking search al- gorithm can be an effective method for exact inference in Bayesian networks. In this paper, we present techniques for improving this approach for Bayesian networks with noisy-ORand noisy-MAXrelations—tworelationswhichare widely used in practice as ...",Backtrack Search;bayesian network;,National Conference on Artificial Intelligence,"2008
"
Wei Li,5464,1045,,A Hypergraph Separator Based Variable Ordering Heuristic for Solving Real World SAT,,,Principles and Practice of Constraint Programming,"2004
"
Wei Li,5465,1045,peter van beek,Guiding Real-World SAT Solving with Dynamic Hypergraph Separator Decomposition,"The general solution of satisfiability problems is NP- Complete. Although state-of-the-art SAT solvers can effi- ciently obtain the solutions of many real-world instances, there are still a large number of real-world SAT families which cannot be solved in reasonable time. Much effort has been spent to take advantage of the internal struc- ture of SAT ...",General Solution;Sat Solver;Satisfiability;,International Conference on Tools with Artificial Intelligence,"2004
"
Wei Li,5466,1046,xiuhong zhang;cheng niu;yuankai jiang;rohini k. srihari,An Expert Lexicon Approach to Identifying English Phrasal Verbs,Phrasal Verbs are an important feature of the English language. Properly identifying them provides the basis for an English parser to decode the related structures. Phrasal verbs have been a challenge to Natural Language Processing (NLP) because they sit at the borderline between lexicon and syntax. Traditional NLP frameworks that separate the lexicon module from the parser make it difficult,English Language;Natural Language Processing;Shallow Parsing;,Meeting of the Association for Computational Linguistics,"2003
"
Wei Li,5467,1046,cheng niu;jihong ding;rohini k. srihari,A Bootstrapping Approach to Named Entity Classification Using Successive Learners,"This paper presents a new bootstrapping approach to named entity (NE) classification. This approach only requires a few common noun/pronoun seeds that correspond to the concept for the target NE type, e.g.  for PERSON NE. The entire bootstrapping procedure is implemented as training two successive learners: (i) a decision list is used to learn the parsing-based high precision NE rules;",Named Entity;System Approach;Hidden Markov Model;,Meeting of the Association for Computational Linguistics,"2003
"
Wei Li,5468,1046,cheng niu;rohini k. srihari,Weakly Supervised Learning for Cross-document Person Name Disambiguation Supported by Information Extraction,"It is fairly common that different people are associated with the same name. In tracking person entities in a large document pool, it is important to determine whether multiple mentions of the same name across documents refer to the same entity or not. Previous approach to this problem involves measuring context similarity only based on co-occurring words. This paper presents",bayesian framework;Information Extraction;Maximum Entropy Model;name disambiguation;Probability Distribution;Supervised Learning;,Meeting of the Association for Computational Linguistics,"2004
"
Wei Li,5469,1046,rohini k. srihari,A Question Answering System Supported by Information Extraction,"This paper discusses an information extraction (IE) system, Textract, in natural language (NL) question answering (QA) and examines the role of IE in QA application. It shows: (i) Named Entity tagging is an important component for QA, (ii) an NL shallow parser provides a structural basis for questions, and (iii) high-level domain independent IE can result in a QA breakthrough.",Information Extraction;Named Entity;Natural Language;Question Answering;Question Answering System;,Applied Natural Language Processing Conference,"2000
"
Wei Li,5470,1046,huifeng li;rohini k. srihari;cheng niu,Location Normalization for Information Extraction,"Ambiguity is very high for location names. For example, there are 23 cities named 'Buffalo' in the U.S. Country names such as 'Canada', 'Brazil' and 'China' are also city names in the USA. Almost every city has a Main Street or Broadway. Such ambiguity needs to be handled before we can refer to location names for visualization of related extracted",Graph Search;Hybrid Approach;Information Extraction;Relation Extraction;Spanning Tree;Test Collection;,International Conference on Computational Linguistics,"2002
"
Wei Li,5471,1046,cheng niu;jihong ding;rohini k. srihari,Orthographic Case Restoration Using Supervised Learning Without Manual Annotation,"Abstract One challenge in text processing is the treatment of case insensitive documents,such as speech recognition results. The traditional approach,is to re-train a language,model excluding case-related  features.  This  paper  presents  an  alternative two-step  approach ,whereby ,a  preprocessing  module,(Step  1)  is  designed ,to  restore ,case-sensitive  form to  feed ,the  core  system (Step  2).  Step  1  is  implemented,as  a ,Hidden  Markov  Model",Language Model;Named Entity;Rule Based System;Speech Recognition;Statistical Model;Supervised Learning;Text Processing;Hidden Markov Model;,The Florida AI Research Society Conference,"2003
"
Wei Li,5472,1046,rohini k. srihari;cheng niu;jihong ding,A Case Restoration Approach to Named Entity Tagging in Degraded Documents,"This paper describes a novel approach to named entity (NE) tagging on degraded documents. NE tagging is the process of identifying salient text strings in unstructured text, corresponding to names of people, places, organizations, times/dates, etc. Although NE tagging is typically part of a larger information extraction process, it has other applications, such as improving search in an information retrieval",Information Extraction;Information Retrieval System;Named Entity;Speech Recognition;,International Conference on Document Analysis and Recognition,"2003
"
Wei Li,5473,1046,cheng niu;jihong ding;rohini k. srihari,Bootstrapping for Named Entity Tagging Using Concept-based Seeds,"A novel bootstrapping approach to Named Entity (NE) tagging using concept-based seeds and successive learners is presented. This approach only requires a few common noun or pronoun seeds that correspond to the concept for the targeted NE, e.g.  for PERSON NE. The bootstrapping procedure is implemented as training two successive learners. First, decision list is used to learn the parsing-based",Named Entity;System Approach;Hidden Markov Model;,North American Chapter of the Association for Computational Linguistics,"2003
"
Wei Li,5474,1046,rohini k. srihari,Information Extraction Supported Question Answering,"This paper discusses the use of our information extraction (IE) system, Textract, in the question- answering (QA) track of the recently held TREC-8 tests. One of our major objectives is to examine how IE can help IR (Information Retrieval) in applications like QA. Our study shows: (i) IE can provide solid support for QA; (ii) low-level IE like Named Entity",Information Extraction;Information Retrieval;Named Entity;Natural Language;Question Answering;,Text REtrieval Conference,"1999
"
Wei Li,5475,1046,cheng niu;jihong ding;rohini k. srihari,Orthographic case restoration using supervised learning without manual annotation,"Abstract One challenge in text processing is the treatment of case insensitive documents,such as speech recognition results. The traditional approach,is to re-train a language,model excluding case-related  features.  This  paper  presents  an  alternative two-step  approach ,whereby ,a  preprocessing  module,(Step  1)  is  designed ,to  restore ,case-sensitive  form to  feed ,the  core  system (Step  2).  Step  1  is  imple- mented,as  a ,Hidden  Markov",Language Model;Named Entity;Rule Based System;Speech Recognition;Statistical Model;Supervised Learning;Text Processing;Hidden Markov Model;,International Journal on Artificial Intelligence Tools,"2004
"
Wei Li,5476,1046,rohini k. srihari;thomas l. cornell;cheng niu,InfoXtract: A customizable intermediate level information extraction engine,,Information Extraction;,Natural Language Engineering,"2008
"
Wei Li,5477,1047,xiaoming wei;arie e. kaufman,Melting and Flowing of Viscous Volumes,"We present a simple, linear 3D cellular automata approach for an- imating the melting process of solid volumetric models. Accurate modelling of object melting usually requires complicated physical simulations of heat transfer and phase transition from solid to liq- uid. Instead, we propose a simplified model to describe the melt- ing behaviors of highly viscous objects, such as wax, lava,",Heat Transfer;Natural Phenomena;Physical Simulation;Texture Mapping;Volume Data;Cellular Automata;Phase Transition;,Computer Animation Conference,"2003
"
Wei Li,5478,1047,arie e. kaufman,Texture Partitioning and Packing for Accelerating Texture-based Volume Rendering,"To apply empty space skipping in texture-based vol- ume rendering, we partition the texture space with a box- growing algorithm. Each sub-texture comprises neigh- boring voxels with similar densities and gradient mag- nitudes. Sub-textures with similar range of density and gradient magnitude are then packed into larger ones to reduce the number of textures. The partitioning and packing is independent",Graphics Hardware;Volume Rendering;Transfer Function;,Graphics Interface,"2003
"
Wei Li,5479,1047,jian-qin liu;nanning zheng;qingyuan wang,A Neural Network Based Method for Automated Classification of Sheep Leather Images,,Neural Network;,Machine Vision Applications,"1992
"
Wei Li,5480,1047,arie e. kaufman;kevin kreeger,Real-Time Volume Rendering for Virtual Colonoscopy,"We present a volume rendering system that is capable of generating high-quality images of large volumetric data (e.g., 5123) in real time (30 frames or more per second). The system is particularly suitable for applications that gen- erate densely occluded scenes of large data sets, such as virtual colonoscopy. The central idea is to divide the volume into sets of",Image Warping;Large Data Sets;Occlusion Culling;Virtual Colonoscopy;Volume Rendering;Real Time;,Volume Graphics,"2001
"
Wei Li,5481,1047,klaus mueller;arie e. kaufman,Empty Space Skipping and Occlusion Clipping for Texture-based Volume Rendering,"We propose methods to accelerate texture-based volume rendering by skipping invisible voxels. We partition the volume into sub-volumes, each containing voxels with similar properties. Sub-volumes composed of only voxels mapped to empty by the transfer function are skipped. To render the adaptively partitioned sub-volumes in visibility order, we reorganize them into an orthogonal BSP tree. We also present an algorithm",Bsp Tree;Graphics Hardware;Volume Rendering;Transfer Function;,IEEE Visualization,"2003
"
Wei Li,5482,1047,xiaoming wei;klaus mueller;arie e. kaufman,Simulating fire with texture splats,"We propose the use of textured splats as the basic display primitives for an open surface fire model. The high-detail textures help to achieve a smooth boundary of the fire and gain the small-scale turbulence appearance. We utilize the Lattice Boltzmann Model (LBM) to simulate physically-based equations describing the fire evolution and its interaction with the environment (e.g., obstacles, wind",Graphics Hardware;Interactive Rendering;lattice boltzmann model;Real Time Simulation;Temperature Field;,IEEE Visualization,"2002
"
Wei Li,5483,1047,arie e. kaufman,Accelerating volume rendering with texture hulls,"Texture-mapping hardware has been successfully exploited for volume rendering. In this paper, we propose algorithms for texture-based volume rendering accelerated by texture hulls that avoid the transferring and compositing of empty voxels. We have developed methods that efficiently find all the bounding rectangles of the non-empty regions as well as the bounding contours that more accurately describe the borders of",Graphics Hardware;Texture Mapping;Volume Rendering;,Volume Visualization and Graphics,"2002
"
Wei Li,5484,1047,xiaoming wei;arie e. kaufman,Interactive Flowing of Highly Viscous Volumes in Virtual Environments,"We present a simple and linear 3D cellular automata approach for animating the behaviors of viscous flow volumes in virtual environ- ments. An accurate modeling of fluid flow usually requires com- plicated physical simulations. In this paper, we concentrate on the behaviors of highly viscous fluids, such as wax, lava, plastic, metal, chocolate, etc. We animate the smooth behaviors of",Dynamic Change;Fluid Flow;Physical Simulation;Texture Mapping;Virtual Environment;Viscous Flow;Viscous Fluid;Cellular Automata;,Virtual Reality,"2003
"
Wei Li,5485,1047,xiaohu huang;nanning zheng,Parallel Implementing OpenGL on PVM,,,Parallel Computing,"1997
"
Wei Li,5486,1047,xiaoming wei;klaus mueller;arie e. kaufman,The Lattice-Boltzmann Method for Simulating Gaseous Phenomena,"We present a physically-based, yet fast and simple method to simulate gaseous phenomena. In our approach, the incompressible Navier-Stokes (NS) equations governing fluid motion have been modeled in a novel way to achieve a realistic animation. We introduce the Lattice Boltzmann Model (LBM), which simulates the microscopic movement of fluid particles by linear and local rules on a grid of",Boundary Condition;Graphics Hardware;Indexing Terms;lattice boltzmann method;lattice boltzmann model;Real Time Rendering;Temperature Field;Velocity Field;navier stokes;Real Time;,IEEE Transactions on Visualization and Computer Graphics,"2004
"
Wei Li,5487,1047,xiaoming wei;ye zhao;zhe fan;feng qiu;suzanne yoakum-stover;arie e. kaufman,Lattice-Based Flow Field Modeling,"We present an approach for simulating the natural dynamics that emerge from the interaction be- tween a flow field and immersed objects. We model the flow field using the Lattice Boltzmann Model (LBM) with boundary conditions appropriate for moving objects, and accelerate the computation on commodity graphics hardware (GPU) to achieve real-time performance. The boundary conditions mediate the exchange of",Boundary Condition;Drag Force;Flow Field;Graphics Hardware;Hardware Accelerator;Indexing Terms;lattice boltzmann model;Moving Object;Spherical Harmonic;Real Time;,IEEE Transactions on Visualization and Computer Graphics,"2004
"
Wei Li,5488,1047,xiaoming wei;arie e. kaufman,Implementing lattice Boltzmann computation on graphics hardware,"LBM is a physically-based approach that simulates the microscopic movement of fluid particles by simple, identical and local rules. We accelerate the computation of the LBM on general-purpose graph- ics hardware, by grouping particle packets into 2D textures and mapping the Boltzmann equations completely to the rasterization and frame buffer operations. We apply stitching and packing to further improve the",Automatic Generation;boltzmann equation;Flow Simulation;Graphics Hardware;lattice boltzmann;lattice boltzmann method;Visual Simulation;Cellular Automata;,The Visual Computer,"2003
"
Wei Li,5489,1048,zhikun zhao,Dynamic Reconfiguration Planning with Influence Control,,Dynamic Reconfiguration;,ACIS International Conference on Computer and Information Science,"2007
"
Wei Li,5490,1048,zhikun zhao,Influence Control for Dynamic Reconfiguration,,Dynamic Reconfiguration;,Australian Software Engineering Conference,"2007
"
Wei Li,5491,1048,lily d. li;russel j. stonier;xinghuo yu,Breaking the Constraints to a High Performance Metacomputing System: A System Approach,,High Performance;System Approach;,Computers and Their Applications,"2005
"
Wei Li,5492,1048,xinghuo yu,Modeling Volunteer Computing Grid on the Web by Socially Intelligent Agents,,Computational Grid;Social Intelligence;,Computers and Their Applications,"2003
"
Wei Li,5493,1048,zhikun zhao,Preserving Global Consistency for Dynamic Reconfiguration,,Dynamic Reconfiguration;,Computers and Their Applications,"2007
"
Wei Li,5494,1048,w. k. daniel pun;minjie zhang,Identifying and Breaking Necessary Constraints to Web-Based Metacomputing,,,International Computer Software and Applications Conference,"2004
"
Wei Li,5495,1048,zhikun zhao,Automating Dynamic Reconfiguration for Non-Stop Dataflow Systems,,Dynamic Reconfiguration;,International Computer Software and Applications Conference,"2007
"
Wei Li,5496,1048,zhikun zhao,Dynamic Reconfiguration of Distributed Data Flow Systems,,Distributed Data;Dynamic Reconfiguration;,International Computer Software and Applications Conference,"2007
"
Wei Li,5497,1048,xinghuo yu,Applying an Evolutionary Algorithm to Web Search: The Methodology of Evagent,,Evolutionary Algorithm;Web Search;,International Conference on Artificial Intelligence,"2002
"
Wei Li,5498,1048,minjie zhang,Distributed Task Plan: A Model for Designing Autonomous Mobile Agents,"In this paper, we present DTP (Distributed Task Plan), a model to depict distributed tasks for executions by mobile agents. DTP is composed of autonomous primitives and can generate the autonomous workflow when a mobile agent executes it. DTP provides mobile agents with navigational and computational autonomies when transporting through the underlying computational network. A mobile agent plans a DTP",Autonomous Agent;Computer Network;Mobile Agent;,International Conference on Artificial Intelligence,"1999
"
Wei Li,5499,1048,quan bai;minjie zhang,A Computational Strategy for Information Integration in Meta-Search Agent Systems,,Agent Systems;Information Integration;,Information and Knowledge Engineering,"2003
"
Wei Li,5500,1048,minjie zhang,DynaInteg: Meta-Ontology Supporting Dynamic Knowledge Sharing and Acquisition for Multi-Agent Cooperation,,Knowledge Sharing;,ISCA Conference on Intelligent Systems,"2000
"
Wei Li,5501,1048,minjie zhang,Persisting Autonomous Workflow for Mobile Agents Using a Mobile Thread Programming Model," In this paper, we present a Mobile Thread Programming Model(MTPM), a model to simulate the persistence of a migratory thread, toovercome the problem of coexistence of mobility, persistence and autonomyfor mobile agents. An advantage of MTPM over other code mobilityparadigms is that the model simulates strong mobility at the application-levelrather than at the system-level as used in many strong mobility-supportingsystems.",Mobile Agent;Model Simulation;Programming Model;,Pacific Rim International Conference on Artificial Intelligence,"1999
"
Wei Li,5502,1048,zhikun zhao,An Agent-Based Adaptive Task-Scheduling Model for Peer-to-Peer Computational Grids,,Peer-to-peer Computing;Task Scheduling;Agent Based;,Pacific Rim International Workshop on Multi-Agents,"2006
"
Wei Li,5503,1048,zhikun zhao,Influence Control for Dynamic Reconfiguration of Data Flow Systems,"Abstract—Influence control is a very challenging,issue in dynamic,reconfiguration,and,still not well addressed in the literature. This paper,argues,that dynamic,reconfiguration influences system execution in four ways: functional update, functional side-effect, logical influence on performance and physical,influence,on,performance.,Methods,including version control, transaction tracing, switching reconfiguration plan, and reconfiguration scheduling have been proposed,for controlling the influence. These methods are integrated,into the Reconfigurable,Data Flow (RDF) model, which is",Case Study;Data Encryption;Data Flow;Digital Signature;Dynamic Reconfiguration;Side Effect;Version Control;,Journal of Software,"2007
"
Wei Li,5504,1048,minjie zhang,Identifying potential synthesis cases in distributed expert systems: a fuzzy logic approach,,Fuzzy Logic;Expert System;,Knowledge Based Systems,"2001
"
Wei Li,5505,1048,,DynaQoS(c)RDF: a best effort for QoS-assurance of dynamic reconfiguration of dataflow systems,,Dynamic Reconfiguration;Best Effort;,Journal of Software Maintenance and Evolution: Research and Practice,"2009
"
Wei Li,5506,1049,,An Iterative Fuzzy Segmentation Algorithm for Recognizing an Odor Source in Near Shore Ocean Environments,,Fuzzy Segmentation;,IEEE Computational Intelligence Magazine,"2007
"
Wei Li,5507,1049,j. e. sutton,Optimization of Source Identification Algorithm Derived from Moth-Inspired Plume Tracing Strategies,,Source Identification;,IEEE Computational Intelligence Magazine,"2007
"
Wei Li,5508,1049,friedrich m. wahl;jiangzhong z. zhou;hong wang;kezhong z. he,Vision-Based Behavior Control of Autonomous Systems by Fuzzy Reasoning,,Autonomic System;Behavioral Control;Fuzzy Reasoning;,Dagstuhl Seminars,"1998
"
Wei Li,5509,1049,mohamound m. elgassier;thomas rutledge;j. e. sutton,Design of a source identification zone for declaring an odor source location in turbulent fluid-advected environments,,Source Identification;,Information Reuse and Integration,"2006
"
Wei Li,5510,1049,,Moth plume-tracing derived algorithm for identifying chemical source in nearshore ocean environments,,,International Conference on Intelligent RObots and Systems - IROS,"2007
"
Wei Li,5511,1049,carl bloomquist;mohamoud m. elgassier;karan srivasta,Multisensor Integration for Declaring the Odor Source of a Plume in Turbulent Fluid-Advected Environments,"A mission of chemical plume tracing (CPT) is to navigate an autonomous underwater vehicle (AUV) to find a chemical plume, to trace the plume to its source, and to declare the source location. This paper presents a multisensor integration strategy for source declaration subsumed in a behavior based control architecture with several individual behaviors. The performance of the proposed strategy",Autonomous Underwater Vehicle;Autonomous Vehicle;behavior-based control;Color Image;Fuzzy Reasoning;Indexing Terms;Length Scale;Sensor Integration;Success Rate;,International Conference on Intelligent RObots and Systems - IROS,"2006
"
Wei Li,5512,1049,,Abstraction of Odor Source Declaration Algorithm from Moth-Inspired Plume Tracing Strategies,,,Robotics and Biomimetics,"2006
"
Wei Li,5513,1049,jay a. farrell;shuo pang;richard m. arrieta,Biologically inspired chemical plume tracing on an autonomous underwater vehicle,,Autonomous Underwater Vehicle;,"IEEE International Conference on Systems, Man, and Cybernetics","2004
"
Wei Li,5514,1049,x. g. chang;friedrich m. wahl;jay a. farrell,Tracking control of a manipulator under uncertainty by FUZZY P+ID controller,,Tracking Control;,Fuzzy Sets and Systems,"2001
"
Wei Li,5515,1049,goutao lu;yongqiang wang,Recognizing white line markings for vision-guided vehicle navigation by fuzzy reasoning,,Fuzzy Reasoning;,Pattern Recognition Letters,"1997
"
Wei Li,5516,1049,hilmar jaschek;dieter wloka,Modifizierung des Roberts' Algorithmus zur graphischen Darstellung von Robotern,,,Robotersysteme,"1990
"
Wei Li,5517,1049,jay a. farrell;shuo pang,Plume mapping via hidden Markov methods,,,"IEEE Transactions on Systems, Man, and Cybernetics","2003
"
Wei Li,5518,1049,x. g. chang;jay a. farrell;friedrich m. wahl,Design of an enhanced hybrid fuzzy P+ID controller for a mechanical manipulator,We propose in this paper an enhanced FUZZY P ID controller to improve control performance in both dynamic transient and steady-state periods for mechanical manipulators under uncertainty. The FUZZY P ID controller adds only two additional parameters to be tuned relative to the original PID controller. One of these parameters is mainly used to reduce a steady-state error. The other,Dynamic Response;Fuzzy Logic Control;Hybrid System;Indexing Terms;Pid Control;Pid Controller;Robot Manipulator;Simulation Study;Steady State;,"IEEE Transactions on Systems, Man, and Cybernetics","2001
"
Wei Li,5519,1050,liang xiao;t. aaron gulliver,Distributed Transmission Power Control for Wireless Sensor Networks,,Transmission Power Control;Wireless Sensor Network;,Conference on Communication Networks and Services Research,"2008
"
Wei Li,5520,1050,hao zhang;t. aaron gulliver,Biorthogonal Pulse Position Modulation for Time-Hopping UWB Systems,,Pulse Position Modulated;Time Hopping;,Conference on Communication Networks and Services Research,"2005
"
Wei Li,5521,1050,hao zhang;t. aaron gulliver,Performance Analysis of NonOrthogonal Pulse Position Modulation for Time-Hopping UWB Transmission,,Performance Analysis;Pulse Position Modulated;Time Hopping;,Conference on Communication Networks and Services Research,"2007
"
Wei Li,5522,1050,t. aaron gulliver,Performance of Hybrid Decision SIC with Transmit Diversity,,Transmit Diversity;,International Conference on Wireless Networks,"2004
"
Wei Li,5523,1050,xiaoling qiu;haiping liu;dipak ghosal;biswanath mukherjee;john benko;rashmi bajaj,Adaptive video compression rate optimization in wireless access networks,,Video Compression;Wireless Access Network;,IEEE Conference on Local Computer Networks,"2009
"
Wei Li,5524,1050,zhiyong feng;jing zhong;t. aaron gulliver,Cognitive Multicast Pilot Scheduling for Heterogeneous Networks,,Heterogeneous Network;,Vehicular Technology Conference,"2010
"
Wei Li,5525,1050,t. aaron gulliver,Optimal Pulse Shaping for Pulse Position Modulation UWB Systems with Sparsity-Driven Signal Detection,,Pulse Position Modulated;Pulse Shaping;Signal Detection;,Vehicular Technology Conference,"2006
"
Wei Li,5526,1050,t. aaron gulliver,Sparsity-Driven Multiple Access Ultra-Wideband Signal Detection,,Multiple Access;Signal Detection;ultra wideband;,Vehicular Technology Conference,"2006
"
Wei Li,5527,1050,pascal pagani;maxim piz;isabelle siaud;eckhard grass;klaus tittelbach-helmrich;anne-marie ulmer-moll;frank herzel,OFDM-Based Millimeter Wave System for High Data Rate WPAN Applications,,Millimeter Wave;High Data Rate;,Vehicular Technology Conference,"2008
"
Wei Li,5528,1050,zhiyong feng;qian li;vanbien le;t. aaron gulliver,Dynamic Spectrum Management for WCDMA and DVB Heterogeneous Systems,,Heterogeneous Systems;Dynamic Spectrum Management;,IEEE Wireless Communications & Networking Conference,"2010
"
Wei Li,5529,1050,t. aaron gulliver;wei zou,A Novel Circle Construction for SONET/WDM Wavelength Assignment,,Wavelength Assignment;,Ieice Transactions,"2006
"
Wei Li,5530,1050,hao zhang;t. aaron gulliver,Capacity and Error Probability Analysis for Orthogonal Space-Time Block Codes over Correlated Rayleigh and Rician Fading Channels,,Error Probability;Fading Channel;Orthogonal Space Time Block Code;,Ieice Transactions,"2005
"
Wei Li,5531,1050,jun wei;michael smith,Performance and Capacity Analysis of UWB Networks over 60GHz WPAN Channel,In this paper we evaluate the system performance and capacity of single carrier ultra-wideband (UWB) net- works over 60GHz wireless personal area network (WPAN) channel. Symbol error rate is derived for both single user and multiple access scenario with a general system capacity and performance evaluation approach based on moment generation function. System outage probability and network throughput performance are,Capacity Analysis;Channel Model;Fading Channel;Indexing Terms;Moment Generating Function;Multiple Access;Outage Probability;Performance Evaluation;Rake Receiver;System Performance;ultra wideband;Wireless Personal Area Network;Single Carrier;Symbol Error Rate;,Journal of Communications,"2008
"
Wei Li,5532,1050,hao zhang;t. aaron gulliver,Pulse Position Amplitude Modulation for Time-Hopping Multiple-Access UWB Communications,,Amplitude Modulated;Multiple Access;Time Hopping;,IEEE Transactions on Communications,"2005
"
Wei Li,5533,1051,jianmin liang;zhiwei xu,VegaFS: A Prototype for File-Sharing Crossing Multiple Administrative Domains,,File Sharing;,Cluster Computing,"2003
"
Wei Li,5534,1051,zhiwei xu;ninghui sun;dan meng,Cluster and Grid Superservers: The Dawning Experiences in China,"This paper summarizes recent activities at Institute of Computing Technology, Chinese Academy of Sciences, in developing superservers for cluster and grid computing. We first identify market and technical trends observed from a Chinese perspective. Then we describe the research work in developing the Dawning series high performance computers and the China computational grid. We also highlight some on-going research work",Computational Grid;Grid Computing;Chinese Academy of Sciences;,Cluster Computing,"2001
"
Wei Li,5535,1051,liqiang cao;jie qiu;li zha;haiyan yu;yuzhong sun,Design and Implementation of Grid File Management System Hotfile,,Design and Implementation;Management System;,Grid and Cooperative Computing,"2004
"
Wei Li,5536,1051,zhiqiang hou;donghua liu;zhiwei xu,GSRP: An Application-Level Protocol for Grid Environments,"The Grid Service Request Protocol (GSRP), a multi-pattern application-level protocol supporting session management and asynchronous communication, is designed to meet application requirements of Web service and Grid service. The GSRP consists of two layers: Message Transporting Layer (MTL) and Application Session Layer (ASL). The MTL controls the transmission procedure of packets on network channels, named as GSRP Dialog. The ASL",Asynchronous Communication;Grid Service;Session Management;Transport Layer;Web Service;,Grid and Cooperative Computing,"2003
"
Wei Li,5537,1051,bingchen li;zhiwei xu,Personal Grid Running at the Edge of Internet,"http://www.ict.ac.cn Abstract. The common Grid systems are running on the backbone of Internet. These high performance computing environment provide a high scalable, high reconstructive Grid services in a C/S mode, while more and more Grid applications require a P2P liked infrastructure for personal intercommunication, resources sharing and collaborative work. Personal Grid, we proposed in VEGA Grid project of ICT, would",Collaborative Work;Grid Applications;Grid Service;Grid System;High Performance Computer;Mandatory Access Control;P2P;P2p System;Resource Sharing;Real Time;,Grid and Cooperative Computing,"2003
"
Wei Li,5538,1051,limin liu;zhiwei xu,A Layered Grid User Expression Model in Grid User Management,"As a main compositive part of the grid user management infrastructure, grid user expression is very important to realize a practical user management system. In this paper, we present a layered user expression model -RUS model and describe each layer's user set and expression method. Then give the model's application. Finally we analysis the model's advantages to the convenience of",Management System;,Grid and Cooperative Computing,"2003
"
Wei Li,5539,1051,zhiwei xu;li cha;haiyan yu;jie qiu;yanzhe zhang,A Service Management Scheme for Grid Systems,"In this paper, we propose a service management scheme named Grid Service Space (GSS) model, which provides application developers a high-level logical view of grid services and a set of primitives to control the full lifecycle of a grid service. The GSS model provides a novel approach to meet the desired management requirements for large-scale service-oriented grids, including loca- tion-independent",Application Development;Fault Tolerant;Grid Service;Grid System;Large Scale;Service Management;Service Orientation;,Grid and Cooperative Computing,"2003
"
Wei Li,5540,1051,jie qiu;haiyan yu;shuoying chen;li cha;zhiwei xu,A Grid Service Lifecycle Management Scheme,"Grid technologies enable large-scale sharing of computing resources and make them open to formal or informal consortia of individuals, who utilize these computing resources by means of consuming Grid Services. In such con- text, a more mature mechanism of Grid Service management, not only on the creation and destruction of Grid Service instances but also on the whole lifecy- cle",Grid Service;Large Scale;,Grid and Cooperative Computing,"2003
"
Wei Li,5541,1051,hao wang;zhiwei xu;yili gong,Agora: Grid Community in Vega Grid,,,Grid and Cooperative Computing,"2003
"
Wei Li,5542,1051,zhiwei xu,Vega Grid: A Computer Systems Approach to Grid Research,,System Approach;,Grid and Cooperative Computing,"2003
"
Wei Li,5543,1051,zhiwei xu;fangpeng dong;jun zhang,Grid Resource Discovery Based on a Routing-Transferring Model,,Resource Discovery;,Grid Computing,"2002
"
Wei Li,5544,1051,fangpeng dong;yili gong;zhiwei xu,Layered Resource Representation in Grid Environment: An Example from VEGA Grid,,,International Conference on Computational Science,"2003
"
Wei Li,5545,1051,yili gong;yuzhong sun;zhiwei xu,A C/S and P2P Hybrid Resource Discovery Framework in Grid Environments,,P2P;Resource Discovery;,International Conference on Parallel Processing,"2005
"
Wei Li,5546,1051,zhiwei xu;hongguang fu;zhenbing zeng,The Vega Grid and Grid-Based Education,"This paper presents research work conducted at Chinese Academy of Sciences, on the Vega Grid technology and dynamic geometry technology, and how the two can integrate to provide a dynamic geometry education system based on grid technology.",Dynamic Geometry;Education System;Chinese Academy of Sciences;,International Conference on Web-Based Learning,"2002
"
Wei Li,5547,1051,qiang yue;zhiwei xu;haiyan yu;li zha,An Approach to Debugging Grid or Web Services,,Web Service;,International Conference on Web Services,"2007
"
Wei Li,5548,1051,xiaoning wang;hong liu;zhiwei xu,A Language-based Approach to Service Deployment,,,IEEE International Conference on Services Computing,"2006
"
Wei Li,5549,1051,xiaoning wang;lijuan xiao;zhiwei xu,Abacus: A Service-Oriented Programming Language for Grid Applications,,Grid Applications;Programming Language;Service Orientation;,IEEE International Conference on Services Computing,"2005
"
Wei Li,5550,1051,li zha;haiyan yu;xianghui xie;nong xiao;zhiwei xu,System Software for China National Grid,,,Network and Parallel Computing,"2005
"
Wei Li,5551,1051,hong liu;xiaoning wang;yili gong;tian luo,A Service-Oriented Virtual Machine for Grid Applications,"Grid computing is a new paradigm for distributed computing, and service technologies become building blocks of grid applications. However, current approaches can not fully free developers from low- level laborious work when building grid applications. We propose a service-oriented virtual machine called Abacus Virtual Machine to support grid application development. As a language level virtual machine, it provides a service-oriented",Building Block;Distributed Computing;Grid Applications;Grid Computing;Service Orientation;Virtual Machine;,Parallel and Distributed Computing: Applications and Technologies,"2006
"
Wei Li,5552,1051,z. xu;b. li;yili gong,The Vega Personal Grid: A Lightweight Grid Architecture,"Grid computing has emerged as a technology to solve the problem of sharing and cooperating of computational resources in wide area. In this paper, we propose a Grid architecture called Vega Personal Grid (the Vega PG). The key feature of the Vega PG is that it is a user- centered lightweight Grid architecture. We make a mapping between traditional computer",Architectural Design;Autonomous Control;Grid Computing;Middleware;Operating System;Software Tool;,Parallel and Distributed Computing Systems,"2002
"
Wei Li,5553,1051,zhiwei xu;li zha;haiyan yu;donghua liu,Vega: A Computer Systems Approach to Grid Computing,,Grid Computing;System Approach;,Journal of Grid Computing,"2004
"
Wei Li,5554,1051,guangwen yang;hai jin;minglu li;nong xiao;zhaohui wu;yongwei wu;feilong tang,Grid Computing in China,"Grid computing presents a new trend to distributed computation and Internet applications, which can construct a virtual single image of heterogeneous resources, provide uniform application interface and integrate widespread computational resources into super, ubiquitous and transparent aggregation. In the adoption of Grid computing, China, who is facing more resource heterogeneity and other specific demands, has put much effort on both",Distributed Computing;Grid Applications;Grid Computing;Grid Middleware;Grid System;Internet Application;Scientific Research;,Journal of Grid Computing,"2004
"
Wei Li,5555,1051,jianmin liang;zhiwei xu,VegaFS: file sharing crossing multiple domains,,File Sharing;,International Journal of High Performance Computing and Networking,"2004
"
Wei Li,5556,1051,yili gong;fangpeng dong;zhiwei xu,VEGA Infrastructure for Resource Discovery in Grids,,Resource Discovery;,Journal of Computer Science and Technology,"2003
"
Wei Li,5557,1052,andrew w. moore,Learning for accurate classification of real-time traffic,Accurate network traffic classification is an important task. We intend to develop an intelligent classification system by learning the types of service inside a network flow using machine learning techniques. Previous work used Bayesian methods for traffic classification. In this paper we propose a further plan to identify a fine-grained traffic classification scheme through combining a series of techniques.,bayesian method;Classification System;Machine Learning;Network Flow;Network Traffic;Real-time Traffic;Traffic Classification;Type of Service;,Conference on Emerging Network Experiment and Technology,"2006
"
Wei Li,5558,1052,martin zádník;marco canini;andrew w. moore;david j. miller,Tracking elephant flows in internet backbone traffic with an FPGA-based cache,"This paper presents an FPGA-friendly approach to track- ing elephant flows in network traffic. Our approach, Single Step Segmented Least Recently Used (S3-LRU) policy, is a network traffic-friendly replacement policy for maintaining flow states in a Na¨õve Hash Table (NHT). We demonstrate that our S3-LRU approach preserves elephant flows: con- servatively promoting potential elephants and evicting low- rate flows in",Elephants;Hash Table;Network Traffic;Replacement Policy;Least Recently Used;,Field-Programmable Logic and Applications,"2009
"
Wei Li,5559,1052,andrew w. moore,A Machine Learning Approach for Efficient Traffic Classification,"Online traffic classification continues to be of long- term interest to the networking community. It serves as the input for practical solutions such as network monitoring, quality- of-service and intrusion-detection. In this paper we present a machine-learning approach that accurately classifies internet traffic using C4.5 decision tree. Accuracy is not our only concern; the latency and throughput are also of",Internet Traffic;Intrusion Detection;Machine Learning;Network Monitoring;Quality of Service;Traffic Classification;Decision Tree;,"Modeling, Analysis, and Simulation On Computer and Telecommunication Systems","2007
"
Wei Li,5560,1052,marco canini;andrew w. moore;raffaele bolla,GTVS: Boosting the Collection of Application Traffic Ground Truth,"Interesting research in the areas of traffic classification, net- work monitoring, and application-oriented analysis can not proceed with- out real traffic traces, labeled with actual application information. How- ever, hand-labeled traces are an extremely valuable but scarce resource in the traffic monitoring and analysis community, as a result of both privacy concerns and technical difficulties. Hardly any possibilityexists for payloaded",Case Study;Traffic Classification;Traffic Monitoring;Ground Truth;,Networking,"2009
"
Wei Li,5561,1052,marco canini;andrew w. moore;raffaele bolla,Efficient application identification and the temporal and spatial stability of classification schema,"Motivated by the importance of accurate identification for a range of applica tions, this paper compares and contrasts the effective and efficient classification of network-based applications using behavioral observations of network-traffic and thos e using Deep-Packet Inspection. Importantly, throughout our work we are able to make comparison with data possessing an accurate, independently-determined ground-truth that describes the actual applications causing",Classification Accuracy;Deep Packet Inspection;Machine Learning;Network Traffic;Spatial Diversity;Traffic Classification;Ground Truth;,Computer Networks and Isdn Systems,"2009
"
Wei Li,5562,1053,andrew mccallum,Semi-Supervised Sequence Modeling with Syntactic Topic Models,"Although there has been significant previous work on semi-supervised learning for classification, there has been relatively little in sequence modeling. This pa- per presents an approach that leverages recent work in manifold-learning on sequences to discover word clus- ters from language data, including both syntactic classes and semantic topics. From unlabeled data we form a smooth, low-dimensional feature space, where",Error Reduction;Feature Space;Manifold Learning;part-of-speech tagging;Semi Supervised Learning;Statistical Significance;Unlabeled Data;Word Segmentation;con ditional random fields;,National Conference on Artificial Intelligence,"2005
"
Wei Li,5563,1053,andrew mccallum,Pachinko allocation: DAG-structured mixture models of topic correlations,"Latent Dirichlet allocation (LDA) and other related topic models are increasingly popu- lar tools for summarization and manifold dis- covery in discrete data. However, LDA does not capture correlations between topics. In this paper, we introduce the pachinko alloca- tion model (PAM), which captures arbitrary, nested, and possibly sparse correlations be- tween topics using a directed acyclic graph (DAG). The",Directed Acyclic Graph;Discrete Data;Latent Dirichlet Allocation;Mixture Model;,International Conference on Machine Learning,"2006
"
Wei Li,5564,1053,david m. mimno;andrew mccallum,Mixtures of hierarchical topics with Pachinko allocation,"The four-level pachinko allocation model (PAM) (Li &amp; McCallum, 2006) represents correlations among topics using a DAG struc- ture. It does not, however, represent a nested hierarchy of topics, with some top- ical word distributions representing the vo- cabulary that is shared among several more specic topics. This paper presents hierar- chical PAM |an enhancement that explic- itly represents a",Mutual Information;,International Conference on Machine Learning,"2007
"
Wei Li,5565,1053,david pinto;michael branstein;ryan coleman;w. bruce croft;matthew king;xing wei,QuASM: a system for question answering using semi-structured data,"This paper describes a system for question answering using semi-structured metadata, QuASM (pronounced ""chasm""). Question answering systems aim to improve search performance by providing users with specific answers, rather than having users scan retrieved documents for these answers. Our goal is to answer factual questions by exploiting the structure inherent in documents found on the World Wide Web (WWW). Based",Document Retrieval;Indexation;Language Model;Question Answering;Question Answering System;semi-structured data;Structured Documents;World Wide Web;,ACM/IEEE Joint Conference on Digital Libraries,"2002
"
Wei Li,5566,1053,xuerui wang;ruofei zhang;ying cui;jianchang mao;rong jin,Exploitation and exploration in a performance based contextual advertising system,"The dynamic marketplace in online advertising calls for ranking systems that are optimized to consistently promote and capitalize better performing ads. The streaming nature of online data inevitably makes an advertising system choose between maximizing its expected revenue according to its current knowledge in short term (exploitation) and trying to learn more about the unknown to improve its knowledge (exploration),",Online Advertising;Reinforcement Learning;Simulation Framework;Click Through Rate;,Knowledge Discovery and Data Mining,"2010
"
Wei Li,5567,1053,andrew mccallum,Rapid development of Hindi named entity recognition using conditional random fields and feature induction,"This paper describes our application of conditional random fields with feature induction to a Hindi named entity recognition task. With only five days development time and little knowledge of this language, we automatically discover relevant features by providing a large array of lexical tests and using feature induction to automatically construct the features that most increase conditional likelihood. In an",Conditional Random Field;Cross Validation;Development Time;Named Entity Recognition;,ACM Transactions on Asian Language Information Processing,"2003
"
Wei Li,5568,1054,karen daniels;konstantin a. rybnikov,A Study of Conway's Thrackle Conjecture,,,Canadian Conference on Computational Geometry,"2006
"
Wei Li,5569,1054,cindy chen;jie wang,PCS: An Efficient Clustering Method for High-Dimensional Data,"Clustering algorithms play an important role in data analysis and information retrieval. How to obtain a clustering for a large set of high- dimensional data suitable for database applications remains a challenge. We devise in this paper a set-theoretic clustering method called PCS (Pair- wise Consensus Scheme) for high-dimensional data. Given a large set of d-dimensional data, PCS flrst constructs",Cluster Algorithm;Clustering Method;Data Analysis;High Dimension;High Dimensional Data;Information Retrieval;Numerical Experiment;,Int. Conf. on Data Mining,"2008
"
Wei Li,5570,1054,cindy chen,Efficient data modeling and querying system for multidimensional spatial data,"Multi-dimensional spatial data are obtained when a number of data acquisition devices are deployed at difierent locations to measure a certain set of attributes of the study subject. How to manipulate these spatial data remains a challenge to the database community, especially when the spatial loca- tions are represented in 3D. In this work, we establish a data model to",Data Acquisition;Data Model;Point Cloud;Spatial Analysis;Spatial Data;Multi Dimensional;,Workshop on Advances in Geographic Information Systems,"2008
"
Wei Li,5571,1054,cindy chen,SQS - A Secure XML Querying System,"Contemporary XML database querying systems have to deal with a rapidly growing amount of data and a large number of users. As a consequence, if access control is used to protect sensitive XML data at a flne-grained level, it is ine-cient when it comes to query evaluation, since it is di-cult to enforce access control on each node in an",Design and Development;Query Evaluation;Secure System;Xml Database;Xml Document;Access Control;,International Conference on Enterprise Information Systems,"2008
"
Wei Li,5572,1055,xiaoqiang li;xiangyang xue,Robust Spatial Data Hiding for Color Images,,Color Image;Spatial Data;,Communications and Multimedia Security,"2003
"
Wei Li,5573,1055,xiaoqiang li;xiangyang xue,An Optimized Multi-bits Blind Watermarking Scheme,,,International Conference on Information and Communication Security,"2003
"
Wei Li,5574,1055,bin yang;xiaoqiang li,A Robust Mesh Watermarking Scheme Based on PCA,,,IEEE Internet Computing,"2009
"
Wei Li,5575,1055,xiaoqiang li;zhiyan du;peizhong lu;xiangyang xue,Multichannel Data Hiding Scheme for Color Images,,Color Image;Data Hiding;,International Symposium on Information Technology,"2003
"
Wei Li,5576,1055,xiangyang xue;xiaoqiang li;peizhong lu,A Novel Feature-Based Robust Audio Watermarking for Copyright Protection,,Audio Watermarking;Copyright Protection;,International Symposium on Information Technology,"2003
"
Wei Li,5577,1055,xiangyang xue,Audio Watermarking Based on Music Content Analysis: Robust against Time Scale Modification,,Audio Watermarking;Content Analysis;Time Scale;,International Workshop on Digital Watermarking,"2003
"
Wei Li,5578,1055,xiangyang xue,Content Based Localized Robust Audio Watermarking,,Audio Watermarking;,Multimedia Interactive Protocols and Systems,"2003
"
Wei Li,5579,1055,yaduo liu;xiangyang xue,Robust audio identification for MP3 popular music,"Audio identification via fingerprint has been an active research field with wide applications for years. Many technical papers were published and commercial software systems were also employed. However, most of these previously reported methods work on the raw audio format in spite of the fact that nowadays compressed format audio, especially MP3 music, has grown into the dominant way to",Music Information Retrieval;Personal Computer;Software Systems;Time Scale;Band Pass Filter;,Research and Development in Information Retrieval,"2010
"
Wei Li,5580,1055,yaduo liu;xiangyang xue,Robust music identification based on low-order zernike moment in the compressed domain,"In this paper, we devise a novel robust music identification algorithm utilizing compressed-domain audio Zernike moment adapted from image processing techniques as the pivotal feature. Audio fingerprint derived from this feature exhibits strong robustness against various audio signal distortions including the challenging pitch shifting and time-scale modification. Experiments show that in our test dataset composed of 1822 popular songs, a",Image Processing Techniques;Time Scale;Zernike Moment;,Research and Development in Information Retrieval,"2010
"
Wei Li,5581,1055,xiangyang xue;xiaoqiang li,Audio Watermarking Based on Statistical Feature in Wavelet Domain,,Audio Watermarking;,World Wide Web Conference Series,"2003
"
Wei Li,5582,1055,xiangyang xue;peizhong lu,Localized audio watermarking technique robust against timescale modification,,Audio Watermarking;Time Scale;,IEEE Transactions on Multimedia,"2006
"
Wei Li,5583,1056,yong wang;dawu gu;hongjiao li;jing li,Network Intrusion Detection with Workflow Feature Definition Using BP Neural Network,,Network Intrusion Detection;Neural Network;,International Symposium on Neural Networks,"2009
"
Wei Li,5584,1056,dawu gu,An Approach for Symmetric Encryption Against Side Channel Attacks in Provable Security,,Provable Security;Symmetric Encryption;Side Channel Attacks;,Provable Security,"2007
"
Wei Li,5585,1056,dawu gu;juanru li,Differential fault analysis on the ARIA algorithm,,Fault Analysis;,Information Sciences,"2008
"
Wei Li,5586,1056,dawu gu;juanru li;zhiqiang liu;ya liu,Differential fault analysis on Camellia,,Fault Analysis;,Journal of Systems and Software,"2010
"
Wei Li,5587,1056,dawu gu;wang yi,"Differential fault analysis on the contracting UFN structure, with application to SMS4 and MacGuffin",,Fault Analysis;,Journal of Systems and Software,"2009
"
Wei Li,5588,1057,raed shatnawi,An empirical study of the boundary values of the object-oriented metrics,,Empirical Study;Object-oriented Metrics;,Computer Applications in Industry and Engineering,"2006
"
Wei Li,5589,1057,raed shatnawi,An Investigation of Bad Smells in Object-Oriented Design,,Object Oriented Design;,International Conference on Information Technology: New Generations,"2006
"
Wei Li,5590,1057,huaming zhang;raed shatnawi,A Graph-Based Representation of Object-Oriented Designs,This article proposes a general graph-based representation for modeling Object Oriented (OO) soft- ware designs. The advantages of the representation over the Unified Modeling Language (UML) are: it formalizes the link between primitive OO design features and primitive entities of graphs; it models all the design features of an OO design in one cohesive graph; it provides us a convenient,Formal Analysis;Graph Representation;Object Oriented;Object Oriented Design;Small World;Software Metric;Unified Modeling Language;,Software Engineering Research and Practice,"2006
"
Wei Li,5591,1057,raed shatnawi;huaming zhang,Predicting Error Probability in the Eclipse Project,"Object-oriented software metrics have been shown to be able to predict various software quality factors. This paper investigated whether the metrics could predict class error probability and whether the predicted probability could group classes in the object-oriented design. We found, in an open source system, that a set of object-oriented metrics could predict class error probability and the probability could",Empirical Study;Error Probability;Object Oriented Design;Object-oriented Metrics;Object-oriented Software;Open Source;Prediction Error;Software Quality;,Software Engineering Research and Practice,"2006
"
Wei Li,5592,1057,raed shatnawi,An empirical study of the bad smells and class error probability in the post-release object-oriented system evolution,,Empirical Study;Error Probability;Object Oriented Systems;,Journal of Systems and Software,"2007
"
Wei Li,5593,1057,raed shatnawi,The effectiveness of software metrics in identifying error-prone classes in post-release software evolution process,,Software Evolution;Software Metric;,Journal of Systems and Software,"2008
"
Wei Li,5594,1057,raed shatnawi;james swain;tim newman,Finding software metrics threshold values using ROC curves,,Roc Curve;Software Metric;,Journal of Software Maintenance and Evolution: Research and Practice,"2010
"
Wei Li,5595,1058,keshav pingali,Access Normalization: Loop Restructuring for NUMA Compilers,"In scalable parallel machines, processors can make local memory accesses much faster than they can make remote memory accesses. In addition, when a number of remote accesses must be made, it is usually more efficient to use block transfers of data rather than to use many small messages. To run well on such machines, software must exploit these features. We",Lattice Theory;Loop Transformation;Memory Access;Parallel Machines;Remote Access;Basic Linear Algebra Subprograms;Remote Memory Access;FORTRAN;,Architectural Support for Programming Languages and Operating Systems,"1992
"
Wei Li,5596,1058,somnath ghosh;abhay kanhere;rakesh krishnaiyer;dattatraya kulkarni;chu-cheow lim;ng john,Integrating High-Level Optimizations in a Production Compiler: Design and Implementation Experience,,Design and Implementation;,Compiler Construction,"2003
"
Wei Li,5597,1058,youfeng wu;mauricio j. serrano;rakesh krishnaiyer;jesse fang,Value-Profile Guided Stride Prefetching for Irregular Code,,,Compiler Construction,"2002
"
Wei Li,5598,1058,michal cierniak;mohammed javeed zaki,Loop Scheduling for Heterogeneity,"In this paper, we study the problem of scheduling par- allel loops at compile-time for a heterogeneous network of machines. We considerheterogeneity in three aspects of parallel programming: program, processor and network. A heterogeneous program has parallel loops with different amount of work in each iteration; heterogeneous proces- sors have different speeds; and a heterogeneous network has different cost of",Heterogeneous Network;Load Balance;Loop Scheduling;Optimal Scheduling;Parallel Programs;,IEEE International Symposium on High Performance Distributed Computing,"1995
"
Wei Li,5599,1058,mohammed javeed zaki;srinivasan parthasarathy,Customized Dynamic Load Balancing for a Network of Workstations,,Dynamic Load Balancing;Network of Workstation;,Journal of Parallel and Distributed Computing,"1997
"
Wei Li,5600,1058,arun kejariwal;hideki saito;xinmin tian;milind girkar;utpal banerjee;constantine d. polychronopoulos,Lightweight lock-free synchronization methods for multithreading,"Emergence of chip multiprocessors has created a need for exploitation of beyond DOALL-type thread-level parallelism (TLP). This calls for development of efficient thread synchronization techniques to exploit TLP in general parallel programs with dependences. For this, several thread synchronization techniques have been proposed in the past. However, these limit the exploitation of fine-grain TLP due to large run-time overhead. Furthermore,",Chip Multiprocessor;Memory Model;Parallel Programs;Sequential Consistency;Thread Level Parallelism;,International Conference on Supercomputing,"2006
"
Wei Li,5601,1058,arun kejariwal;xinmin tian;milind girkar;sergey kozhukhov;hideki saito;utpal banerjee;alexander v. veidenbaum;constantine d. polychronopoulos,On the performance potential of different types of speculative thread-level parallelism: The DL version of this paper includes corrections that were not made available in the printed proceedings,"Recent research in thread-level speculation (TLS) has proposed several mechanisms for optimistic execution of difficult-to-analyze serial codes in parallel. Though it has been shown that TLS helps to achieve higher levels of parallelism, evaluation of the unique performance potential of TLS, i.e., performance gain that be achieved only through speculation, has not received much attention. In this paper, we evaluate",Arithmetic Mean;Control Dependence;Data Dependence;Geometric Mean;Performance Evaluation;Speculative Execution;Standard Deviation;Thread Level Parallelism;Thread Level Speculation;Upper Bound;,International Conference on Supercomputing,"2006
"
Wei Li,5602,1058,michal cierniak,Interprocedural Array Remapping,Programming languages like Fortran or C define exactly the layout of array elements in memory. Programmers often use that definition to access the same memory via variables of different types. For many real programs this practice makes changing the layout of an array impossible without violating the semantics of the program since the same memory block may be accessed via,Compiler Optimization;Data Transformation;Programming Language;FORTRAN;,International Conference on Parallel Architectures and Compilation Techniques,"1997
"
Wei Li,5603,1058,john ng;dattatraya kulkarni;robert cox;scott bobholz,"Inter-Procedural Loop Fusion, Array Contraction and Rotation","In this paper, we present the design and implementation of an inter-procedural loop fusion, array contraction and rotation technique in a production compiler. We provide experimental results to show that this technique improves SPECfp2000 benchmarks by 12%. The technique employs a locality-conscious inter-procedural analysis to drive inlining decisions. It then uses regular section analysis and code motion techniques to enable",Code Motion;Design and Implementation;Loop Fusion;,International Conference on Parallel Architectures and Compilation Techniques,"2003
"
Wei Li,5604,1058,xinmin tian;rakesh krishnaiyer;hideki saito;milind girkar,Impact of Compiler-based Data-Prefetching Techniques on SPEC OMP Application Performance,"In this paper, we evaluate the benefits achievable from software data-prefetching techniques for OpenMP* C/C++ and Fortran benchmark programs, using the framework of the Intel production compiler for the Intel Itanium® 2 processor. Prior work on software data-prefetching study has primarily focused on benchmark performance in the context of a few software data-prefetching schemes developed in research compilers. In contrast,",Compiler Optimization;data prefetching;Multiprocessor Systems;Performance Evaluation;Shared Memory Multiprocessor;Thread Level Parallelism;FORTRAN;,International Parallel and Distributed Processing Symposium/International Parallel Processing Symposium,"2005
"
Wei Li,5605,1058,srinivasan parthasarathy;mohammed javeed zaki,Memory Placement Techniques for Parallel Association Mining,"Many data mining tasks (e.g., Association Rules, Sequen- tial Patterns) use complex pointer-based data structures (e.g., hash trees) that typically suffer from sub-optimal data local- ity. In the multiprocessor case shared access to these data structures may also result in false sharing. For these tasks it is commonly observed that the recursive data structure is built once and accessed multiple",Association Mining;Association Rule;Data Locality;Data Mining;Data Structure;Distributed Memory Machine;Perforation;Recursive Data Structure;Sequential Pattern;,Knowledge Discovery and Data Mining,"1998
"
Wei Li,5606,1058,mohammed javeed zaki;srinivasan parthasarathy;mitsunori ogihara,New Algorithms for Fast Discovery of Association Rules,"Discovery of association rules is an important problem in database mining. In this paper we present new algorithms for fast association min- ing, which scan the database only once, address- ing the open question whether all the rules can be efficiently extracted in a single database pass. The algorithms use novel itemset clustering tech- niques to approximate the set of",Association Rule;frequent itemset;Bottom Up;,Knowledge Discovery and Data Mining,"1997
"
Wei Li,5607,1058,michal cierniak,Recovering Logical Structures of Data,"Abstract. Many powerful parallelizing compiler techniques rely on the structures of data and code. Unfortunately, in many real applications, arrays do not have syntactic structures. In this paper, we show that logical da ta structures can be automatically recovered from the flat, one-dimensional arr ays and accesses. We present a framework,and algorithms for recovering the logic al multi-dimensional data structures.",Data Structure;Parallelizing Compilers;Multi Dimensional;,Languages and Compilers for Parallel Computing,"1995
"
Wei Li,5608,1058,richard johnson;keshav pingali,An Executable Representation of Distance and Direction," The dependence flow graph is a novel intermediate representation for optimizingand parallelizing compilers that can be viewed as an executable representationof program dependences. The execution model, called dependencedrivenexecution, is a generalization of the tagged-token dataflow model thatpermits imperative updates to memory. The dependence flow graph subsumesother representations such as continuation-passing style [12], data dependencegraphs [13], and static single assignment form...",Continuation Passing Style;Intermediate Representation;Parallelizing Compilers;Static Single Assignment Form;,Languages and Compilers for Parallel Computing,"1991
"
Wei Li,5609,1058,keshav pingali,A Singular Loop Transformation Framework Based on NonSingular Matrices,,Loop Transformation;,Languages and Compilers for Parallel Computing,"1992
"
Wei Li,5610,1058,michal cierniak,Unifying Data and Control Transformations for Distributed Shared Memory Machines,,Compiler Optimization;Data Locality;Data Transformation;Distributed Shared Memory;Memory Hierarchy;Parallel Machines;Pure Data;,Sigplan Notices,"1995
"
Wei Li,5611,1058,arun kejariwal;xinmin tian;milind girkar;sergey kozhukhov;utpal banerjee;alexander v. veidenbaum;constantine d. polychronopoulos,Tight analysis of the performance potential of thread speculation using spec CPU 2006,"Multi-cores such as the Intel®1 Core™2 Duo processor, facilitate efficient thread-level parallel execution of ordinary programs, wherein the different threads-of-execution are mapped onto different physical processors. In this context, several techniques have been proposed for auto-parallelization of programs. Recently, thread-level speculation (TLS) has been proposed as a means to parallelize difficult-to-analyze serial codes. In general, more than one technique can",Data Dependence;Limiting Factor;Performance Evaluation;Speculative Execution;Thread Level Parallelism;Thread Level Speculation;Upper Bound;,Principles and Practice of Parallel Programming,"2007
"
Wei Li,5612,1058,mohammed javeed zaki;srinivasan parthasarathy;mitsunori ogihara,Evaluation of Sampling for Data Mining of Association Rules,"Discovery of association rules is a prototypical problem in data mining. The current algorithms proposed for data mining of association rules make repeated passes over the database to determine the commonly occurring itemsets (or set of items). For large databases, the I/O overhead in scan- ning the database can be extremely high. In this paper we show that random sampling",Association Rule;Data Mining;Experimental Evaluation;Random Sampling;,Research Issues in Data Engineering,"1997
"
Wei Li,5613,1058,geoffrey fox;sanjay ranka;michael l. scott;allen d. malony;james c. browne;marina c. chen;alok n. choudhary;thomas cheatham;janice e. cuny;rudolf eigenmann;amr f. fahmy;ian t. foster;dennis gannon;tomasz haupt;carl kesselman;charles koelbel;monica s. lam;thomas j. leblanc;jim openshaw;david a. padua;constantine d. polychronopoulos;joel h. saltz;alan sussman;gil weigand;katherine a. yelick,Common runtime support for high-performance parallel languages,,High Performance;Parallel Languages;,Supercomputing Conference,"1993
"
Wei Li,5614,1058,keshav pingali,Loop Transformations for NUMA Machines,,Loop Transformation;,SIGPLAN Workshops,"1992
"
Wei Li,5615,1058,mohammed javeed zaki;srinivasan parthasarathy,A localized algorithm for parallel association mining,Discovery of association rules is an important database mining problem. Mining for association rules involves extracting pat- terns from large databases and inferring useful rules from them. Several parallel and sequential algorithms have been proposed in the literature to solve this problem. Almost all of these algo- rithms make repeated passes over the database to determine the commonly occurring patterns,Association Mining;Association Rule;Data Consistency;frequent itemset;Local Algorithm;Parallel Algorithm;Process Mining;Decision Support;Knowledge Discovery and Data Mining;,ACM Symposium on Parallel Algorithms and Architectures,"1997
"
Wei Li,5616,1058,michal cierniak;mohammed javeed zaki,Compile-Time Scheduling Algorithms for a Heterogeneous Network of Workstations," this paper, we study the problem of scheduling parallel loops at compile-timefor a heterogeneous network of workstations. We consider heterogeneity in variousaspects of parallel programming: program, processor, memory and network. Aheterogeneous program has parallel loops with different amount of work in eachiteration; heterogeneous processors have different speeds; heterogeneous memoryrefers to the different amount of user-available memory on the machines; and",Heterogeneous Network;Parallel Programs;Scheduling Algorithm;,The Computer Journal,"1997
"
Wei Li,5617,1058,michal cierniak,Just-in-Time Pptimizations for High-Performance Java Programs,Our previous experience with an off-line Java optimizer (6) has shown that some traditional algorithms used in compilers are too slow for a JIT compiler. In this paper we propose and implement faster ways of performing analyses needed for our optimizations. For instance we have replaced reaching definition with constant values and loop induction variables with loop-defined variables. As the,High Performance;Java Programming;Just In Time;FORTRAN;,Concurrency and Computation: Practice and Experience,"1997
"
Wei Li,5618,1058,michal cierniak,Optimizing Java bytecodes,"SUMMARY We have developed a research compiler for Java class files. The compiler, which we call Briki, is designed to test new compilation techniques. We focus on optimiza- tions which are only possible or much easier to perform on a high-level intermediate representation. We have designed such a representation, JavaIR, and have written a front-end which recovers high-level structure from",Intermediate Representation;java bytecode;Memory Hierarchy;Front End;Just In Time;Multi Dimensional;,Concurrency and Computation: Practice and Experience,"1997
"
Wei Li,5619,1058,mohammed javeed zaki;srinivasan parthasarathy;mitsunori ogihara,Parallel Algorithms for Discovery of Association Rules,,Association Rule;Parallel Algorithm;,Data Mining and Knowledge Discovery,"1997
"
Wei Li,5620,1058,mohammed javeed zaki;srinivasan parthasarathy,Customized Dynamic Load Balancing for a Network of Workstations,,Dynamic Load Balancing;Network of Workstation;,Journal of Parallel and Distributed Computing,"1997
"
Wei Li,5621,1058,srinivasan parthasarathy;mohammed javeed zaki;mitsunori ogihara,Parallel Data Mining for Association Rules on Shared-Memory Systems,"In this paper we present a new parallel algorithm for data mining of association rules on shared-memory multiprocessors. We study the degree of parallelism, synchroniza- tion, and data locality issues, and present optimizations for fast frequency computation. Experiments show that a signicant improvement of performance is achieved using our proposed optimizations. We also achieved good speed-up for the parallel algorithm.",Association Rule;Computer Experiment;Data Locality;Data Mining;Data Structure;Parallel Algorithm;Recursive Data Structure;Sequential Pattern;Shared Memory Multiprocessor;Shared Memory System;,Knowledge and Information Systems,"2001
"
Wei Li,5622,1058,rakesh krishnaiyer;dattatraya kulkarni;daniel m. lavery;chu-cheow lim;ng john;david c. sehr,An Advanced Optimizer for the IA64 Architecture,,,IEEE Micro,"2000
"
Wei Li,5623,1058,keshav pingali,Access normalization: loop restructuring for NUMA computers,"In scalable parallel machines, processors can make local memory accesses much faster than they can make remote memory accesses. Additionally, when a number of remote accesses must be made, it is usually more efficient to use block transfers of data rather than to use many small messages. To run well on such machines, software must exploit these features. We believe",Data Distribution;Data Locality;Lattice Theory;Loop Transformation;Memory Access;Parallel Machines;Parallelizing Compilers;Remote Access;Basic Linear Algebra Subprograms;Remote Memory Access;FORTRAN;,ACM Transactions on Computer Systems,"1993
"
