author,pid,label,coauthor,title,abstract,keywords,venue,year
Wolfgang M&uuml;ller,6010,1094,soufyane el allali;daniel blank;andreas henrich,Image Data Source Selection Using Gaussian Mixture Models,,Gaussian Mixture Model;,Adaptive Multimedia Retrieval,"2007
"
Wolfgang M&uuml;ller,6011,1094,andreas henrich;martin eisenhardt,Aspects of Adaptivity in P2P Information Retrieval,"Peer-to-Peer networks are comprised of multiple indepen- dently administered computers (peers) that cooperate via a common protocol in order to achieve a goal common to the peers. Helping the user find relevant information in a P2P network is the subject of the field of Peer-to-Peer IR. In order to be successful, a P2P-IR system needs to be adaptive in several",Information Retrieval;Multimedia Retrieval;P2P;P2p Networks;Peer To Peer;Peer-to-peer Network;,Adaptive Multimedia Retrieval,"2006
"
Wolfgang M&uuml;ller,6012,1094,martin eisenhardt;andreas henrich,Scalable summary based retrieval in P2P networks,"Much of the present P2P-IR literature is focused on distributed indexing structures. Within this paper, we present an approach based on the replication of peer data summaries via rumor spreading and multicast in a structured overlay.We will describe Rumorama, a P2P framework for similar-ity queries inspired by GlOSS and CORI and their P2P-adaptation, PlanetP. Rumorama achieves a hierarchization of PlanetP-like",Index Structure;P2P;P2p Networks;Similarity Search;,International Conference on Information and Knowledge Management,"2005
"
Wolfgang M&uuml;ller,6013,1094,andreas henrich,Faster Exact Histogram Intersection on Large Data Collections Using Inverted VA-Files,,Large Data;,Conference on Image and Video Retrieval,"2004
"
Wolfgang M&uuml;ller,6014,1094,andreas henrich,Reducing I/O Cost of Similarity Queries by Processing Several at a Time,,,Computer Vision and Pattern Recognition,"2004
"
Wolfgang M&uuml;ller,6015,1094,martin eisenhardt;andreas henrich,Classifying Documents by Distributed P2P Clustering,Clustering documents into classes is an important task in many Information Retrieval (IR) systems. This achieved grouping enables a description of the contents of the document collection in terms of the classes the documents fall into. The com- pactness of such a description is even more desirable in cases where the document collection is spread across different computers and locations;,Information Retrieval;Large Scale System;P2P;P2p Networks;Peer To Peer;Short Form;,GI-Jahrestagung,"2003
"
Wolfgang M&uuml;ller,6016,1094,andreas henrich,Parameters in P2P-IR,,P2P;,GI-Jahrestagung,"2006
"
Wolfgang M&uuml;ller,6017,1094,henning müller;david mcg. squire,Automated Benchmarking In Content-Based Image Retrieval," Benchmarking has always been a crucial problem in content-based image retrieval (CBIR). A key issue is the lack of a common access method to retrieval systems, such as SQL for relational databases. The Multimedia Retrieval Mark-up Language (MRML) solves this problem by standardizing access to CBIR systems (CBIRSs). Other difficult problems are also shortly addressed, such as obtaining relevance judgments",Access Method;Content Based Image Retrieval;Multimedia Retrieval;Performance Comparison;Relational Database;,International Conference on Multimedia Computing and Systems/International Conference on Multimedia and Expo,"2001
"
Wolfgang M&uuml;ller,6018,1094,henning müller;stéphane marchand-maillet;thierry pun;david mcg. squire,Strategies for Positive and Negative Relevance Feedback in Image Retrieval,"Relevance feedback has been shown to be a very effec- tive tool for enhancing retrieval results in text retrieval. In content-based image retrieval it is more and more fre- quently used and very good results have been obtained. However, too much negative feedback may destroy a query as good features get negative weightings. This paper compares a variety of strategies",Content Based Image Retrieval;Image Retrieval;Negative Feedback;Relevance Feedback;Text Retrieval;,International Conference on Pattern Recognition,"2000
"
Wolfgang M&uuml;ller,6019,1094,martin eisenhardt;andreas henrich;daniel blank;soufyane el allali,Clustering-Based Source Selection for Efficient Image Retrieval in Peer-to-Peer Networks,,Peer-to-peer Network;,International Symposium on Multimedia,"2006
"
Wolfgang M&uuml;ller,6020,1094,henning müller;david mcg. squire,Learning Feature Weights from User Behavior in Content-Based Image Retrieval,,Content Based Image Retrieval;Feature Weighting;User Behavior;,Knowledge Discovery and Data Mining,"2000
"
Wolfgang M&uuml;ller,6021,1094,daniel blank;andreas henrich,Designing Benchmarks for the Evaluation of Peer-to-Peer Informational Retrieval Systems,,Information Retrieval System;,"Lernen, Wissensentdeckung und Adaptivit?t","2008
"
Wolfgang M&uuml;ller,6022,1094,daniel blank;soufyane el allali;andreas henrich,Sample-based creation of peer summaries for efficient similarity search in scalable peer-to-peer networks,"In this paper we introduce a simple yet experimentally convincing approach in the research field of source selection for content-based similarity search in P2P networks or, more concretely, in summary-based P2P systems. In these systems, summaries are used for data source selection when performing k-NN queries on distributed collections of documents represented by feature vectors. We introduce a new type",Feature Vector;Image Features;Indexation;P2P;P2p Networks;P2p System;Peer-to-peer Network;Similarity Search;,Multimedia Information Retrieval,"2007
"
Wolfgang M&uuml;ller,6023,1094,martin eisenhardt;andreas henrich,Fast retrieval of high-dimensional feature vectors in P2P networks using compact peer data summaries,,Feature Vector;High Dimensionality;P2p Networks;,Multimedia Systems,"2005
"
Wolfgang M&uuml;ller,6024,1094,p. oscar boykin;nima sarshar;vwani p. roychowdhury,Comparison of Image Similarity Queries in P2P Systems,"Given some of the recent advances in Distributed Hash Table (DHT) based Peer-To-Peer (P2P) systems we ask the following questions: Are there applications where unstructured queries are still necessary (i.e., the underlying queries do not efficiently map onto any structured framework), and are there unstructured P2P systems that can deliver the high bandwidth and com- puting performance necessary to support",Color Histogram;Distributed Hash Table;High Speed;Image Search;Image Similarity;Large Scale;P2p System;Peer To Peer;High End Computing;Power Law;,Computing Research Repository,"2006
"
Wolfgang M&uuml;ller,6025,1094,henning müller;david mcg. squire;zoran pecenovic;stéphane marchand-maillet,An open framework for distributed multimedia retrieval," This article describes a framework for distributed multimedia retrieval which permits theconnection of compliant user interfaces with a variety of multimedia retrieval engines via anopen communication protocol, MRML (Multi Media Retrieval Markup Language). It allowsthe choice of image collection, feature set and query algorithm during run{time, permittingmultiple users to query a system adapted to their needs, using the query paradigm",Communication Protocol;Distributed Multimedia;Markup Language;Multimedia Retrieval;Query By Example;User Interface;,Recherche d'Information Assistee par Ordinateur,"2000
"
Wolfgang M&uuml;ller,6026,1094,henning müller;stéphane marchand-maillet;thierry pun;david mcg. squire;zoran pecenovic;christoph giess;arjen p. de vries,MRML: A Communication Protocol for Content-Based Image Retrieval," . In this paper we introduce and describe the Multimedia RetrievalMarkup Language (MRML). This XML-based markup languageis the basis for an open communication protocol for content-based imageretrieval systems (CBIRSs). MRML was initially designed as a means ofseparating CBIR engines from their user interfaces. It is, however, alsoextensible as the basis for standardised performance evaluation procedures.Such a tool is essential for",Communication Protocol;Content Based Image Retrieval;Performance Evaluation;Standardisation;User Interface;,Visual Information and Information Systems,"2000
"
Wolfgang M&uuml;ller,6027,1094,david mcg. squire;henning müller,Relevance Feedback and Term Weighting Schemes for Content-Based Image Retrieval,,Content Based Image Retrieval;Image Database;Relevance Feedback;Term Weighting;Text Retrieval;,Visual Information and Information Systems,"1999
"
Wolfgang M&uuml;ller,6028,1094,p. oscar boykin;vwani p. roychowdhury;nima sarshar,Comparison of image similarity queries in P2P systems,,Image Similarity;P2p System;,Computer Communications,"2008
"
Wolfgang M&uuml;ller,6029,1094,p. oscar boykin;nima sarshar;vwani p. roychowdhury,Comparison of Image Similarity Queries in P2P Systems,"Given some of the recent advances in Distributed Hash Table (DHT) based Peer-To-Peer (P2P) systems we ask the following questions: Are there applications where unstructured queries are still necessary (i.e., the underlying queries do not efficiently map onto any structured framework), and are there unstructured P2P systems that can deliver the high bandwidth and com- puting performance necessary to support",Color Histogram;Distributed Hash Table;High Speed;Image Search;Image Similarity;Large Scale;P2p System;Peer To Peer;High End Computing;Power Law;,Computing Research Repository,"2006
"
Wolfgang M&uuml;ller,6030,1094,martin eisenhardt;andreas henrich,Inhaltsbasierte Suche in P2P-Systemen,,P2P;,Datenbank-spektrum,"2005
"
Wolfgang M&uuml;ller,6031,1094,martin eisenhardt;daniel blank;soufyane el allali;andreas henrich,"Clustering-Based, Load Balanced Source Selection for CBIR in P2P Networks",,Load Balance;P2p Networks;,International Journal of Semantic Computing,"2008
"
Wolfgang M&uuml;ller,6032,1094,stéphane marchand-maillet;henning müller;david mc g. squire;thierry pun,Evaluating image browsers using structured annotation,,,Journal of The American Society for Information Science and Technology,"2001
"
Wolfgang M&uuml;ller,6033,1094,martin eisenhardt;andreas henrich,Fast retrieval of high-dimensional feature vectors in P2P networks using compact peer data summaries,,Feature Vector;High Dimensionality;P2p Networks;,Multimedia Systems,"2005
"
Wolfgang M&uuml;ller,6034,1094,henning müller;stéphane marchand-maillet;thierry pun;david mcg. squire,A Framework for Benchmarking in CBIR,,,Multimedia Tools and Applications,"2003
"
Wolfgang M&uuml;ller,6035,1094,henning müller;david mcg. squire;stéphane marchand-maillet;thierry pun,Performance evaluation in content-based image retrieval: overview and proposals,,Content Based Image Retrieval;Image Database;Performance Comparison;Performance Evaluation;Performance Measure;Ground Truth;,Pattern Recognition Letters,"2001
"
Wolfgang M&uuml;ller,6036,1094,david mcg. squire;henning müller;thierry pun,Content-based query of image databases: inspirations from text retrieval,"Abstract This paper reports the application of techniques inspired by text retrieval research to content-based image,retrieval. In particular, we show how the use of an inverted file data structure permits the use of an extremely high-dimensional feature-space, by restricting search to the subspace spanned by the features present in the query. A suitably sparse set of colour and texture features",Content Based Image Retrieval;Data Structure;Feature Space;High Dimensionality;Image Database;Relevance Feedback;System Performance;Text Retrieval;Texture Features;,Pattern Recognition Letters,"2000
"
Wolfgang M&uuml;ller,6037,1095,tim schattkowsky;christoph loeser,Peer-To-Peer Technology for Interconnecting Web Services in Heterogeneous Networks,"The interconnection of software components is a key to enabling collaborative work. However, technology differences and security barriers like firewalls often hinder establishing collaborative infrastructures between enterprises or even within a single enterprise. We introduce a peer-to-peer based network infrastructure that transparently overcomes these problems using relay and routing mechanisms as well as different underlying transport protocols. We discuss the",Collaborative Work;Heterogeneous Network;Peer To Peer;Peer-to-peer Technology;Software Component;Transport Protocol;Web Service;,Advanced Information Networking and Applications,"2004
"
Wolfgang M&uuml;ller,6038,1095,rainer dömer;andreas gerstlauer,Introduction to hardware-dependent software design hardware-dependent software for multi and many-core embedded systems,"Due to the rapidly increasing software content in embedded systems, Hardware-dependent Software (HdS) has become a critical topic in system design. In this paper, we provide a brief overview on the topic of HdS, discuss the issues and complexities involved in the design of HdS, and motivate the need for special attention to HdS in research and development.",Embedded System;Research and Development;Software Design;System Design;,Asia and South Pacific Design Automation Conference,"2009
"
Wolfgang M&uuml;ller,6039,1095,juergen grossmann;ines fey;alexander krupp;mirko conrad;christian wewetzer,TestML - A Test Exchange Language for Model-Based Testing of Embedded Software,"Test processes in the automotive industry are tool-intensive and af- fected by technologically heterogeneous test infrastructures. In the industrial practice a product has to pass several test levels such as Model-in-the-Loop- (MIL), Software-in-the-Loop- (SIL) and Hardware-in-the-Loop- (HIL) tests. Normally, different test systems are applied for this purpose and almost each test system has its individual requirements on the test description",Analytical Method;Automotive Industry;Code Generation;Development Process;Embedded Software;Levels of Abstraction;Model Specification;model-based development;Model Based Testing;Xml Schema;Electronic Control Unit;Hardware In The Loop;Interchange Format;,Automotive Software Workshop,"2006
"
Wolfgang M&uuml;ller,6040,1095,markus becker;giuseppe di guglielmo;franco fummi;graziano pravadelli;tao xie,RTOS-aware refinement for TLM2.0based HW/SW designs,"Refinement of untimed TLM models into a timed HW/SW platform is a step by step design process which is a trade-off between timing accuracy of the used models and correct estimation of the final timing performance. The use of an RTOS on the target platform is mandatory in the case real-time properties must be guaranteed. Thus, the question is when",Design Process;Device Driver;Timing Analysis;Real Time;,"Design, Automation, and Test in Europe","2010
"
Wolfgang M&uuml;ller,6041,1095,kay klobedanz;christoph kuznik;andreas thuy,Timing modeling and analysis for AUTOSAR-based software development - a case study,Safety-critical automotive systems must fulfill hard real-time constraints for reliability and safety. This paper presents a case study for the application of an AUTOSAR-based language for timing modeling and analysis. We present and apply the Timing Augmented Description Language (TADL) and demonstrate a methodology for the development of a speed-adaptive steer-by-wire system. We examine the impact of TADL and the,Case Study;Development Process;Modeling and Analysis;Software Development;Hard Real Time;,"Design, Automation, and Test in Europe","2010
"
Wolfgang M&uuml;ller,6042,1095,alexander krupp,A systematic approach to the test of combined HW/SW systems,Today we can identify a big gap between requirement specification and the generation of test environments. This article extends the Classification Tree Method for Embedded Systems (CTM/ES) to fill this gap by new concepts for the precise specification of stimuli for operational ranges of continuous control systems. It introduces novel means for continuous acceptance criteria definition and for functional coverage,Control System;Embedded System;Requirement Specification;Classification Tree Method;,"Design, Automation, and Test in Europe","2010
"
Wolfgang M&uuml;ller,6043,1095,alexander krupp,Classification trees for random tests and functional coverage,This article presents the classification tree method for functional verification to close the gap from the specifica-tion of a test plan to SystemVerilog [1] testbench genera-tion. Our method supports the systematic development of test configurations and is based on the classification tree method for embedded systems (CTM/ES) [2] extending CTM/ES for random test generation as well as for func-tional coverage,Classification Tree;Embedded System;Functional Verification;Random Testing;Before Present;Classification Tree Method;,"Design, Automation, and Test in Europe","2006
"
Wolfgang M&uuml;ller,6044,1095,alexander krupp;ian oliver,Formal Refinement and Model Checking of an Echo Cancellation Unit,"This article presents an approach, which combines theorem proving-based refinement with model checking for state based real-time systems. Our verification flow starts from UML state diagrams, which are translated to the formal B language and are model checked for real-time properties. By means of the B language and a B theorem prover, refined state diagrams are verified against their abstract",Echo Cancellation;Model Checking;State Diagram;Theorem Prover;Theorem Proving;Real Time;Real Time Systems;,"Design, Automation, and Test in Europe","2004
"
Wolfgang M&uuml;ller,6045,1095,fabian mischkalla;da he,"Closing the gap between UML-based modeling, simulation and synthesis of combined HW/SW systems","UML is widely applied for the specification and modeling of software and some studies have demonstrated that it is applicable for HW/SW codesign. However, in this area there is still a big gap from UML modeling to SystemC-based verification and synthesis environments. This paper presents an efficient approach to bridge this gap in the context of Systems-on-a-Chip (SoC) design. We",Case Study;Code Generation;Model Simulation;uml profile;system on a chip;,"Design, Automation, and Test in Europe","2010
"
Wolfgang M&uuml;ller,6046,1095,tim schattkowsky;heinz-josef eikerling;jan wegner,Dynamic Tool Integration in Heterogeneous Computer Networks,"Tool installation and automation of administrative tasks in heterogeneous computer networks becomes of increasing importance with the availability of complex heterogeneous computer networks. This article introduces a new approach for dynamic network tool management, i.e., TRMS. A variant of TRMS using SNMP - a well established standard for network administration � is outlined and illustrated by the application of the",Design Tool;Dynamic Networks;Heterogeneous Computing;Printed Circuit Board;Tool Integration;,"Design, Automation, and Test in Europe","2003
"
Wolfgang M&uuml;ller,6047,1095,marcio f. s. oliveira;henning zabel,Assertion-based verification of RTOS properties,"Today, mobile and embedded real time systems have to cope with the migration and allocation of multiple software tasks running on top of a real time operating system (RTOS) residing on one or several processors. For scaling of each task set and processor configuration, instruction set simulation and worst case timing analysis are typically applied. This paper presents a complementary",Embedded Real-time Systems;Real Time Operating System;Timing Analysis;Assertion Based Verification;Instruction Set Simulator;,"Design, Automation, and Test in Europe","2010
"
Wolfgang M&uuml;ller,6048,1095,jürgen ruf;dirk w. hoffmann;joachim gerlach;thomas kropf;w. rosenstiehl,The simulation semantics of systemC,"We present a rigorous but transparent semantics defini- tion of SystemC that covers method, thread, and clocked thread behavior as well as their interaction with the sim- ulation kernel process. The semantics includes watching statements, signal assignment, and wait statements as they are introduced in SystemC V1.0. We present our definition in form of distributed Abstract State Machines (ASMs) rules",Abstract State Machine;Formal Semantics;,"Design, Automation, and Test in Europe","2001
"
Wolfgang M&uuml;ller,6049,1095,tim schattkowsky,Model-Based Specification and Execution of Embedded Real-Time Systems,"Embedded systems design comes in different variations and is most often due to the specific application or project [1]. Sometimes, graphical means like StateCharts or Matlab/Simulink are applied for graphical specification. Code generators target for different micro controllers such as C166 and different Real-Time Operating Systems (RTOSs) like OSEK. There have been efforts to investigate retargetable compilers to easily adopt",Code Generation;Embedded Real-time Systems;Embedded System Design;Real Time Operating System;,"Design, Automation, and Test in Europe","2004
"
Wolfgang M&uuml;ller,6050,1095,tim schattkowsky;achim rettberg,A Model-Based Approach for Executable Specifications on Reconfigurable Hardware,"UML 2.0 provides a rich set of diagrams for systems documentation and specification. Many efforts have been undertaken to employ different aspects of UML for multiple domains, mainly in the area of software systems. Considering the area of electronic design automation, however, we currently see only very few approaches, which investigate UML for hardware design and hardware/software co-design. In this",Electronic Design Automation;Embedded Software;Executable Specification;Hardware Design;hardware-software co-design;model-based approach;reconfigurable hardware;Sequence Diagram;Software Systems;Virtual Machine;,"Design, Automation, and Test in Europe","2005
"
Wolfgang M&uuml;ller,6051,1095,tim schattkowsky;tao xie,A UML frontend for IP-XACT-based IP management,"IP-XACT is a well accepted standard for the exchange of IP components at Electronic System and Register Transfer Level. Still, the creation and manipulation of these descriptions at the XML level can be time-consuming and error-prone. In this paper, we show that the UML can be consistently applied as an efficient and comprehensible frontend for IP-XACT-based IP description and integration.",uml profile;Register Transfer Level;,"Design, Automation, and Test in Europe","2009
"
Wolfgang M&uuml;ller,6052,1095,henning zabel,Increased accuracy through noise injection in abstract RTOS simulation,"Today, mobile and embedded real-time systems have to cope with the migration and allocation of multiple software tasks running on top of a real-time operating system (RTOS) residing on one or multiple system processors. Abstract RTOS simulations and timing analysis applies for fast and early estimation to configure it towards the individual needs of the application and environment. In this",Embedded Real-time Systems;Random Times;Real Time Operating System;Timing Analysis;Instruction Set Simulator;Real Time;,"Design, Automation, and Test in Europe","2009
"
Wolfgang M&uuml;ller,6053,1095,max ziegler;robbie schaefer;chris loeser,Secure Profile Management in Smart Home Networks,"Currently, middleware for smart home networks with em- bedded and mobile devices are in the focus of several inves- tigations. In this paper, we propose a middleware for se- cure management of device and user profiles by integrating a profile database with a generic authentication scheme for an X.509 enabled ticket management in the context of the OSGi framework. After",Middleware;Mobile Device;Smart Home;User Profile;,DEXA Workshops,"2005
"
Wolfgang M&uuml;ller,6054,1095,stephan flake;ulrich pape;jürgen ruf,Specification and Formal Verification of Temporal Properties of Production Automation Systems,This article describes our approach for the specification and verification of pro- duction automation systems with real-time properties. We focus on the graphical MFERT notation and RT-OCL (Real-Time Object Constraint Language) for the specification of state-oriented real-time properties. RT-OCL is an extension of the Object Constraint Language (OCL) that is part of the Unified Modeling Language (UML). We introduce the,Automated Guided Vehicle;Case Study;Formal Semantics;Formal Verification;Manufacturing System;Object Constraint Language;Specification and Verification;State Diagram;Temporal Properties;Unified Modeling Language;Real Time;,DFG Projects,"2004
"
Wolfgang M&uuml;ller,6055,1095,marita dücker;georg lehrenfeld;christoph tahedl,A generic system for interactive real-time animation," We present a new approach to an interactive design andanalysis environment for visual languages. The main components,i.e., editor, animator, and interpreter, are introduced.Their interactions are being investigated emphasizingthe interpreter--animator interaction and defining an interfacesupporting different levels of automation. The interpreterperforms the executions on a logical level and triggersthe animator. The interactive animation provides avery high degree in liveness since it...",Interaction Design;Interactive Animation;Real-time Animation;Visual Language;,Engineering of Computer-Based Systems,"1997
"
Wolfgang M&uuml;ller,6056,1095,robbie schaefer;steffen bleul,A Novel Dialog Model for the Design of Multimodal User Interfaces,"The wide range of different devices with varying capabilities and interaction modalities as well as changing user context in nomadic applications, poses critical challenges to the design of user interfaces. In order to avoid multiple designs for each device or modality, it is al- most a must to employ a model-based approach. In this short paper we present a new",Interaction Model;Interface Design;model-based approach;multimodal interaction;multimodal user interface;User Interface;,Engineering for Human-Computer Interaction,"2004
"
Wolfgang M&uuml;ller,6057,1095,egon börger;uwe glässer,The semantics of behavioral VHDL '93 descriptions,,,European Design and Test Conference,"1994
"
Wolfgang M&uuml;ller,6058,1095,johan plomp;robbie schaefer,Comparing Transcoding Tools for Use with a Generic User Interface Format,"This paper compares the use of three different approaches to transcoding of XML (Extensible Markup Language)-based user interface descriptions to other target formats. The source is the interface section of the XML-based markup language for user interfaces, UIML (User Interface Markup Language), which has been extended with a vocabulary for the description of generic user interfaces. Target formats used as",Extensible Markup Language;Markup Language;User Interface;User Interface Markup Language;,Extreme Markup Languages?,"2002
"
Wolfgang M&uuml;ller,6059,1095,alexander krupp,Combining Formal Refinement and Model Checking for Real-Time Systems Verification,"We present a framework, which combines model checking and theorem prover based refinement for real-time systems design focusing on the refinement of non deterministic state orineted to timed state oriented models. Our verification flow starts from a cycle accurate finite state machine for the RAVEN model checker. We present a translation, which transforms the model into efficient B language code.",Finite State Machine;Model Checking;Theorem Prover;User Interaction;Real Time Systems;,Forum on specification & Design Languages,"2003
"
Wolfgang M&uuml;ller,6060,1095,marita dücker;jessica rubart,Innovative Concepts for Configuring Shared Workspaces through Visual Programming," CSCW systems like BSCW (Basic Support for CooperativeWork), HyperNews, and Lotus Notes have been successfullyintroduced to support the cooperation ofgeographically distributed work groups. Unfortunately,some of these software systems are not flexible enough tobe customized easily to the requirements of an individualuser. Most of the environments can only be configured byexperts through complex programming.In this article we introduce VIPspace, a shared",Distributed Work;Shared Workspace;Software Systems;Visual Programming;,Hawaii International Conference on System Sciences,"1999
"
Wolfgang M&uuml;ller,6061,1095,stephan flake,Specification of Real-Time Properties for UML Models," The Unified Modeling Language (UML) has receivedwide acceptance as a standard language in the field of softwarespecification by means of different diagram types. In arecent version of UML, the textual Object Constraint Language(OCL) was introduced to support specification ofconstraints for UML models. But OCL currently does notprovide sufficient means to specify constraints over the dynamicbehavior of a model.This article presents",Object Constraint Language;Unified Modeling Language;Real Time;,Hawaii International Conference on System Sciences,"2002
"
Wolfgang M&uuml;ller,6062,1095,christian geiger;georg lehrenfeld,"Visual Specification, Modelling, and Illustration of Complex Systems", This article introduces and discusses different innovativemeans for visual specification and animation ofcomplex concurrent systems. We introduce the completelyvisual programming language Pictorial Janus(PJ) and its application in the customer-oriented designprocess. PJ implements a completely visual programminglanguage with inherent animation facilities.We outline the transformation of purely visual PJ programsinto textual imperative programming languages.The second part of this...,Complex System;Concurrent Systems;Customer Orientation;Programming Language;,Hawaii International Conference on System Sciences,"1999
"
Wolfgang M&uuml;ller,6063,1095,chris loeser;frank berger;heinz-josef eikerling,Peer-to-Peer Networks for Virtual Home Environments," This paper presents an approach to extend OSGiserver based home networks with JXTA's peer-to-peer (P2P) technology to a multi-server home envi-ronment connecting multiple private home networksto one true virtual environment for communication,media sharing/exchange, and distributed device con-trol. We elaborate on the basic integration methodologyand extend it to a general, security preserving,architectural concept based on a two level integrationconcept for inhome",Home Network;P2P;Peer To Peer;Peer-to-peer Network;Virtual Environment;Virtual Home Environment;,Hawaii International Conference on System Sciences,"2003
"
Wolfgang M&uuml;ller,6064,1095,arne meyer;henning zabel,A Language for the Rapid Prototyping of Mobile Evolving Agents," This article presents SAL, a general purpose scriptinglanguage for the rapid development of distributedsoftware agents seamlessly embedded a visual environment.Integrated facilities for dynamic visualizationprovide simple but powerful means for debugging anddomain-oriented animation. SAL agents are arrangedon a set of 2D worksheets which can be distributed overdierent machines. An agent's program is dened bythe means of a table specifying a set",Rapid Prototyping;,Hawaii International Conference on System Sciences,"2001
"
Wolfgang M&uuml;ller,6065,1095,robbie schaefer;steffen bleul,Interactive Multimodal User Interfaces for Mobile Devices,"Portable devices come with different individual limitations in user interaction like limited display size, small keyboard and different sorts of input and output channels. With the advancementof speech recognition and speech synthesis technologies, their optionals or alternatives become feasible and attractive for mobile devices in order to implement real multimodal user interaction. However, current systems and formats do not sufficiently",Crossed Product;Mobile Device;multimodal interaction;multimodal user interface;Specification Language;Speech Recognition;Speech Synthesis;User Interaction;User Interface;,Hawaii International Conference on System Sciences,"2004
"
Wolfgang M&uuml;ller,6066,1095,robbie schaefer;andreas dangberg,Fuzzy Rules for HTML Transcoding,"With the increasing availability of Web-enabled mobile devices, we are facing the problem to effectively adapt Web content for those devices. For adaptation, Web page struc- tures require rearrangement, i.e., transcoding, to better fit on small displays when layout-specific HTML structures like tables and frames are used. In this article, we present a Fuzzy rule-based language, i.e., Fuzzy-RDL/TT. Fuzzy- RDL/TT",Document Object Model;Fuzzy Rule Base;Fuzzy Rules;Mobile Device;Web Pages;,Hawaii International Conference on System Sciences,"2002
"
Wolfgang M&uuml;ller,6067,1095,kay klobedanz;christoph kuznik;ahmed elfeky,Development of Automotive Communication Based Real-Time Systems - A Steer-by-Wire Case Study,,Case Study;Real Time Systems;,International Embedded Systems Symposium,"2009
"
Wolfgang M&uuml;ller,6068,1095,alexander krupp,Systematic Model-in-the-Loop Test of Embedded Control Systems,,Embedded Control System;,International Embedded Systems Symposium,"2009
"
Wolfgang M&uuml;ller,6069,1095,henning zabel,An Efficient Time Annotation Technique in Abstract RTOS Simulations for Multiprocessor Task Migration,,,IFIP WG10.3 Publications,"2008
"
Wolfgang M&uuml;ller,6070,1095,jürgen großmann,A Formal Behavioral Semantics for TestML,"Abstract—TestML is an XML-based language,for the exchange of test descriptions,in automotive,systems,design,and,mainly introduced,through,the structural definition of an XML schema as an independent,exchange,format for existing tools and methods covering a wide range of different test technologies. In this paper, we present a rigorous,formal,behavioral,semantics,for TestML by means,of Abstract State Machines,(ASMs). Our semantics,is a concise, unambiguous, high-level specification for TestML-based implementations,and serves as a",Abstract State Machine;System Design;Xml Schema;,Leveraging Applications of Formal Methods,"2006
"
Wolfgang M&uuml;ller,6071,1095,tim schattkowsky,Model-Based Design of Embedded Systems,"The design of embedded systems is often based on the development of a detailed formal system specification. Considerable effort is spent to ensure the correctness of this specification. However, the actual implementation of the specification and later maintenance is usually done using traditional programming and tends to diverge from the specification. To avoid this, it is desirable to derive the",Embedded System;Model Based Design;model-based development;Object Oriented;uml sequence diagram;Virtual Machine;Real Time;State Transition Diagram;,Object-Oriented Real-Time Distributed Computing,"2004
"
Wolfgang M&uuml;ller,6072,1095,tomasz kostienko;adam pawlak;tim schattkowsky,An advanced infrastructure for collaborative engineering in electronic design automation,"Engineering collaboration gets its new global dimension with the omnipotent access to Internet. Engineers have severe requirements concerning: security of design data, quality of net connections, easiness of collaboration, etc. This article presents visions and middleware architecture to establish pan-European col- laborative engineering infrastructure and its application in the field of Electronic Design Automation (EDA). We present a transparent infrastructure",Collaborative Engineering;Collaborative Research;Data Exchange;Data Quality;Data Transfer;Electronic Design Automation;Middleware;Peer To Peer;Plug and Play;Tool Integration;,ISPE Conference on Concurrent Engineering,"2003
"
Wolfgang M&uuml;ller,6073,1095,wolfgang mueller;rainer dömer,The formal execution semantics of SpecC,"We present a rigorous but transparent semantics definition of the SpecC language that covers the execution of SpecC behaviors and their interaction with the kernel process. The semantics include wait, waitfor, par, and try statements as they are introduced in SpecC. We present our definition in form of distributed Abstract State Machine (ASM) rules strictly following the lines of the",Abstract State Machine;Formal Semantics;Formal Specification;,International Symposium on Systems Synthesis,"2002
"
Wolfgang M&uuml;ller,6074,1095,robbie schaefer;andrés marín lópez;daniel díaz sánchez,Using smart cards for secure and device independent user interfaces,Smart Cards are becoming a ubiquitous means for securing a wide range of interactive applications. However in many cases its use is limited for authentication purposes only. In this paper we extend the use of smart cards for carrying abstract user interface descriptions which can be rendered on dierent and potentially remote clients that in addition can support varying interaction,Abstract User Interface;Device Independence;Interactive Application;Smart Card;User Interface;,Mobility Conference,"2007
"
Wolfgang M&uuml;ller,6075,1095,stephan flake,An OCL Extension for Real-Time Constraints,"The Object Constraint Language (OCL) was introduced to support the specification of constraints for UML diagrams and is mainly used to formulate invariants and operation pre- and postconditions. Though OCL is also applied in behavioral diagrams, e.g., as guards for state transitions, it is currently not possi- ble to specify constraints concerning the dynamic behavior and timing properties of such",Automated Guided Vehicle;Dynamic Behavior;Object Constraint Language;State Transition;Computation Tree Logic;Real Time;,Object Modeling with the OCL,"2002
"
Wolfgang M&uuml;ller,6076,1095,andrés marín lópez;robbie schaefer;florina almenárez mendoza;daniel diaz;max ziegler,Middleware for Secure Home Access and Control,"User adaptive systems in the context of pervasive com- puting can only unveil their power if based on a generic middleware managing private data and context informa- tion in combination with flexible device access and control. However, managing those data poses severe privacy prob- lems both legally and from a trust perspective. Therefore we propose a home automation middleware for",Home Automation;Middleware;Security Management;Service Management;Smart Home;User Adaptation;Access Control;,IEEE International Conference on Pervasive Computing and Communications,"2007
"
Wolfgang M&uuml;ller,6077,1095,stephan flake,Past and Future-Oriented Time-Bounded Temporal Properties with OCL,Abstract We  present  the  syntax  and  semantics  of  a  past - and future - oriented temporal extension of the Object Constraint Language (OCL) Our extension supports designers to ex - press  time - bounded  properties  over  a  state - oriented  UML model of a system under development The semantics is for - mally defined over the system states of a,Linear Temporal Logic;Model Checking;Object Constraint Language;Production System;Temporal Properties;,Conference on Software Engineering and Formal Methods,"2004
"
Wolfgang M&uuml;ller,6078,1095,stephan flake,Semantics of State-Oriented Expressions in the Object Constraint Language,"The textual Object Constraint Language (OCL) is an of- ficial part of the Unified Modeling Language (UML). It is primarily used to formulate restrictions for UML class di- agrams. Additionally, it is possible to refer to UML State- chart states in OCL expressions to reason about currently activated states. However, neither the current OCL standard nor the pro- posal for",Formal Semantics;Object Constraint Language;Unified Modeling Language;,Software Engineering and Knowledge Engineering,"2003
"
Wolfgang M&uuml;ller,6079,1095,stephan flake,Expressing Property Specification Patterns with OCL,"The textual Object Constraint Language (OCL) is an of- ficial part of the Unified Modeling Language (UML). OCL is primarily used to formulate restrictions over UML mod- els, in particular, invariants and operation pre- and post- conditions in the context of class diagrams. However, OCL is missing means to specify constraints over the dynamic behavior of a UML model. We",Class Diagram;Dynamic Behavior;Formal Specification;Object Constraint Language;Temporal Logic;Unified Modeling Language;,Software Engineering Research and Practice,"2003
"
Wolfgang M&uuml;ller,6080,1096,arnulf braatz;stephan flake;engelbert westkämper,Prototyping einer Fahrzeugsteuerung in virtueller 3D-Umgebung,,,Simulation und Visualisierung,"2000
"
Wolfgang M&uuml;ller,6081,1095,christian geiger,"Visuelle Spezifikation, Modellierung und Animation im Systementwurf",,,Simulation und Visualisierung,"1998
"
Wolfgang M&uuml;ller,6082,1095,christian geiger;georg lehrenfeld,Virtuelles Prototyping einer Robotersteuerung durch interaktive 3D-Simulation,"In jüngster Zeit findet das Prototyping mit virtuellen 3D-Modellen immer mehr Anwen-dung wie im Bereich von Geb?udeinnenansichten, Landschaftsarchitekturen, St?dtepla-nung und teilweise bei der CAD-Konstruktion. Das Prototyping umfa?t meist Formgebung und die Einpassung von Gegenst?nden und Pflanzen in existierende Umgebungen. Anwen-dungen zum Prototyping von funktionalem Verhalten findet man hier zur Zeit eher weni-ger. Der vorliegende Artikel beschreibt den Entwurf einer Steuerung",3d modelling;3d simulation;,Simulation und Visualisierung,"1999
"
Wolfgang M&uuml;ller,6083,1095,volker paelke,A Formal Model of a Framework for Simulation-Based Animation,We present a rigorous formal-but transparent-specification of the semantics of a generic simulation-based 3D animation framework. Our system combines a SystemC simulation kernel with a virtual visualization machine for 3D animation. The semantics of the simulator and the virtual visualization machine are formally defined by means of distributed Abstract State Machine (ASMs) rules. The ASM rules truly reflect the specification,3d animation;Abstract State Machine;Formal Semantics;Virtual Machine;,Simulation und Visualisierung,"2004
"
Wolfgang M&uuml;ller,6084,1095,robbie schaefer;steffen bleul,Dialog Modeling for Multiple Devices and Multiple Interaction Modalities,"Today a large variety of mobile interaction devices such as PDAs and mobile phones enforce the development of a wide range of user interfaces for each platform. The complexity even grows, when multiple interaction devices are used to perform the same task and when dierent modalities have to be supported. We introduce a new dialog model for the abstraction of",Mobile Interaction;Mobile Phone;Specification Language;User Interface;Proof of Concept;,Task Models and Diagrams for User Interface Design,"2006
"
Wolfgang M&uuml;ller,6085,1095,robbie schaefer;jinghua groppe,Profile Processing and Evolution for Smart Environments,"Ubiquitous systems use context information to select and adapt multimodal user interfaces and appliances for individual users in certain situations. However, in order to enable true reactive environ- ments, context information has to be adequately collected, flltered, and processed and combined with user, device and other proflles. In this ar- ticle, we present how an XML-based transcoding system can be",Context Information;Domain Knowledge;multimodal user interface;Smart Environment;,Ubiquitous Intelligence and Computing,"2006
"
Wolfgang M&uuml;ller,6086,1095,stephan flake,A UML Profile for Real-Time Constraints with the OCL," This article presents a UML profile for an OCL extension that enablesmodelers to specify behavioral, state-oriented real-time constraints in OCL. Inorder to perform a seamless integration into the upcoming UML2.0 standard, wetake the latest OCL2.0 metamodel proposal by Warmer et al. [22] as a basis. Aformal semantics of our temporal OCL extension is given by a mapping to timeannotatedtemporal logics",uml profile;Real Time;,The Unified Modeling Language,"2002
"
Wolfgang M&uuml;ller,6087,1095,stephan flake,An ASM Definition of the Dynamic OCL 2.0 Semantics,"Abstract: The recently adopted OCL 2.0 specification comes with a formal semanticsthat is based on set theory with a notion of an object model and systemstates. System states keep the runtime information relevant for the evaluation ofOCL expressions. However, not all new language concepts of OCL 2.0 are alreadyaddressed in that formal semantics. We show how to overcome this byintroducing",Formal Semantics;Object Model;Set Theory;,The Unified Modeling Language,"2004
"
Wolfgang M&uuml;ller,6088,1095,marita dücker;jessica rubart,VIPspace - A Visual Programmable Shared Workspace,,Shared Workspace;,Visual Languages/Human-Centric Computing Languages and Environments,"1998
"
Wolfgang M&uuml;ller,6089,1095,marita dücker;christian geiger;ralf hunstock;georg lehrenfeld,Visual-Textual Prototyping of 4D Scenes," 3D-graphics become popular in a steadily increasingnumber of areas like entertainment, scientific visualization,simulation, and virtual reality. Despite thisrapid growth the generation of animated 3D scenes isstill by no means trivial. Since animated 3D objectsevolve over time we denote these objects as 4D. Thisarticle presents a novel approach to the rapid prototypingof 4D models. We introduce the AAL (AnimatedAgent Layer) system.",3d graphics;Scientific Visualization;Virtual Reality;,Visual Languages/Human-Centric Computing Languages and Environments,"1997
"
Wolfgang M&uuml;ller,6090,1095,marita dücker;christian geiger;georg lehrenfeld;christoph tahedl,A Visual Language for Qualitative Data,,Qualitative Data;Visual Language;,Visual Languages/Human-Centric Computing Languages and Environments,"1997
"
Wolfgang M&uuml;ller,6091,1095,christian geiger;ralf hunstock;georg lehrenfeld;j. quintanilla;christoph tahedl;andreas weber,Visual Modeling and 3D-Representation with a Complete Visual Programming Language - A Case Study in Manufacturing, epresentation.Both are essential requirements since end users needother visualization techniques than experienced designersdue to their different knowledge and interests.Considering complex systems in general and our examplein particular we can identify the following requirementsfor modeling system prototypes:Complex systems require structuring concepts like modularity and hierarchy. System elements are usually characterizedby dynamic behavior requiring adequate controlstructures for...,3d representation;Case Study;Complex System;Dynamic Behavior;Model System;Visual Programming Language;Visualization Technique;,Visual Languages/Human-Centric Computing Languages and Environments,"1996
"
Wolfgang M&uuml;ller,6092,1095,christian geiger;waldemar rosenbach,SAM - An Animated 3D Programming Language,This article presents the animated visual 3D program-ming language SAM (Solid Agents in Motion) for parallel systems specification and animation. A SAM program is a set of interacting agents synchronously exchanging mes-sages. The agent's behavior is specified by means of pro-duction rules with a condition and a sequence of actions each. Actions are linearly ordered and execute when matching a,Parallel Systems;Programming Environment;Programming Language;,Visual Languages/Human-Centric Computing Languages and Environments,"1998
"
Wolfgang M&uuml;ller,6093,1096,peer griebel;georg lehrenfeld;christoph tahedl;holger uhr,Integrating a Constraint Solver into a Real-Time Animation Environment," This article investigates the integration of an interactiveconstraint solver into an existing 2--D real--time animationenvironment in order to achieve a better observability,traceability, and stability of the individual graphical objects.We present two approaches for assigning constraintsto the objects. The first approach assigns constraints to theobjects when they are created keeping them stable duringtheir entire life--time. The second approach dynamicallychanges constraints before...",Real-time Animation;Real Time;,Visual Languages/Human-Centric Computing Languages and Environments,"1996
"
Wolfgang M&uuml;ller,6094,1095,georg lehrenfeld;christoph tahedl,Transforming SDL Diagrams into a Complete Visual Representation,Abstract: We investigate a translation of SDL diagrams into the complete visual representation of Pictorial Janus (PJ) programs in order to analyze the specification by visual debugging and animation. We additionally introduce timing concepts to PJ (Timed PJ) for a mapping of the SDL timing statements. The concepts transforming SDL interaction and process diagrams into Timed PJ are outlined by,Protocol Specification;Visual Representation;,Visual Languages/Human-Centric Computing Languages and Environments,"1995
"
Wolfgang M&uuml;ller,6095,1095,arne meyer;henning zabel,A Visual Framework for the Scripting of Parallel Agents," This article presents SAL (Synchronous AgentLanguage), a general-purpose grid{based 2D programminglanguage for parallel system specication, implementation,and visualization. SAL agents have a depictionand a behavior. The behavior is dened bythe means of state transition rules. The depiction isgiven by the drawing area on its surface. Actions inrules can execute drawing operations for dynamicallychanging the depiction during runtime. For a broaderrange of",Parallel Systems;State Transition;,Visual Languages/Human-Centric Computing Languages and Environments,"2000
"
Wolfgang M&uuml;ller,6096,1095,tim schattkowsky,Transformation of UML State Machines for Direct Execution,,State Machine;,Visual Languages/Human-Centric Computing Languages and Environments,"2005
"
Wolfgang M&uuml;ller,6097,1095,stephan flake;christian geiger;volker paelke;waldemar rosenbach;jürgen ruf,Customer-Oriented Systems Design through Virtual Prototypes," Rapid prototyping based on 3D models is well acceptedfor several applications. This article addresses the applicationof animated virtual 3D prototypes for the developmentof computer-based systems supporting early collaborationof the system designer with the external customer. Ourmethodology seamlessly integrates illustration through 3Danimation with the main tasks of computer-based real-timesystems development, i.e., implementation and verification.The approach is outlined by the...",3d model;Customer Orientation;Rapid Prototyping;System Design;Virtual Prototyping;,Workshop on Enabling Technologies: Infrastructure for Collaborative Enterprises,"2001
"
Wolfgang M&uuml;ller,6098,1095,stephan flake,Formal Semantics of OCL Messages,"Abstract The latest OCL 2.0 proposal provides two semantic descriptions, i.e., a metamodelbased semantics that uses UML itself to associate the semantic domain with the language concepts and a formal semantics based on a set-theoretic approach called object model. Unfortunately, these two semantics are currently neither consistent nor complete, as (a) the formal semantics does not consider the newly introduced",Formal Semantics;Object Model;Semantic Description;,Electronic Notes in Theoretical Computer Science,"2004
"
Wolfgang M&uuml;ller,6099,1095,heinz-josef eikerling;jan wegner,Werkzeugintegration und verwaltung in heterogenen Computernetzwerken (Tool Integration and Management in Heterogeneous Computer Networks),,Heterogeneous Computing;Tool Integration;,Information Technology,"2002
"
Wolfgang M&uuml;ller,6100,1095,stephan flake,Formal semantics of static and temporal state-oriented OCL constraints,"The textual Object Constraint Language (OCL) is primarily intended to specify restrictions over UML class diagrams, in particular class invariants, oper- ation pre-, and postconditions. Based on several improve- ments in the definition of the language concepts in last years, a proposal for a new version of OCL has recently been published (43). That document provides an exten- sive OCL",Formal Semantics;Mathematical Model;Object Constraint Language;Semantic Description;Temporal Logic;uml class diagram;uml profile;Real Time;,Software and System Modeling,"2003
"
Wolfgang M&uuml;ller,6101,1097,thomas nocke;heidrun schumann,Enhancing the visualization process with principal component analysis to support the exploration of trends,"This paper describes the integration of the Principal Component Analysis into the Visualization Process. Although, the combination of Principal Component Analysis (PCA) and visual methods is a common approach to the analysis of high-dimensional datasets, it is mostly limited to a pure preprocessing step for dimension reduction. In this paper we will discuss, how PCA results can be used to",Dimension Reduction;high dimensional dataset;Information Visualization;Principal Component Analysis;Visual Processing;Visual Representation;,Asia Pacific Symposium on Information Visualisation,"2006
"
Wolfgang M&uuml;ller,6102,1097,rolf ziegler;georg fischer;martin göbel,A Virtual Reality Medical Training System,,Medical Training;Virtual Reality;,"Computer Vision, Virtual Reality and Robotics in Medicine","1995
"
Wolfgang M&uuml;ller,6103,1097,ulrike spierling;marc alexa;ido iurgel,Design Issues for Conversational User Interfaces: Animating and Controlling 3D Faces,,User Interface;,Deformable Avatars,"2000
"
Wolfgang M&uuml;ller,6104,1097,sebastian a. weiß;florian berger;alexander marbach,CharanisML: A Flexible Virtual Actor Control Interface,,Virtual Actor;,Edutainment - International Conference on E-learning and Games,"2009
"
Wolfgang M&uuml;ller,6105,1097,sebastian a. weiß,The Potential of Interactive Digital Storytelling for the Creation of Educational Computer Games,,Digital Storytelling;Educational Computer Game;,Edutainment - International Conference on E-learning and Games,"2008
"
Wolfgang M&uuml;ller,6106,1097,florian berger,Adaptivity in Game-Based Learning: A New Perspective on Story,,Game Based Learning;,Interactive Digital Storytelling,"2009
"
Wolfgang M&uuml;ller,6107,1097,sebastian a. weiß;florian berger;alexander marbach,Steps towards a Generic Interface between Interactive Storytelling Applications and Character Animation Engines,,Character Animation;Interactive Storytelling;,Interactive Digital Storytelling,"2008
"
Wolfgang M&uuml;ller,6108,1097,sebastian a. weiß,Learning with Interactive Stories,,,IFIP TC3 Publications,"2008
"
Wolfgang M&uuml;ller,6109,1097,marc weber;marc alexa,Visualizing Time-Series on Spirals,"In this paper, we present a new approach for the visualiza- tion of time-series data based on spirals. Different to classi- cal bar charts and line graphs, the spiral is suited to visualize large data sets and supports much better the iden- tification of periodic structures in the data. Moreover, it sup- ports both the visualization of nominal and quantitative",Data Mining;Graph Drawing;Information Visualization;Large Data Sets;Line Graph;Periodic Structure;Time Series;Time Series Data;,IEEE Symposium on Information Visualization,"2001
"
Wolfgang M&uuml;ller,6110,1097,josé luis los arcos;oscar fuente;leire orúe;eder arroyo;igor leaznibarrutia;judit santander,LAHYSTOTRAIN - Integration of Virtual Environments and ITS to Surgery Training,,Virtual Environment;,Intelligent Tutoring Systems,"2000
"
Wolfgang M&uuml;ller,6111,1097,mikael jern;ebad banissi;gennady l. andrienko;daniel a. keim,European Research Forum Panel Session Envisioning Research Challenges in Visual Analytics,,Visual Analytics;,International Conference on Information Visualisation,"2006
"
Wolfgang M&uuml;ller,6112,1097,sebastian a. weiß;ulrike spierling;florian steimle,Scenejo - An Interactive Storytelling Platform,,Interactive Storytelling;,International Conference on Virtual Storytelling,"2005
"
Wolfgang M&uuml;ller,6113,1097,ulrike spierling;sebastian a. weiß,Towards Accessible Authoring Tools for Interactive Storytelling,,Authoring Tool;Interactive Storytelling;,Technologies for Interactive Digital Storytelling and Entertainment,"2006
"
Wolfgang M&uuml;ller,6114,1097,marc alexa,Visual Component Analysis,,Component Analysis;,Joint Eurographics - IEEE TCVG Symposium on Visualization,"2004
"
Wolfgang M&uuml;ller,6115,1097,marc alexa;johannes behr,The morph node,"We discuss potential and limitations of a Morph Node, inspired by the corresponding construct in Java3D. A Morph Node in Java3D interpolates vertex attributes among several homeomorphic geometries. This node is a promising candidate for the delivery of 3D animation in a very compact form. We review the state-of-the-art in Web 3D techniques with respect to the possibility of interpolating",3d animation;Virtual Human;,Web3D / VRML Symposium,"2000
"
Wolfgang M&uuml;ller,6116,1097,heidrun schumann,Visualization for modeling and simulation: visualization methods for time-dependent data - an overview,"Visualization has been successfully applied to analyse time-dependent data for a long time now. Lately, a number of new approaches have been introduced, promising more effective graphs especially for large datasets and multiparameter data. In this paper, we give an overview on the visualization of time-series data and the available techniques. We provide a taxonomy and discuss general aspects of",large dataset;Modeling and Simulation;Multivariate Data;Time Series Data;Time Dependent;,Winter Simulation Conference,"2003
"
Wolfgang M&uuml;ller,6117,1097,wolfgang aigner;silvia miksch;heidrun schumann;christian tominski,Visualizing time-oriented data - A systematic view,"The analysis of time-oriented data is an important task in many application sce- narios. In recent years, a variety of techniques for visualizing such data have been published. This variety makes it dicult for prospective users to select methods or tools that are useful for their particular task at hand. In this article, we develop and discuss a systematic view",Visual Analytics;,Computers & Graphics,"2007
"
Wolfgang M&uuml;ller,6118,1097,stefan großkopf;axel hildebrand;rainer malkewitz;rolf ziegler;georgi graschew,Computer aided surgery--vision and feasibility of an advanced operation theatre,,,Computers & Graphics,"1996
"
Wolfgang M&uuml;ller,6119,1097,ulrike spierling;marc alexa;thomas rieger,Face-to-face with your assistant. Realization issues of animated user interface agents for home appliances,,User Interface;Face To Face;,Computers & Graphics,"2001
"
Wolfgang M&uuml;ller,6120,1097,marc alexa,Representing Animations by Principal Components,"In this paper, we present a representation for three-dimensional geometric animation sequences. Different from standard key-frame techniques, this approach is based on the determination of principal animation components and decouples the animation from the underlying geometry. The new representation supports progressive ani- mation compression with spatial, as well as temporal, level-of-detail and high compression ratios. The distinc- tion of animation",Compression Ratio;Principal Component;Three Dimensional;Level of Detail;,Computer Graphics Forum,"2000
"
Wolfgang M&uuml;ller,6121,1097,heidrun schumann,Informationsvisualisierung: Methoden und Perspektiven,,,Information Technology,"2004
"
Wolfgang M&uuml;ller,6122,1097,wolfgang aigner;silvia miksch;heidrun schumann;christian tominski,Visual Methods for Analyzing Time-Oriented Data,"Abstract—Providing appropriate,methods,to facilitate the anal- ysis of time-oriented data,is a key,issue in many,application domains. In this paper, we focus on the unique role of the parameter,time in the context of visually driven,data analysis. We will discuss three major aspects ‐ visualization, analysis, and the user. It will be illustrated that it is necessary,to consider the characteristics of time when,generating,visual representations.",Analytical Method;Data Analysis;Data Visualization;Indexing Terms;Principal Component Analysis;Temporal Data;Visual Analysis;Visual Representation;,IEEE Transactions on Visualization and Computer Graphics,"2008
"
