author,pid,label,coauthor,title,abstract,keywords,venue,year
Xiaoming Liu,6169,1115,tsuhan chen,Face Mosaicing for Pose Robust Video-Based Recognition,,,Asian Conference on Computer Vision,"2007
"
Xiaoming Liu,6170,1115,rodney goh;lihao liu;tsuhan chen,The CMU Face In Action (FIA) Database,"Our team has collected a face video database named the CMU Face In Action (FIA) database. This database consists of 20-second videos of face data from 180 participants mimicking a passport checking scenario. The data is captured by six synchronized cameras from three dierent angles, with an 8-mm and 4-mm focal-length for each of these angles. We performed the collection",Data Collection;Indoor Environment;Video Database;,Analysis and Modeling of Faces and Gestures,"2005
"
Xiaoming Liu,6171,1115,peter henry tu;jens rittscher;amitha perera;nils krahnstoever,Detecting and counting people in surveillance applications,,,Advanced Video and Signal Based Surveillance,"2005
"
Xiaoming Liu,6172,1115,nils krahnstoever;ting yu;peter henry tu,What are customers looking at?,"Computer vision approaches for retail applications can pro- vide value far beyond the common domain of loss preven- tion. Gaining insight into the movement and behaviors of shoppers is of high interest for marketing, merchandizing, store operations and data mining. Of particular interest is the process of purchase decision making. What catches a customers attention? What products go unnoticed? What",Computer Vision;Data Mining;Decision Making;,Advanced Video and Signal Based Surveillance,"2007
"
Xiaoming Liu,6173,1115,tsuhan chen,Pose-Robust Face Recognition Using Geometry Assisted Probabilistic Modeling,"Researchers have been working on human face recognition for decades. Face recognition is hard due to different types of variations in face images, such as pose, illumination and expression, among which pose variation is the hardest one to deal with. To improve face recognition under pose vari- ation, this paper presents a geometry assisted probabilistic approach. We approximate a human",Face Recognition;Probabilistic Approach;Probabilistic Model;Texture Mapping;Pose Illumination and Expression;,Computer Vision and Pattern Recognition,"2005
"
Xiaoming Liu,6174,1115,tsuhan chen,Online Modeling and Tracking of Pose-Varying Faces in Video,,,Computer Vision and Pattern Recognition,"2005
"
Xiaoming Liu,6175,1115,,Generic Face Alignment using Boosted Appearance Model,"This paper proposes a discriminative framework for effi- ciently aligning images. Although conventional Active Ap- pearance Models (AAM)-based approaches have achieved some success, they suffer from the generalization problem, i.e., how to align any image with a generic model. We treat the iterative image alignment problem as a process of max- imizing the score of a trained two-class classifier that",Face Alignment;Generic Model;Image Alignment;Point Distribution Model;Shape Parameter;Ground Truth;,Computer Vision and Pattern Recognition,"2007
"
Xiaoming Liu,6176,1115,tsuhan chen,Video-Based Face Recognition Using Adaptive Hidden Markov Models,"While traditional face recognition is typically based on still images, face recognition from video sequences has become popular recently. In this paper, we propose to use adaptive Hidden Markov Models (HMM) to perform video- based face recognition. During the training process, the statistics of training video sequences of each subject, and the temporal dynamics, are learned by an HMM. During",Face Recognition;Majority Voting;Temporal Dynamics;Unsupervised Learning;Hidden Markov Model;,Computer Vision and Pattern Recognition,"2003
"
Xiaoming Liu,6177,1115,jens rittscher;tsuhan chen,Optimal Pose for Face Recognition,"Researchers in psychology have well studied the impact of the pose of a face as perceived by humans, and concluded that the so-called 3/4 view, halfway between the front view and the profile view, is the easiest for face recognition by humans. For face recognition by machines, while much work has been done to create recognition algorithms that are robust",Face Recognition;,Computer Vision and Pattern Recognition,"2006
"
Xiaoming Liu,6178,1115,ting yu;thomas sebastian;peter henry tu,Boosted deformable model for human body alignment,,Deformable Model;Human Body;,Computer Vision and Pattern Recognition,"2008
"
Xiaoming Liu,6179,1115,yan tong;frederick w. wheeler;peter henry tu,Automatic facial landmark labeling with minimal supervision,"Landmark labeling of training images is essential for many learning tasks in computer vision, such as object de- tection, tracking, and alignment. Image labeling is typ- ically conducted manually, which is both labor-intensive and error-prone. To improve this process, this paper pro- poses a new approach to estimate a set of landmarks for a large image ensemble with only a",Computer Vision;Least Square;Objective Function;Shape Modeling;,Computer Vision and Pattern Recognition,"2009
"
Xiaoming Liu,6180,1115,peter henry tu;xiaoming liu;carl adrian;phil williams,Automatic Face Recognition from Skeletal Remains,,Face Recognition;,Computer Vision and Pattern Recognition,"2007
"
Xiaoming Liu,6181,1115,hao wu;gianfranco doretto,Face alignment via boosted ranking model,"Face alignment seeks to deform a face model to match it with the features of the image of a face by optimizing an ap- propriate cost function. We propose a new face model that is aligned by maximizing a score function, which we learn from training data, and that we impose to be concave. We show that this problem can",Cost Function;Face Alignment;Face Modeling;Score Function;,Computer Vision and Pattern Recognition,"2008
"
Xiaoming Liu,6182,1115,yan tong;frederick w. wheeler;peter henry tu,Facial Contour Labeling via Congealing,,,European Conference on Computer Vision,"2010
"
Xiaoming Liu,6183,1115,tsuhan chen;b. v. k. vijaya kumar,On Modeling Variations for Face Authentication,"In this paper, we present a scheme for face authentication by using applying principal component analysis (PCA) to model variations. To deal with variations, such as facial expressions and registration errors, with which traditional appearance- based methods do not perform well, we propose the eigenflow approach. In this approach, the optical flow and the optical flow residue between a test",Facial Expression;Linear Discriminate Analysis;Principal Component Analysis;Optical Flow;,IEEE International Conference on Automatic Face and Gesture Recognition,"2002
"
Xiaoming Liu,6184,1115,ting yu,Gradient Feature Selection for Online Boosting,"Boosting has been widely applied in computer vision, especially after Viola and Jones's seminal work (23). The marriage of rectangular features and integral-image- enabled fast computation makes boosting attractive for many vision applications. However, this popular way of ap- plying boosting normally employs an exhaustive feature se- lection scheme from a very large hypothesis pool, which re- sults in a",Computer Vision;Feature Selection;Learning Process;Weighted Least Square;,International Conference on Computer Vision,"2007
"
Xiaoming Liu,6185,1115,tsuhan chen;yufeng jessie hsu;wende zhang,Principle component analysis and its variants for biometrics,"Principle component analysis (PCA) has been widely used for analyzing the statistics of data. While applied to biometrics as a classification scheme, PCA faces certain challenges. In this paper, we present a number of modifications to PCA in order to meet these challenges. Using face recognition as an example, we show how eigenflow, PCA applied to optimal flow, enables us",Biometric Authentication;Component Analysis;Face Recognition;Principle Component Analysis;Time Varying;,International Conference on Image Processing,"2002
"
Xiaoming Liu,6186,1116,yueting zhuang;yunhe pan,Video Motion Capture Using Feature Tracking and Skeleton Reconstruction,,Feature Tracking;Motion Capture;,International Conference on Image Processing,"1999
"
Xiaoming Liu,6187,1115,yueting zhuang;yunhe pan,Video based human animation technique,"Human animation is a challenging domain in computer animation. To aim at many shortcomings in conventional techniques, this paper proposes a new video based human animation technique. Given a clip of video, firstly human joints are tracked with the support of Kalman filter and morph-block based match in the image sequence. Then corresponding sequence of three-dimension (3D) human motion skeleton",Camera Calibration;Computer Animation;Cost Efficiency;Human Animation;Human Motion;Image Sequence;Perspective Projection;Three Dimensions;kalman filter;,ACM Multimedia Conference,"1999
"
Xiaoming Liu,6188,1115,yueting zhuang;yunhe pan,A new approach to retrieve video by example video clip," The similarity measure between video clips is a key issue in videoretrieval. In the developing of our video retrieval system, wepropose a new video similarity model. In contrast to existingalgorithms, it proposes many influencing factors, such as orderfactor, speed factor, disturbance factor, etc, based on thesubjective visual judgement of human. So this algorithmembodies the degree of similarity completely and systematically.On",Similarity Measure;Video Retrieval;,ACM Multimedia Conference,"1999
"
Xiaoming Liu,6189,1115,yueting zhuang;yunhe pan,Apply semantic template to support content-based image retrieval,"Content-based multimedia information retrieval is the hot point of researchers in many domains. But traditional feature vector based retrieval method can not provide retrieval on the semantic level. Integrated with our image retrieval system, we propose a new approach to generate semantic template automatically in the process of relevance feedback, and construct a network of semantic template with the support",Content Based Image Retrieval;Feature Vector;Image Retrieval;Multimedia Information Retrieval;Relevance Feedback;,Storage and Retrieval for Image and Video Databases,"2000
"
Xiaoming Liu,6190,1115,,Discriminative Face Alignment,,Face Alignment;,IEEE Transactions on Pattern Analysis and Machine Intelligence,"2009
"
Xiaoming Liu,6191,1115,tsuhan chen;b. v. k. vijaya kumar,Face authentication for multiple subjects using eigenflow,"In this paper, we present a novel scheme for face authentication. To deal with variations, such as facial expressions and registration errors, with which traditional intensity-based methods do not perform well, we propose the eigenflow approach. In this approach, the optical flow and the optical flow residue between a test image and an image in the training set are first",Facial Expression;Principal Component Analysis;linear dis criminant analysis;Optical Flow;,Pattern Recognition,"2003
"
Xiaoming Liu,6192,1115,tsuhan chen;susan m. thornton,Eigenspace updating for non-stationary process and its application to face recognition,"In this paper, we introduce a novel approach to modeling non-stationary random processes. Given a set of training samples sequen- tially, we can iteratively update an eigenspace to manifest the current statistics provided by each new sample. The updated eigenspace is derived more from recent samples and less from older samples, controlled by a number of decay parameters. Extensive study",Activity Recognition;Face Recognition;Principal Component Analysis;Random Process;Stationary Process;Synthetic Data;,Pattern Recognition,"2003
"
Xiaoming Liu,6193,1117,robbert van renesse;mark bickford;christoph kreitz;robert l. constable,Protocol Switching: Exploiting Meta-Properties,"As we see a growing variety of network and applica- tion behaviors, it becomes more important that protocols adapt to their surroundings. Building adaptive protocols is complicated, and therefore we have considered build- ing hybrid protocols that switch between specialized pro- tocols. In this paper, we show for which communication properties this is a correct solution, and classify these us-",Adaptive Protocol;,International Conference on Distributed Computing Systems,"2001
"
Xiaoming Liu,6194,1117,robbert van renesse,Fast protocol transition in a distributed environment (brief announcement),"Adaptivity is a desired feature of the distributed systems. Because many characteristics of the environment (network topology, active process distribution, etc.) may change from time to time, a good system should be able to adapt itself and perform sufficiently well under different conditions.Modern distributed systems are generally built from a set of components. Such a system has the freedom to",Adaptive Protocol;Atomic Broadcast;Central Scheme;Distributed Environment;Distributed System;Generic Algorithm;Group Communication;Localized State;Network Topology;,Symposium on Principles of Distributed Computing,"2000
"
Xiaoming Liu,6195,1117,christoph kreitz;robbert van renesse;jason hickey;mark hayden;kenneth p. birman;robert l. constable,"Building reliable, high-performance communication systems from components","Although building systems from components has attractions, this approach also has problems. Can we be sure that a certain configuration of components is correct? Can it perform as well as a monolithic system? Our paper answers these questions for the Ensemble communication architecture by showing how, with help of the Nuprl formal system, configurations may be checked against specifications, and",Communication System;High Performance;System Configuration;,Operating Systems Review,"1999
"
Xiaoming Liu,6196,1117,mark bickford;christoph kreitz;robbert van renesse,Proving Hybrid Protocols Correct,We describe a generic switching protocol for the construc- tion of hybrid protocols and prove it correct with the Nuprl proof de- velopment system. For this purpose we introduce the concept of meta- properties and use them to formally characterize communication prop- erties that can be preserved by switching. We also identify switching in- variants that an implementation of the,Satisfiability;,Theorem Proving in Higher Order Logics,"2001
"
Xiaoming Liu,6197,1118,jinshan tang;jun liu;zhilin feng;zhaohui wang,Semi-supervised Discriminant Analysis Based on Dependence Estimation,,Discriminant Analysis;,Advanced Data Mining and Applications,"2009
"
Xiaoming Liu,6198,1118,jianwei yin;zhilin feng;jinxiang dong,Incremental Manifold Learning Via Tangent Space Alignment,,Manifold Learning;,Artificial Neural Networks in Pattern Recognition,"2006
"
Xiaoming Liu,6199,1118,jianwei yin;zhilin feng;jinxiang dong,A Local Tangent Space Alignment Based Transductive Classification Algorithm,,Classification Algorithm;Local Tangent Space Alignment;,Artificial Neural Networks in Pattern Recognition,"2006
"
Xiaoming Liu,6200,1118,zhilin feng;jianwei yin;zhaoyang he;jinxiang dong,A Novel Architecture for Realizing Grid Workflow Using Pi-Calculus Technology,,,Asia-Pacific Web Conference,"2006
"
Xiaoming Liu,6201,1118,jun liu;zhilin feng,Colorization Using Segmentation with Random Walk,,Random Walk;,Computer Analysis of Images and Patterns,"2009
"
Xiaoming Liu,6202,1118,jianwei yin;zhilin feng;jinxiang dong,Adaptive-weighted hidden Markov models based 3D model classification,,3d model;Hidden Markov Model;,Computer Supported Cooperative Work in Design,"2005
"
Xiaoming Liu,6203,1118,jianwei yin;zhilin feng;jinxiang dong,A novel approach for interorganizational workflow system design,,Workflow System;,Computer Supported Cooperative Work in Design,"2005
"
Xiaoming Liu,6204,1118,zhaohui wang;zhilin feng;jinshan tang,A Pairwise Covariance-Preserving Projection Method for Dimension Reduction,,Dimension Reduction;Projection Method;,IEEE International Conference on Data Mining,"2007
"
Xiaoming Liu,6205,1118,zhaohui wang;jun liu;zhilin feng,Dimension Reduction with Semi-supervised Pairwise Covariance-Preserving Projection,,Dimension Reduction;,International Conference on Intelligent Computing,"2010
"
Xiaoming Liu,6206,1118,jianwei yin;jung-sing jwo;zhilin feng;jinxiang dong,A DNA-Based Genetic Algorithm Implementation for Graph Coloring Problem,,Genetic Algorithm;Graph Coloring Problem;,International Conference on Intelligent Computing,"2005
"
Xiaoming Liu,6207,1118,jinshan tang;xiaolong zhang,A multiscale image enhancement method for calcification detection in screening mammograms,,Image Enhancement;,International Conference on Image Processing,"2009
"
Xiaoming Liu,6208,1118,jianwei yin;zhilin feng;jinxiang dong;lu wang,Orthogonal Neighborhood Preserving Embedding for Face Recognition,"In this paper, we propose a new algorithm called Orthogonal Neighborhood Preserving Embedding (ONPE) for face recognition. ONPE can preserve local geometry information and is based on the local linearity assumption that each data point and its k nearest neighbors lie on a linear manifold locally embedded in the image space. ONPE is based on Neighborhood Preserving Embedding (NPE), but",Face Recognition;K Nearest Neighbor;Neighborhood Preserving Embedding;,International Conference on Image Processing,"2007
"
Xiaoming Liu,6209,1118,zhaohui wang;jun liu;zhilin feng,Face recognition with Locality Sensitive Discriminant Analysis based on matrix representation,,Discriminant Analysis;Face Recognition;Matrix Representation;,IJCNN,"2008
"
Xiaoming Liu,6210,1118,zhilin feng;shuwang du;yanming ye;wuheng zuo,Phase Field Based Texture Image Segmentation Using Shape Prior Technology,,Image Segmentation;Phase Field;Shape Priors;,,"2009
"
Xiaoming Liu,6211,1118,zhilin feng;jianwei yin;jiong qiu;jinxiang dong,Jacquard Image Segmentation Method Based on Fuzzy Optimization Technology,,Fuzzy Optimization;Image Segmentation;,"Rough Sets, Fuzzy Sets, Data Mining, and Granular-Soft Computing","2005
"
Xiaoming Liu,6212,1119,lyudmila balakireva;patrick hochstenbach;herbert van de sompel,File-Based Storage of Digital Objects and Constituent Datastreams: XMLtapes and Internet Archive ARC Files,"This paper introduces the write-once/read-many XMLtape/ARC storage approach for Digital Objects and their constituent datastreams. The approach combines two interconnected file-based storage mecha- nisms that are made accessible in a protocol-based manner. First, XML- based representations of multiple Digital Objects are concatenated into a single file named an XMLtape. An XMLtape is a valid XML file; its format definition is",Complex Objects;Indexation;Write Once Read Many;,Computing Research Repository,"2005
"
Xiaoming Liu,6213,1119,kurt maly;mohammad zubair;rong tang;mohammed imran padshah;george roncaglia;joanne rocker;michael l. nelson;william von ofenheim;richard luce;jacqueline stack;frances knudson;beth goldsmith;irma holtkamp;miriam blake;jack carter;mariella di giacomo;major jerome nutter;susan brown;ron montbrand;sally landenberger;kathy pierson;vince duran;beth moser,Technical Report Interchange through Synchronized OAI Caches,,,European Conference on Digital Libraries,"2002
"
Xiaoming Liu,6214,1119,michael l. nelson;herbert van de sompel;terry l. harrison;nathan mcfarland,mod_oai: An Apache Module for Metadata Harvesting,"We describe mod_oai, an Apache 2.0 module that implements the Open Archives Initiative Protocol for Metadata Harvesting (OAI-PMH). OAI- PMH is the de facto standard for metadata exchange in digital libraries and allows repositories to expose their contents in a structured, application-neutral format with semantics optimized for accurate incremental harvesting. Current implementations of OAI-PMH are either separate applications that access",Digital Library;Open Archive Initiative;Software Package;Web Crawling;,Computing Research Repository,"2005
"
Xiaoming Liu,6215,1119,kurt maly;mohammad zubair,Enhanced Kepler Framework for Self-Archiving," In this paper, we introduce the Enhanced Kepler Framework,an evolution of the original Kepler framework whichimplements an OAI-PMH-compliant data provider for individualpublishers. The enhanced Kepler framework isheavily influenced by Fasttrack, a peer-to-peer network. Inparticular, we introduce the concept of buddy nodes andSuperNodes to improve scalability. We also propose enhancementsof OAI-PMH, the harvesting protocol used inthe existing framework, to support the",Peer-to-peer Network;,International Conference on Parallel Processing,"2002
"
Xiaoming Liu,6216,1119,hesham anan;kurt maly;michael l. nelson;mohammad zubair;james c. french;edward a. fox;p. shivakumar,Preservation and transition of NCSTRL using an OAI-based architecture,"NCSTRL (Networked Computer Science Technical Reference Library) is a federation of digital libraries providing computer science materials. The architecture of the original NCSTRL was based largely on the Dienst software. It was implemented and maintained by the digital library group at Cornell University until September 2001. At that time, we had an immediate goal of preserving the existing NCSTRL collection",Digital Library;Open Archive Initiative;,ACM/IEEE Joint Conference on Digital Libraries,"2002
"
Xiaoming Liu,6217,1119,jeroen bekaert;herbert van de sompel,aDORe: a modular and standards-based digital object repository at the los alamos national laboratory,"This paper describes the aDORe repository architecture, designed and implemented for ingesting, storing, and accessing a vast collection of Digital Objects at the Research Library of the Los Alamos National Laboratory.",Architectural Design;Los Alamos National Laboratory;,ACM/IEEE Joint Conference on Digital Libraries,"2005
"
Xiaoming Liu,6218,1119,jeroen bekaert;herbert van de sompel,Using standards in digital library design & development,"This tutorial will cover a set of Standards and defacto Standards that can play a role in the design and development of Digital Library applications. The Standards that will be discussed are the ISO MPEG-21 Digital Item Declaration, the ISO MPEG-21 Digital Item Identification, the ISO MPEG-21 Digital Item Processing, the Open Archives Protocol for Metadata Harvesting, the Internet Archive",Design and Development;Digital Library;Los Alamos National Laboratory;,ACM/IEEE Joint Conference on Digital Libraries,"2005
"
Xiaoming Liu,6219,1119,jeroen bekaert;herbert van de sompel;carl lagoze;sandy payette;simeon warner,Pathways core: a data model for cross-repository services,"As part of the NSF-funded Pathways project, we have created an interoperable data model to facilitate object re-use and a broad spectrum of cross-repository services. The resulting Pathways Core data model is designed to be lightweight to implement, and to be widely applicable as a shared profile or as an overlay on data models currently used in repository systems and",Data Model;Scholarly Communication;Spectrum;Systems and Applications;,ACM/IEEE Joint Conference on Digital Libraries,"2006
"
Xiaoming Liu,6220,1119,henry n. jerez;patrick hochstenbach;herbert van de sompel,The multifaceted use of the OAI-PMH in the lanl repository,"This paper focuses on the multifaceted use of the OAI-PMH in a repository architecture designed to store digital assets at the Research Library of the Los Alamos National Laboratory (LANL), and to make the stored assets available in a uniform way to various downstream applications. In the architecture, the MPEG-21 Digital Item Declaration Language is used as the XML-based format",Architectural Design;Declarative Languages;Digital Library;Indexation;Individual Object;Los Alamos National Laboratory;,ACM/IEEE Joint Conference on Digital Libraries,"2004
"
Xiaoming Liu,6221,1119,johan bollen;michael l. nelson;herbert van de sompel;jeremy a. t. hussell;richard luce;linn marks,Toolkits for visualizing co-authorship graph,Visualization eases insight into complex systems such as co-authorship networks. We present an initial deployment of an author navigator application for convenient visual examination of JCDL and LANL co--authorship networks.,Complex System;,ACM/IEEE Joint Conference on Digital Libraries,"2004
"
Xiaoming Liu,6222,1119,kurt maly;mohammad zubair;michael l. nelson,Arc: an OAI service provider for cross-archive searching,The usefulness of the many on-line journals and scientific digital lib raries that exist today is limited by the lack of a service that can federate them through a unified interface. The Open Archive Initiative (OAI) is one major effort to address technical interoperability among distributed archives. The objective of OAI is to develop a framework to facilitate the discovery,Digital Library;Lessons Learned;Open Archive Initiative;Relational Database;Service Provider;,ACM/IEEE Joint Conference on Digital Libraries,"2001
"
Xiaoming Liu,6223,1119,kurt maly;mohammad zubair;michael l. nelson,DP9: an OAI gateway service for web crawlers,"Many libraries and databases are closed to general-purpose Web crawlers, and they expose their content only through their own search engines. At the same time many researchers attempt to locate technical papers through general-purpose Web search engines. DP9 is an open source gateway service that allows general search engines, (e.g. Google, Inktomi) to index OAI-compliant archives. DP9 does this by",Deep Web;Indexation;Open Archive Initiative;Open Source;Search Engine;Web Crawler;Web Search Engine;,ACM/IEEE Joint Conference on Digital Libraries,"2002
"
Xiaoming Liu,6224,1119,kurt maly;mohammad zubair;michael l. nelson,Repository synchronization in the OAI framework,"The Open Archives Initiative Protocol for Metadata Harvesting (OAI-PMH) began as an alternative to distributed searching of scholarly eprint repositories. The model embraced by the OAI-PMH is that of metadata harvesting, where value-added services (by a ""service provider"") are constructed on cached copies of the metadata extracted from the repositories of the harvester's choosing. While this model dispenses with the",Distributed Search;Metadata Extraction;Open Archive Initiative;Service Provider;Value Added Services;,ACM/IEEE Joint Conference on Digital Libraries,"2003
"
Xiaoming Liu,6225,1119,johan bollen;michael l. nelson;herbert van de sompel,Co-Authorship Networks in the Digital Library Research Community,"The field of digital libraries (DLs) coalesced in 1994: the first digital library con- ferences were held that year, awareness of the World Wide Web was accelerating, and the National Science Foundation awarded $24 Million (U.S.) for the Digital Library Initiative (DLI). In this paper we examine the state of the DL domain af- ter a decade of activity by",Betweenness Centrality;Digital Library;Network Measurement;Network Model;Social Network Analysis;National Science Foundation;Program Committee;World Wide Web;,Information Processing and Management,"2005
"
Xiaoming Liu,6226,1119,lyudmila balakireva;patrick hochstenbach;herbert van de sompel,File-Based Storage of Digital Objects and Constituent Datastreams: XMLtapes and Internet Archive ARC Files,"This paper introduces the write-once/read-many XMLtape/ARC storage approach for Digital Objects and their constituent datastreams. The approach combines two interconnected file-based storage mecha- nisms that are made accessible in a protocol-based manner. First, XML- based representations of multiple Digital Objects are concatenated into a single file named an XMLtape. An XMLtape is a valid XML file; its format definition is",Complex Objects;Indexation;Write Once Read Many;,Computing Research Repository,"2005
"
Xiaoming Liu,6227,1119,michael l. nelson;herbert van de sompel;terry l. harrison;nathan mcfarland,mod_oai: An Apache Module for Metadata Harvesting,"We describe mod_oai, an Apache 2.0 module that implements the Open Archives Initiative Protocol for Metadata Harvesting (OAI-PMH). OAI- PMH is the de facto standard for metadata exchange in digital libraries and allows repositories to expose their contents in a structured, application-neutral format with semantics optimized for accurate incremental harvesting. Current implementations of OAI-PMH are either separate applications that access",Digital Library;Open Archive Initiative;Software Package;Web Crawling;,Computing Research Repository,"2005
"
Xiaoming Liu,6228,1119,jeroen bekaert;herbert van de sompel,Representing Digital Assets for Long-Term Preservation using MPEG21 DID,"Various efforts aimed at representing digital assets have emerged from several communities over the last years, including the Metadata Encoding and Transmission Standard (METS), the IMS Content Packaging (IMS-CP) XML Binding and the XML Formatted Data Units (XFDU). The MPEG-21 Digital Item Declaration (MPEG-21 DID) is another approach that can be used for the representation of digital assets in XML.",Building Block;Digital Preservation;Information Model;,Computing Research Repository,"2005
"
Xiaoming Liu,6229,1119,simeon warner;jeroen bekaert;carl lagoze;sandy payette;herbert van de sompel,Pathways: Augmenting interoperability across scholarly repositories,"In the emerging eScience environment, reposito- ries of papers, datasets, software, etc., should be the foun - dation of a global and natively-digital scholarly communica- tions system. The current infrastructure falls far short of this goal. Cross-repository interoperability must be augmented to support the many workflows and value-chains involved in scholarly communication. This will not be achieved through the promotion",Data Model;Heterogeneous Systems;Scholarly Communication;Service Architecture;Value Chain;,Computing Research Repository,"2006
"
Xiaoming Liu,6230,1119,tim brody;stevan harnad;les carr;kurt maly;mohammad zubair;michael l. nelson,A Scalable Architecture for Harvest-Based Digital Libraries - The ODU/Southampton Experiments,"This paper discusses the requirements of current and emerging applications based on the Open Archives Initiative (OAI) and emphasizes the need for a common infrastructure to support them. Inspired by HTTP proxy, cache, gateway and web service concepts, a design for a scalable and reliable infrastructure that aims at satisfying these requirements is presented. Moreover it is shown how various",Digital Library;Open Archive Initiative;Proxy Caching;Satisfiability;Web Service;,Computing Research Repository,"2002
"
Xiaoming Liu,6231,1119,tim brody;stevan harnad;les carr;kurt maly;mohammad zubair;michael l. nelson,A Scalable Architecture for Harvest-Based Digital Libraries - The ODU/Southampton Experiments,"This paper discusses the requirements of current and emerging applications based on the Open Archives Initiative (OAI) and emphasizes the need for a common infrastructure to support them. Inspired by HTTP proxy, cache, gateway and web service concepts, a design for a scalable and reliable infrastructure that aims at satisfying these requirements is presented. Moreover it is shown how various",Digital Library;Open Archive Initiative;Proxy Caching;Satisfiability;Web Service;,Computing Research Repository,"2002
"
Xiaoming Liu,6232,1119,frank mccown;michael l. nelson;mohammad zubair,Search Engine Coverage of the OAI-PMH Corpus,,Search Engine;,IEEE Internet Computing,"2006
"
Xiaoming Liu,6233,1119,johan bollen;michael l. nelson;herbert van de sompel,Co-Authorship Networks in the Digital Library Research Community,"The field of digital libraries (DLs) coalesced in 1994: the first digital library con- ferences were held that year, awareness of the World Wide Web was accelerating, and the National Science Foundation awarded $24 Million (U.S.) for the Digital Library Initiative (DLI). In this paper we examine the state of the DL domain af- ter a decade of activity by",Betweenness Centrality;Digital Library;Network Measurement;Network Model;Social Network Analysis;National Science Foundation;Program Committee;World Wide Web;,Information Processing and Management,"2005
"
Xiaoming Liu,6234,1119,kurt maly;mohammad zubair;qiaoling hong;michael l. nelson;frances knudson;irma holtkamp,Federated Searching Interface Techniques for Heterogeneous OAI Repositories,,,Journal of Digital Information,"2002
"
Xiaoming Liu,6235,1119,simeon warner;jeroen bekaert;carl lagoze;sandy payette;herbert van de sompel,Pathways: augmenting interoperability across scholarly repositories,,,International Journal on Digital Libraries,"2007
"
Xiaoming Liu,6236,1119,simeon warner;jeroen bekaert;carl lagoze;sandy payette;herbert van de sompel,Pathways: augmenting interoperability across scholarly repositories,,,International Journal on Digital Libraries,"2007
"
Xiaoming Liu,6237,1120,yun-xin fu,Estimating The Lower Bounds Of Recombination With Or Without Recurrent Mutations,,Lower Bound;,Bioinformatics & Computational Biology,"2007
"
