author,pid,label,coauthor,title,abstract,keywords,venue,year
Yan Liu,6260,1135,xi chen;han liu;jaime g. carbonell,Learning Spatial-Temporal Varying Graphs with Applications to Climate Data Analysis,"An important challenge in understanding climate change is to uncover the dependency relationships be- tween various climate observations and forcing factors. Graphical lasso, a recently proposed '1 penalty based structure learning algorithm, has been proven success- ful for learning underlying dependency structures for the data drawn from a multivariate Gaussian distribu- tion. However, climatological data often turn out to be",Climate Change;Data Analysis;Dependence Structure;Structure Learning;Synthetic Data;Temporal Data;,National Conference on Artificial Intelligence,"2010
"
Yan Liu,6261,1135,jingrui he;richard d. lawrence,Graph-based transfer learning,"Transfer learning is the task of leveraging the information from labeled examples in some domains to predict the labels for examples in another domain. It finds abundant practical applications, such as sentiment prediction, image classification and network intrusion detection. In this paper, we propose a graph-based transfer learning framework. It propagates the label information from the source domain to the",Image Classification;Iterative Algorithm;Large Scale;Network Intrusion Detection;Transfer Learning;,International Conference on Information and Knowledge Management,"2009
"
Yan Liu,6262,1135,yiming yang;jaime g. carbonell,Boosting to Correct the Inductive Bias for Text Classification,"This paper studies the effects of boosting in the context of different classification methods for text categorization, including Decision Trees, Naive Bayes, Support Vector Machines (SVMs) and a Rocchio-style classifier. We identify the inductive biases of each classifier and explore how boosting, as an error-driven resampling mechanism, reacts to those biases. Our experiments on the Reuters-21578 benchmark show that boosting",Machine Learning;Naive Bayes;Performance Improvement;Support Vector Machine;Text Categorization;Text Classification;Decision Tree;,,"2002
"
Yan Liu,6263,1135,jaime g. carbonell;rong jin,A New Pairwise Ensemble Approach for Text Classification,,Text Classification;,,"2003
"
Yan Liu,6264,1135,jingrui he;richard d. lawrence,Graph-Based Rare Category Detection,,,IEEE International Conference on Data Mining,"2008
"
Yan Liu,6265,1135,pei-yun hsueh;jennifer lai;mirweis sangin;marc-antoine nüssli;pierre dillenbourg,Who is the expert? Analyzing gaze data to predict expertise level in collaborative applications,,Collaborative Application;,International Conference on Multimedia Computing and Systems/International Conference on Multimedia and Expo,"2009
"
Yan Liu,6266,1135,jun yang;alexander g. hauptmann,Undirected Graphical Models for Video Analysis and Classification,,Graphical Model;Video Analysis;,International Conference on Multimedia Computing and Systems/International Conference on Multimedia and Expo,"2007
"
Yan Liu,6267,1135,john d. lafferty;xiaojin zhu,Kernel conditional random fields: representation and clique selection,"Kernel conditional random fields (KCRFs) are introduced as a framework for discriminative modeling of graph-structured data. A representer theorem for conditional graphical models is given which shows how kernel conditional random fields arise from risk minimization procedures defined using Mercer kernels on labeled graphs. A procedure for greedily selecting cliques in the dual representation is then proposed, which allows sparse",Conditional Random Field;Discriminative Model;Feature Space;Graphical Model;Protein Secondary Structure Prediction;Representation Theorem;Risk Minimization;Semi Supervised Learning;Sparse Representation;Structured Data;Synthetic Data;,International Conference on Machine Learning,"2004
"
Yan Liu,6268,1135,alexandru niculescu-mizil;wojciech gryc,Topic-link LDA: joint models of topic and author community,"Given a large-scale linked document collec- tion, such as a collection of blog posts or a research literature archive, there are two fun- damental problems that have generated a lot of interest in the research community. One is to identify a set of high-level topics cov- ered by the documents in the collection; the other is to uncover and analyze",Large Scale;Research Paper;,International Conference on Machine Learning,"2009
"
Yan Liu,6269,1135,alexandru niculescu-mizil;aurelie c. lozano;yong lu,Learning Temporal Causal Graphs for Relational Time-Series Analysis,,Time Series Analysis;,International Conference on Machine Learning,"2010
"
Yan Liu,6270,1135,eric p. xing;jaime g. carbonell,Predicting protein folds with structural repeats using a chain graph model,"Protein fold recognition is a key step to- wards inferring the tertiary structures from amino-acid sequences. Complex folds such as those consisting of interacting structural re- peats are prevalent in proteins involved in a wide spectrum of biological functions. How- ever, extant approaches often perform inade- quately due to their inability to capture long- range interactions between structural units and",Amino Acid Sequence;Chain Graph;Computational Efficiency;Conditional Random Field;Leucine Rich Repeat;Local Computation;Long-range Interaction;Prediction Accuracy;Protein Fold Recognition;Protein Folding;Sequence Motif;Sequence Similarity;Spectrum;,International Conference on Machine Learning,"2005
"
Yan Liu,6271,1135,jingrui he;jaime g. carbonell,Graph-based semi-supervised learning as a generative model,"This paper proposes and develops a new graph-based semi-supervised learning method. Different from previous graph-based methods that are based on discriminative models, our method is essentially a generative model in that the class conditional probabilities are estimated by graph propagation and the class priors are estimated by linear regression. Experimental results on various datasets show that the proposed method is",Conditional Probability;Discriminative Model;Generic Model;Linear Regression;Semi Supervised Learning;,International Joint Conference on Artificial Intelligence,"2007
"
Yan Liu,6272,1135,jaime g. carbonell;vanathi gopalakrishnan;peter weigele,Protein Quaternary Fold Recognition Using Conditional Graphical Models,"Protein fold recognition is a crucial step in infer- ring biological structure and function. This paper focuses on machine learning methods for predict- ing quaternary structural folds, which consist of multiple protein chains that form chemical bonds among side chains to reach a structurally stable domain. The complexity associated with model- ing the quaternary fold poses major theoretical and computational",Domain Knowledge;Fold Recognition;Graphical Model;Long-range Interaction;Machine Learning;Model Complexity;Protein Fold Recognition;Structural Properties;Structure and Function;,International Joint Conference on Artificial Intelligence,"2007
"
Yan Liu,6273,1135,katharina probst;rayid ghani;marko krema;andrew e. fano,Semi-Supervised Learning of Attribute-Value Pairs from Product Descriptions,We describe an approach to extract attribute-value pairs from product descriptions. This allows us to represent products as sets of such attribute-value pairs to augment product databases. Such a rep- resentation is useful for a variety of tasks where treating a product as a set of attribute-value pairs is more useful than as an atomic entity. Examples of such applications,Demand Forecasting;Semi Supervised Learning;Supervised Classification;Unlabeled Data;,International Joint Conference on Artificial Intelligence,"2007
"
Yan Liu,6274,1135,andrew arnold;naoki abe,Temporal causal modeling with graphical granger methods,"The need for mining causality, beyond mere statistical correla- tions, for real world problems has been recognized widely. Many of these applications naturally involve temporal data, which raises the challenge of how best to leverage the temporal information for causal modeling. Recently graphical modeling with the concept of ""Granger causality"", based on the intuition that a cause helps predict its",Causal Models;Granger Causality;Graphical Model;Key Performance Indicator;Model Selection;Perforation;Structure Learning;Temporal Data;Temporal Information;Time Series Data;,Knowledge Discovery and Data Mining,"2007
"
Yan Liu,6275,1135,wojciech gryc;mary e. helander;richard d. lawrence;claudia perlich;chandan reddy;saharon rosset,Looking for Great Ideas: Analyzing the Innovation Jam,"We discuss the Innovation Jam that IBM carried out in 2006, with the objective of identifying innovative and promising ""Big Ideas""through a moderated on-line discussion between IBM worldwide employees and external contributors. We describe the data available and investigate several analytical approaches to address the challenge of understanding ""how innovation happens"" and to facilitate the success of future Jams. We",Social Network;Unsupervised Learning;Time Dependent;,Knowledge Discovery and Data Mining,"2007
"
Yan Liu,6276,1135,jayant r. kalagnanam;oivind johnsen,Learning dynamic temporal graphs for oil-production equipment monitoring system,"Learning temporal graph structures from time series data reveals important dependency relationships between current observations and histories. Most previous work focuses on learning and predicting with ""static"" temporal graphs only. However, in many applications such as mechanical systems and biology systems, the temporal dependencies might change over time. In this paper, we develop a dynamic temporal graphical models based on",Complex System;Dependence Graph;Graphical Model;Mechanical Systems;Monitoring System;Structure Learning;Time Series Data;Hidden Markov Model;Unified Model;,Knowledge Discovery and Data Mining,"2009
"
Yan Liu,6277,1135,aurelie c. lozano;naoki abe;saharon rosset,Grouped graphical Granger modeling methods for temporal causal modeling,"We develop and evaluate an approach to causal modeling based on time series data, collectively referred to as\grouped graphical Granger modeling methods."" Graphical Granger modeling uses graphical modeling techniques on time series data and invokes the notion of \Granger causality"" to make assertions on causality among a potentially large number of time series variables through inference on time-lagged ef- fects.",Causal Models;Empirical Evaluation;Gene Regulatory Network;Granger Causality;Graphical Model;Microarray Data;Real World Application;Temporal Variability;Time Course;Time Lag;Time Series;Time Series Data;Variable Selection;,Knowledge Discovery and Data Mining,"2009
"
Yan Liu,6278,1135,aurelie c. lozano;hongfei li;alexandru niculescu-mizil;claudia perlich;jonathan r. m. hosking;naoki abe,Spatial-temporal causal modeling for climate change attribution,"Attribution of climate change to causal factors has been based pre- dominantly on simulations using physical climate models, which have inherent limitations in describing such a complex and chaotic system. We propose an alternative, data centric, approach that re- lies on actual measurements of climate observations and human and natural forcing factors. Specifically, we develop a novel method to infer",Causal Models;Chaotic System;Climate Change;Climate Model;Extreme Value;Granger Causality;Greenhouse Gases;Heat Wave;Temporal Data;Green House Gases;,Knowledge Discovery and Data Mining,"2009
"
Yan Liu,6279,1135,jaime g. carbonell;peter weigele;vanathi gopalakrishnan,Segmentation Conditional Random Fields (SCRFs): A New Approach for Protein Fold Recognition,"Protein fold recognition is an important step towards un- derstanding protein three-dimensional structures and their functions. A conditional graphical model, i.e. segmentation conditional random flelds (SCRFs), is proposed to solve the problem. In contrast to traditional graphical models such as hidden markov model (HMM), SCRFs follow a discriminative approach. It has the ∞exibility to include overlapping or long-range interaction features",Bacterial Infection;Conditional Random Field;Detection Algorithm;Global Optimization;Graphical Model;Long-range Interaction;Prediction Model;Protein Fold Recognition;random fleld;Three-dimensional Structure;Hidden Markov Model;Protein Data Bank;,Research in Computational Molecular Biology,"2005
"
Yan Liu,6280,1135,tsuyoshi idé;aurelie c. lozano;naoki abe,Proximity-Based Anomaly Detection Using Sparse Structure Learning,"We consider the task of performing anomaly detection in highly noisy multivariate data. In many applications involv- ing real-valued time-series data, such as physical sensor data and economic metrics, discovering changes and anomalies in the way variables depend on one another is of particular importance. Our goal is to robustly compute the ""correla- tion anomaly"" score of each variable by",Anomaly Detection;Conditional Distribution;Covariance Matrix;Maximum Likelihood Estimate;Multivariate Data;Reference Data;Structure Learning;Time Series Data;Graphical Gaussian Model;,SIAM International Conference on Data Mining,"2009
"
Yan Liu,6281,1135,jaime g. carbonell;judith klein-seetharaman;vanathi gopalakrishnan,Context sensitive vocabulary and its application in protein secondary structure prediction,"Protein secondary structure prediction is an important step towards understanding the relation between protein sequence and structure. However, most current prediction methods use features difficult for biologists to interpret. In this paper, we present a new method that applies information retrieval techniques to solve the problem:we extract a context sensitive biological vocabulary for protein sequences and apply text classification methods",Information Retrieval;Prediction Method;Protein Secondary Structure;Protein Secondary Structure Prediction;Protein Sequence;Protein Structure;Regular Expression;Text Classification;,Research and Development in Information Retrieval,"2004
"
Yan Liu,6282,1135,katharina probst;rayid ghani;marko krema;andy fano,Extracting and Using Attribute-Value Pairs from Product Descriptions on the Web,,,Workshop on Web Mining,"2006
"
Yan Liu,6283,1135,jaime g. carbonell;judith klein-seetharaman;vanathi gopalakrishnan,Comparison of probabilistic combination methods for protein secondary structure prediction,"Motivation: Protein secondary structure prediction is an important step towards understanding how proteins fold in three dimensions. Recent analysis by information theory indicates that the correlation between neighboring secondary structures are much stronger than that of neighboring amino acids. In this article, we focus on the combination problem for sequences, i.e. combining the scores or assignments from single or multiple",Conditional Random Field;Information Theory;Protein Folding;Protein Secondary Structure Prediction;Secondary Structure;Three Dimensions;Amino Acid;,Bioinformatics/computer Applications in The Biosciences,"2004
"
Yan Liu,6284,1135,aurelie c. lozano;naoki abe;saharon rosset,Grouped graphical Granger modeling for gene expression regulatory networks discovery,"We consider the problem of discovering gene regulatory networks from time-series microarray data. Recently, graphical Granger modeling has gained considerable attention as a promising direction for addressing this problem. These methods apply graphical modeling methods on time-series data and invoke the notion of 'Granger causality' to make assertions on causality through inference on time-lagged effects. Existing algorithms, however, have neglected",Computational Biology;Gene Expression;Gene Expression Data;Gene Regulatory Network;Graphical Model;High Dimensionality;Large Data;large dataset;Microarray Data;Regulatory Network;Temporal Variability;Time Lag;Time Series;Time Series Data;,Bioinformatics/computer Applications in The Biosciences,"2009
"
Yan Liu,6285,1135,saharon rosset;claudia perlich;grzegorz swirszcz;prem melville,Medical data mining: insights from winning two competitions,,Data Mining;,Data Mining and Knowledge Discovery,"2010
"
Yan Liu,6286,1135,jaime g. carbonell;peter weigele;vanathi gopalakrishnan,Protein Fold Recognition Using Segmentation Conditional Random Fields (SCRFs),"Protein fold recognition is an important step towards understanding protein three-dimen- sional structures and their functions. A conditional graphical model, i.e., segmentation con- ditional random fields (SCRFs), is proposed as an effective solution to this problem. In contrast to traditional graphical models, such as the hidden Markov model (HMM), SCRFs follow a discriminative approach. Therefore, it is flexible to include",Conditional Random Field;Convex Optimization;Detection Algorithm;Fold Recognition;Global Optimization;Graphical Model;Long-range Interaction;Prediction Model;Protein Fold Recognition;Protein Folding;Protein Structure Prediction;Secondary Structure;con ditional random fields;Hidden Markov Model;,Journal of Computational Biology,"2006
"
Yan Liu,6287,1135,rayid ghani;katharina probst;marko krema;andrew e. fano,Text mining for product attribute extraction,We describe our work on extracting attribute and value pairs from textual product descriptions. The goal is to augment databases of products by representing each product as a set of attribute-value pairs. Such a representation is beneficial for tasks where treating the product as a set of attribute-value pairs is more useful than as an atomic entity. Examples of such,Semi Supervised Learning;Text Mining;Unlabeled Data;,Sigkdd Explorations,"2006
"
Yan Liu,6288,1135,zhenzhen kou,Predicting who rated what in large-scale datasets,"KDD Cup 2007 focuses on movie rating behaviors. The goal of the task ""Who Rated What"" is to predict whether ""ex- isting"" users will review ""existing"" movies in the future. We cast the task as a link prediction problem and address it via a simple classification approach. Compared with other applications for link prediction, there are two major chal- lenges",Large Scale;Link Prediction;,Sigkdd Explorations,"2007
"
Yan Liu,6289,1135,claudia perlich;prem melville;grzegorz swirszcz;richard d. lawrence;saharon rosset,Breast cancer identification: KDD CUP winner's report,"We describe the ideas and methodologies that we developed in addressing the KDD Cup 2008 on early breast cancer detection, and discuss how they contributed to our success. The most important components of our solution were 1) the identification of predictive information in the patient identifier, 2) a linear SVM on the 117 provided features, and 3) a heuristic post-processing",Early Breast Cancer;Evaluation Criteria;Breast Cancer;,Sigkdd Explorations,"2008
"
Yan Liu,6290,1135,saharon rosset;claudia perlich,"Making the most of your data: KDD Cup 2007 ""How Many Ratings"" winner's report","We describe the ideas and methodologies that we developed in addressing the KDD Cup 2007 How Many Ratings task, and discuss how they contributed to our success.",,Sigkdd Explorations,"2007
"
Yan Liu,6291,1136,bojan cukic;edgar fuller;srikanth gururajan;sampath yerramalla,Novelty Detection for a Neural Network-Based Online Adaptive System,,Adaptive System;Novelty Detection;Neural Network;,International Computer Software and Applications Conference,"2005
"
Yan Liu,6292,1136,sampath yerramalla;edgar fuller;bojan cukic;srikanth gururajan,Adaptive Control Software: Can We Guarantee Safety?,,Adaptive Control;,International Computer Software and Applications Conference,"2004
"
Yan Liu,6293,1136,john strassner;jing zhang,A Context-Aware Policy Model to Support Autonomic Networking,,Context Aware;,International Computer Software and Applications Conference,"2008
"
Yan Liu,6294,1136,mark shereshevsky;jonathan crowell;bojan cukic;vijai gandikota,Software Aging and Multifractality of Memory Resources,,,Dependable Systems and Networks,"2003
"
Yan Liu,6295,1136,jing zhang;michael jiang;david raymer;john strassner,A Case Study: A Model-Based Approach to Retrofit a Network Fault Management System with Self-Healing Functionality,,Case Study;Fault Management;model-based approach;,Engineering of Computer-Based Systems,"2008
"
Yan Liu,6296,1136,sampath yerramalla;edgar fuller;bojan cukic;srikanth gururajan,An Approach to V&V of Embedded Adaptive Systems,,Adaptive System;,Formal Approaches to Agent-Based Systems,"2004
"
Yan Liu,6297,1136,dejan desovski;bojan cukic,Linear Randomized Voting Algorithm for Fault Tolerant Sensor Fusion and the Corresponding Reliability Model,,Fault Tolerant;Reliability Modeling;Sensor Fusion;,High-Assurance Systems,"2005
"
Yan Liu,6298,1136,michael jiang;david raymer,Adding Autonomic Capabilities to Network Fault Management System,,Fault Management;,High-Assurance Systems,"2007
"
Yan Liu,6299,1136,ali mili;guangjie jiang;bojan cukic;rahma ben ayed,Towards the Verification and Validation of Online Learning Systems: General Framework and Applications,"Online Adaptive Systems cannot be certified using tradi- tional testing and proving methods, because these meth- ods rely on assumptions that do not hold for such systems. In this paper we discuss a framework for reasoning about online adaptive systems, and see how this framework can be used to perform the verification of these systems. In addition to the framework,",Adaptive Control;Adaptive System;Formal Method;Mlp Neural Network;On-line Learning;Online Learning;Radial Basis Function;rbf neural network;Verification and Validation;Neural Network;Neural Network Model;,Hawaii International Conference on System Sciences,"2004
"
Yan Liu,6300,1136,john strassner;srini samudrala;greg w. cox;michael jiang;jing zhang;sven van der meer;mícheál ó foghlú;willie donnelly,The Design of a New Context-Aware Policy Model for Autonomic Networking,,Context Aware;,International Conference on Autonomic Computing,"2008
"
Yan Liu,6301,1136,bojan cukic;michael jiang;zhiwei xu,Predicting with Confidence - An Improved Dynamic Cell Structure,,Dynamic Cell Structures;,International Conference on Natural Computation,"2005
"
Yan Liu,6302,1136,srikanth gururajan;bojan cukic;tim menzies;marcello r. napolitano,Validating an Online Adaptive System Using SVDD,,Adaptive System;,,"2003
"
Yan Liu,6303,1136,tim menzies;bojan cukic,Data Sniffing - Monitoring of Machine Learning for Online Adaptive Systems,,Adaptive System;Machine Learning;,,"2002
"
Yan Liu,6304,1136,jing zhang;xin meng;john strassner,Sequential Proximity-Based Clustering for Telecommunication Network Alarm Correlation,,Telecommunication Networks;,International Symposium on Neural Networks,"2008
"
Yan Liu,6305,1136,johann schumann,Performance Estimation of a Neural Network-Based Controller,"Biologically inspired soft computing paradigms such as neu- ral networks are popular learning models adopted in adaptive control systems for their ability to cope with a changing environment. However, continual changes induce uncertainty that limits the applicability of con- ventional validation techniques to assure a reliable system performance. In this paper, we present a dynamic approach to estimate the perfor-",Adaptive Control;Flight Control;Indexation;Learning Model;Network Performance;Perforation;Performance Estimation;Soft Computing;Statistical Inference;System Performance;Confidence Level;Neural Network;Real Time;,International Symposium on Neural Networks,"2006
"
Yan Liu,6306,1136,dejan desovski;vijai gandikota;yue jiang;bojan cukic,Validation and Reliability Estimation of a Fingerprint Image Registration Software,,Image Registration;,International Symposium on Software Reliability Engineering,"2004
"
Yan Liu,6307,1136,jing zhang;john strassner,Model-Driven Adaptive Self-healing for Autonomic Computing,,Autonomic Computing;,,"2008
"
Yan Liu,6308,1136,jing zhang;michael jiang;david raymer;john strassner,A model-based approach to adding autonomic capabilities to network fault management system,,Fault Management;model-based approach;,IEEE/IFIP Network Operations and Management Symposium,"2008
"
Yan Liu,6309,1136,bojan cukic;edgar fuller;sampath yerramalla;srikanth gururajan,Monitoring techniques for an online neuro-adaptive controller,,,Journal of Systems and Software,"2006
"
Yan Liu,6310,1136,bojan cukic;srikanth gururajan,Validating neural network-based online adaptive systems: a case study,,Adaptive System;Case Study;Neural Network;,Software Quality Journal,"2007
"
Yan Liu,6311,1136,bojan cukic;johann schumann;michael jiang,Performance Analysis of Dynamic Cell Structures,,Performance Analysis;Dynamic Cell Structures;,,"2007
"
Yan Liu,6312,1136,johann schumann;pramod gupta,Application of Neural Networks in High Assurance Systems: A Survey,,Neural Network;,,"2010
"
Yan Liu,6313,1137,john r. kender,Fast Video Retrieval under Sparse Training Data,"Feature selection for video retrieval applications is impra ctical with existing techniques, because of their high time complexity and their failure on the relatively sparse training data that is available given video data size. In this paper we present a novel heuristic method for selecting image features for video, called the Complement Sort-Merge Tree (CSMT). It combines the virtues of",Dimensional Reduction;Feature Selection;Heuristic Method;Image Features;mahalanobis distance;Time Complexity;Video Retrieval;,Conference on Image and Video Retrieval,"2003
"
Yan Liu,6314,1137,wong chit,Interactive Multimedia System for Distance Learning of Higher Education,,Distance Learning;Higher Education;Interactive Multimedia;,Edutainment - International Conference on E-learning and Games,"2006
"
Yan Liu,6315,1137,tongwei ren;gangshan wu,Full-Reference Quality Assessment for Video Summary,,Quality Assessment;Full Reference;,IEEE International Conference on Data Mining,"2008
"
Yan Liu,6316,1137,john r. kender,Video feature selection using fast-converging sort-merge tree,,Feature Selection;,International Conference on Multimedia Computing and Systems/International Conference on Multimedia and Expo,"2004
"
Yan Liu,6317,1137,yang liu;keith c. c. chan,Multiple video trajectories representation using double-layer isometric feature mapping,,Double Layer;,International Conference on Multimedia Computing and Systems/International Conference on Multimedia and Expo,"2008
"
Yan Liu,6318,1137,yung hoi wah,Human-Centered Multimedia E-Learning System for Real-Time Interactive Distance Education,,Distance Education;E-learning System;Real Time;,International Conference on Multimedia Computing and Systems/International Conference on Multimedia and Expo,"2007
"
Yan Liu,6319,1137,yan zhang;maosong sun;wenjie li,Full-reference quality diagnosis for video summary,,Full Reference;,International Conference on Multimedia Computing and Systems/International Conference on Multimedia and Expo,"2008
"
Yan Liu,6320,1137,tongwei ren;gangshan wu,Image retargeting based on global energy optimization,,Energy Optimization;,International Conference on Multimedia Computing and Systems/International Conference on Multimedia and Expo,"2009
"
Yan Liu,6321,1137,zhenhua li;jiannong cao;guihai chen,Fast Source Switching for Gossip-Based Peer-to-Peer Streaming,"In this paper we consider gossip-based Peer-to-Peer streaming applications where multiple sources exist and they work serially. More specifically, we tackle the prob- lem of fast source switching to minimize the startup delay of the new source. We model the source switch process and formulate it into an optimization problem. Then we propose a practical greedy algorithm that can approximate",Greedy Algorithm;Optimization Problem;Peer-to-peer Streaming;,International Conference on Parallel Processing,"2008
"
Yan Liu,6322,1137,john r. kender,Statistical Validation for Automatic Feature Selection Algorithms in Video Applications,,Feature Selection;,"Machine Learning; Models, Technologies and Applications","2007
"
Yan Liu,6323,1137,yang liu,Tensor distance based multilinear multidimensional scaling for image and video analysis,"This paper presents a novel dimensionality reduction technique named Tensor Distance based Multilinear Multidimensional Scaling (TD-MMDS). First, we propose a new distance metric called Tensor Distance (TD) to build a relationship graph of data points with high-order. Then we employ an iterative strategy to sequentially learn the transformation matrices that can best keep pair-wise TDs of the high-order data in",Dimensional Reduction;Distance Metric;Multidimensional Scaling;Video Analysis;,ACM Multimedia Conference,"2009
"
Yan Liu,6324,1137,yang liu;tongwei ren;keith c. c. chan,Rushes video summarization using audio-visual information and sequence alignment,"This paper describes our system and methodologies for the BBC rushes video summarization task of TRECVID 2008. The procedure of the system is composed of three major steps: shot detection, irrelevant and repetitive subshot removal, and final summary generation. First, we segment the original rushes video into subshots according to the difference and accumulative difference of local color histogram between",Color Histogram;Sequence Alignment;Video Summarization;Audio Visual;,ACM Multimedia Conference,"2008
"
Yan Liu,6325,1137,yang liu;yan zhang,The Hong Kong Polytechnic University at TRECVID 2007 BBC rushes summarization,"In this paper, we propose the framework and methodology for BBC rushes summarization task of TRECVID 2007. We divide the entire task into three sub-tasks: shot segmentation; noise shot detection and removal; video summarization. We first segment the rushes to a set of video shots based on the accumulative difference between the consecutive frames. In the second sub-task, we classify",Feature Space;Video Summarization;,ACM Multimedia Conference,"2007
"
Yan Liu,6326,1137,tongwei ren;gangshan wu,Image retargeting using multi-map constrained region warping,"Image retargeting aims to adapt images to various screens with small sizes and arbitrary aspect ratios. In this paper, we propose a novel image retargeting approach based on region warping, which emphasizes the image parts with important content while reducing the visual distortion over the whole image. First, the original image is decomposed into homogeneous regions and further represented by",Constrained Optimization Problem;Optimal Solution;Visual Attention;Aspect Ratio;,ACM Multimedia Conference,"2009
"
Yan Liu,6327,1137,fei li,A High-Level Semantics Extraction Model for Stored Videos,,,Microelectronics Systems Education,"2000
"
Yan Liu,6328,1137,john r. kender,Sort-Merge Feature Selection for Video Data,"Applying existing feature selection algorithms to video classification is impractical. A novel algorithm called Basic Sort-Merge Tree (BSMT) is proposed to choose a very small subset of features for video classification in linear time in the number of features. We reduce the cardinality of the input data by sorting the individual features by their effectiveness in categorization, and then merging",Dimensional Reduction;Empirical Validation;Feature Selection;Linear Time;mahalanobis distance;Time Complexity;,SIAM International Conference on Data Mining,"2003
"
Yan Liu,6329,1137,yang liu;keith c. c. chan,Dimensionality Reduction for Descriptor Generation in Rushes Editing,,Dimensional Reduction;,IEEE Internet Computing,"2008
"
Yan Liu,6330,1137,john r. kender,"Fast video segment retrieval by Sort-Merge feature selection, boundary refinement, and lazy evaluation","We present a fast video retrieval system with three novel characteristics. First, it exploits the methods of machine learning to construct automatically a hierarchy of small subsets of features that are progressively more useful for indexing. These subsets are induced by a new heuristic method called Sort-Merge feature selection, which exploits a novel combination of Fastmap for dimensionality reduction and",Classification Accuracy;Dimensional Reduction;Efficient Implementation;Feature Selection;Heuristic Method;Indexation;Lazy Evaluation;Machine Learning;mahalanobis distance;Video Retrieval;Video Segmentation;Real Time;,Computer Vision and Image Understanding,"2003
"
Yan Liu,6331,1137,zhenhua li;jiannong cao;guihai chen,On the source switching problem of Peer-to-Peer streaming,,Peer-to-peer Streaming;,Journal of Parallel and Distributed Computing,"2010
"
Yan Liu,6332,1137,fei li,Semantic Extraction and Semantics-Based Annotation and Retrieval for Video Databases,"Digital video databases have become more pervasive and finding video clips quickly in large databases becomes a major challenge. Due to the nature of video, accessing contents of video is difficult and time-consuming. With content-based video systems today, there exists a significant gap between the user's information and what the system can deliver. Therefore, enabling intelligent means of interpretation on",Digital Video;Management System;Multimedia Database System;Real-time Computing;Retrieval Model;Semantic Annotation;Semantic Interpretation;System Design;Video Database;,Multimedia Tools and Applications,"2002
"
Yan Liu,6333,1137,yang liu;keith c. c. chan,Dimensionality reduction for heterogeneous dataset in rushes editing,,Dimensional Reduction;,Pattern Recognition,"2009
"
Yan Liu,6334,1138,luc lamarche;jiying zhao,Flaw in SVD-based Watermarking,"In the recent years, many papers have been published on the use of Singular Value Decomposition (SVD) for watermarking because of its robust nature. The singular values that are produced are very stable and vary very little under attacks. This introduces an ideal medium for which a watermark is embedded for robust watermarking. Nevertheless a severe flaw has been discovered",Audio Watermarking;False Positive;Image Watermarking;Robust Watermarking;Singular Value;Singular Value Decomposition;Short Time Fourier Transform;,Canadian Conference on Electrical and Computer Engineering,"2006
"
Yan Liu,6335,1138,dong zheng;jiying zhao,A Survey of RST Invariant Image Watermarking Algorithms,"In this paper, we review the algorithms for rotation, scaling and translation (RST) invariant image watermarking. There are mainly two categories of RST invariant image watermarking algorithms. One is to rectify the RST transformed image before conducting watermark extraction. Another is to embed and extract watermark in an RST invariant or semi-invariant domain. In order to help readers understand, we",Algorithm Design;Digital Image Watermarking;Image Processing;Image Watermarking;mellin transform;Template Matching;Rotation Scaling and Translation;Radon Transform;,Canadian Conference on Electrical and Computer Engineering,"2006
"
Yan Liu,6336,1138,jiying zhao,"Rotation, Scaling, Translation Invariant Image Watermarking Based on Radon Transform",,Image Watermarking;Translation Invariant;Radon Transform;,Canadian Conference on Computer and Robot Vision,"2004
"
Yan Liu,6337,1138,jiying zhao,RST invariant video watermarking based on log-polar mapping and phase-only filtering,,Video Watermarking;Log Polar Mapping;,International Conference on Multimedia Computing and Systems/International Conference on Multimedia and Expo,"2010
"
Yan Liu,6338,1138,dong zheng;jiying zhao;abdulmotaleb el-saddik,A survey of RST invariant image watermarking algorithms,"In this article, we review the algorithms for rotation, scaling and translation (RST) invariant image watermarking. There are mainly two categories of RST invariant image watermarking algorithms. One is to rectify the RST transformed image before conducting watermark detection. Another is to embed and detect watermark in an RST invariant or semi-invariant domain. In order to help readers understand, we",Digital Image Watermarking;Image Watermarking;mellin transform;Template Matching;Rotation Scaling and Translation;Radon Transform;,ACM Computing Surveys,"2007
"
Yan Liu,6339,1138,dong zheng;jiying zhao,A Rectification Scheme for RST Invariant Image Watermarking,,Image Watermarking;,Ieice Transactions,"2005
"
Yan Liu,6340,1138,dong zheng;jiying zhao,An image rectification scheme and its applications in RST invariant digital image watermarking,,Digital Image Watermarking;,Multimedia Tools and Applications,"2007
"
Yan Liu,6341,1138,jiying zhao,A new video watermarking algorithm based on 1D DFT and Radon transform,,Video Watermarking;Radon Transform;,Signal Processing,"2010
"
Yan Liu,6342,1138,dong zheng;jiying zhao,RST invariant digital image watermarking based on a new phase-only filtering method,,Digital Image Watermarking;,Signal Processing,"2005
"
Yan Liu,6343,1139,qingxian wang;wang qiang;qing yao;yao liu,Email Community Detection Using Artificial Ant Colony Clustering,,Ant Colony;Community Detection;,Asia-Pacific Web Conference,"2007
"
Yan Liu,6344,1139,qingxian wang;lei guo;qing yao;lv nan;wang qiang,The Optimization in News Search Engine Using Formal Concept Analysis,,Formal Concept Analysis;Search Engine;,Fuzzy Systems and Knowledge Discovery,"2007
"
Yan Liu,6345,1139,liang wei;feng dai;songtao wu;chenggang cai,A New Evaluation Method Based on Variable Range of Triangular Fuzzy Number,,Evaluation Method;Triangular Fuzzy Number;,Fuzzy Systems and Knowledge Discovery,"2007
"
Yan Liu,6346,1139,qing yao;qingxian wang;wang qiang;junyong luo,A New Methodology for Building Ontology Based on Reusing the Heterogeneous Ontologies,,,Fuzzy Systems and Knowledge Discovery,"2007
"
Yan Liu,6347,1139,wang qiang;qingxian wang;yao liu;liang wei,An Adaptive Scoring Method for Block Importance Learning,,,Web Intelligence,"2006
"
Yan Liu,6348,1139,wang qiang;junyong luo;jing ning;qing yao,Improving Link Analysis through Considering Hosts and Blocks,,Link Analysis;,Web Intelligence,"2006
"
Yan Liu,6349,1139,wang qiang;qingxian wang,A Heuristic Approach for Topical Information Extraction from News Pages,,Information Extraction;,Web Information Systems Engineering,"2006
"
Yan Liu,6350,1139,wang qiang;junyong luo,Exploiting Link Analysis with a Three-Layer Web Structure Model,,Link Analysis;Structural Model;,Web Information Systems Engineering,"2006
"
Yan Liu,6351,1140,liujun chen;jiawei chen;qinghua chen;fukang fang,Dynamic Neural Mechanisms for Recognizing Spike Trains,,Spike Train;,IEEE Control Systems Magazine,"2009
"
Yan Liu,6352,1140,liujun chen;jiawei chen;fangfeng zhang;fukang fang,Discussion on the Spike Train Recognition Mechanisms in Neural Circuits,,Spike Train;,International Conference on Computational Science,"2007
"
Yan Liu,6353,1140,jiawei chen;qinghua chen;liujun chen;fukang fang,A Neural Network Model for Chinese Character Perception,,Neural Network Model;,International Conference on Natural Computation,"2009
"
Yan Liu,6354,1140,jiaxin cui;jiawei chen;liujun chen;fukang fang,Chinese Character Learning by Synchronization in Wilson-Cowan Oscillatory Neural Networks,,Neural Network;,International Conference on Natural Computation,"2009
"
Yan Liu,6355,1140,liujun chen;jiawei chen;jiaxin cui;fukang fang,Burst Spike Trains Recognition Based on the Dynamic Properties of Hodgkin-Huxley Neurons and Synapses,,Dynamic Properties;Spike Train;Hodgkin Huxley;,International Conference on Natural Computation,"2009
"
Yan Liu,6356,1140,an zeng;liujun chen,Features of Hodgkin-Huxley Neuron Response to Periodic Spike-Train Inputs,,Spike Train;Hodgkin Huxley;,International Symposium on Neural Networks,"2009
"
Yan Liu,6357,1141,gavriel salvendy,Interactive Visual Decision Tree Classification,,Interactive Visualization;Decision Tree;,Human-Computer Interaction,"2007
"
Yan Liu,6358,1141,gavriel salvendy,Design and evaluation of visualization support to facilitate association rules modeling,"Association rules mining is a popular data mining modeling tool. It discovers interest- ing associations or correlation relationships among a large set of data items, showing attribute values that occur frequently together in a given dataset. Despite their great potential benefit, current association rules modeling tools are far from optimal. This article studies how visualization techniques can be applied to",Association Rule;Association Rule Mining;Data Mining;Interactive Visualization;Modeling Tool;Visualization Technique;,International Journal of Human-computer Interaction,"2006
"
Yan Liu,6359,1141,gavriel salvendy,Design and evaluation of visualization support to facilitate decision trees classification,,Decision Tree;,International Journal of Human-computer Studies / International Journal of Man-machine Studies,"2007
"
Yan Liu,6360,1142,shaowen wang;anand padmanabhan;ransom briggs;jun ni;tao he;boyd m. knosp;yasar onel,A Multi-agent System Architecture for End-User Level Grid Monitoring Using Geographic Information Systems (MAGGIS): Architecture and Implementation,"This paper illustrates a Multi-Agent system architecture for end-user level Grid monitoring using Geographical Information Systems (MAGGIS). The purpose of this research is to investigate MAGGIS architecture and implementation issues, and to verify the following two hypotheses: 1.) multi- agent systems provide an effective and scalable architecture to synthesize various Grid information providers for monitoring Grid resources; and 2.) geographic",Geographic Information System;Grid Portal;Resource Scheduling;User Interface;Multi Agent System;Open Grid Service Architecture;,Grid and Cooperative Computing,"2003
"
Yan Liu,6361,1142,alberto maria segre;shaowen wang,A High Throughput Approach to Combinatorial Search on Grids,,High Throughput;,IEEE International Symposium on High Performance Distributed Computing,"2006
"
Yan Liu,6362,1142,shaowen wang;nancy wilkins-diehr,SimpleGrid 2.0: a learning and development toolkit for building highly usable TeraGrid science gateways,"The science gateway approach has been widely employed to bridge cyberinfrastructure and domain science communities for advancing scientific and engineering problem solving. Numerous efforts have been made toward developing Web-based gateway systems to enable efficient and integrated access to cyberinfrastructure resources and services. As the number of science gateways grows rapidly, however, it still remains challenging for a science gateway",Domain Specificity;Problem Solving;Science Communication;Service Oriented Architecture;Software Component;Web Service;,Supercomputing Conference,"2009
"
Yan Liu,6363,1142,shaowen wang,TeraGrid GIScience Gateway: Bridging cyberinfrastructure and GIScience,,,International Journal of Geographical Information Science,"2009
"
Yan Liu,6364,1143,chang-sheng xie;huaiyang li;zhaobin liu,EvoRAID: Adaptation to Dynamic Change of Disks in Storage System,,Dynamic Change;Storage System;,High Performance Computing and Communications,"2008
"
Yan Liu,6365,1143,chang-sheng xie;huaiyang li;zhen zhao,Data Migration in RAID Based on Stripe Unit Heat,,Data Migration;,Machine Learning and Cybernetics,"2005
"
Yan Liu,6366,1143,huaiyang li;chang-sheng xie;bin cai,A New Technique for Eliminating Data Migration in Logistic Evolution Storage System,,Data Migration;Storage System;,Conference on Computer and Information Technology,"2005
"
Yan Liu,6367,1143,huaiyang li;chang-sheng xie;qiang cao,Design and Implement of Snapshots in Linux Block Level,,,"Networking, Architecture and Storages","2008
"
Yan Liu,6368,1143,huaiyang li;chang-sheng xie,A New Method of Pefetching I/O Requests,,,International Conference on Networking,"2007
"
Yan Liu,6369,1143,xiaodong xie;huaiyang li,A Data Layout Method in Heterogeneous RAID,,Data Layout;,Scalable Computing and Communications,"2009
"
Yan Liu,6370,1144,mingguang zhuang;qingling wang;guannan zhang,A New Approach to Web Services Characterization,,Web Service;,Asia-Pacific Services Computing Conference,"2008
"
Yan Liu,6371,1144,qingling wang;mingguang zhuang;yunyun zhu,Reengineering Legacy Systems with RESTful Web Service,,Legacy System;Web Service;,International Computer Software and Applications Conference,"2008
"
Yan Liu,6372,1144,mingguang zhuang;qingling wang;hanli wang,A Novel Approach for Service Capabilities Representation Based on Statistical Study on WSDL,,,International Conference on Internet and Web Applications and Services,"2008
"
Yan Liu,6373,1144,mingguang zhuang;qingling wang;biao yu,UTISP: An Urban Traffic Information Portal Based on WebGIS,,,International Conference on Internet and Web Applications and Services,"2008
"
Yan Liu,6374,1144,mingguang zhuang;biao yu;guannan zhang;xiaojing meng,Services Characterization with Statistical Study on Existing Web Services,,Web Service;,International Conference on Web Services,"2008
"
