author,pid,label,coauthor,title,abstract,keywords,venue,year
Yan Wang,6393,1147,guanfeng liu;mehmet a. orgun,Optimal Social Trust Path Selection in Complex Social Networks,,Path Selection;Social Network;,National Conference on Artificial Intelligence,"2010
"
Yan Wang,6394,1147,kwei-jay lin;joe zou,Accountability Computing for E-society,,,Advanced Information Networking and Applications,"2010
"
Yan Wang,6395,1147,guanfeng liu;mehmet a. orgun,Quality of trust for social trust path selection in complex social networks,,Path Selection;Social Network;,"Autonomous Agents & Multiagent Systems/Agent Theories, Architectures, and Languages","2010
"
Yan Wang,6396,1147,lei li;vijay varadharajan,Fuzzy Regression Based Trust Prediction in Service-Oriented Applications,,Fuzzy Regression;Service Orientation;,Autonomic and Trusted Computing,"2009
"
Yan Wang,6397,1147,guanfeng liu;mehmet a. orgun,Trust Inference in Complex Trust-Oriented Social Networks,,Social Network;,IEEE International Conference on Computational Science and Engineering,"2009
"
Yan Wang,6398,1147,kian-lee tan;xiaolin pang,Several Structures for Protecting the Routes of Mobile Agents Dispatched in Parallel,"For mobile agents to be effective in practice, they have to be securely and efficiently deployed. In this paper, we propose and discuss several route structures and methods for mobile agents that are dispatched in parallel. These schemes can protect the route information against malicious hosts and facilitate the dispatching of a large number of agents in parallel efficiently. Under",Malicious Host;Mobile Agent;,DEXA Workshops,"2002
"
Yan Wang,6399,1147,kian-lee tan;xiaolin pang,A Parallel Dispatch Model with Secure and Robust Routes for Mobile Agents,,Mobile Agent;,Electronic Commerce and Web Technologies,"2002
"
Yan Wang,6400,1147,vijay varadharajan,Interaction Trust Evaluation in Decentralized Environments,"In decentralized environments, such as P2P, as lack of central management, the trust issue is prominently important for interactions between unfamiliar peers. This paper flrst presents a probabilistic ap- proach for evaluating the interaction trust of unfamiliar peers according to their interaction history. In addition, after an interaction, peers can evaluate each other and modify the trust status. Based on",P2P;,Electronic Commerce and Web Technologies,"2004
"
Yan Wang,6401,1147,vijay varadharajan,Two-Phase Peer Evaluation in P2P E-Commerce Environments,,E Commerce;P2P;,"e-Technology, e-Commerce and e-Service","2005
"
Yan Wang,6402,1147,vijay varadharajan,A Mobile Autonomous Agent-based Secure Payment Protocol Supporting Multiple Payments,"Abstract In agent based e-commerce applications, it is challenge- able to employ,one mobile agent to complete,all transac- tions including payments,due to the security consideration. In this paper, we propose a new agent-assisted secure pay- ment protocol, which is based on SET payment protocol and aims at enabling one dispatched consumer-agent,to au- tonomously,complete,the payment,on behalf of the card- holder with multiple",Autonomous Agent;E Commerce;Malicious Host;Mobile Agent;Agent Based;,International Agent Technology Conference,"2005
"
Yan Wang,6403,1147,fu-ren lin,Trust and Risk Evaluation of Transactions with Different Amounts in Peer-to-Peer E-commerce Environments,"As Peer-to-Peer (P2P) e-commerce environments lack central management, prior to new transactions with an un- known peer, the trust evaluation becomes a very important concern, which relies on the transaction history data. Tra- ditionally the evaluation process is based on other peers' recommendations neglecting transaction amounts. This may lead to the bias to the transaction trust evaluation and risk the",E Commerce;P2P;Peer To Peer;Risk Evaluation;Impact Factor;,IEEE International Conference on e-Business Engineering,"2006
"
Yan Wang,6404,1147,duncan s. wong;kwei-jay lin;vijay varadharajan,The Design of A Rule-based and Event-driven Trust Management Framework,"Abstract In both E-Commerce (EC) and Service-Oriented Com- puting (SOC) environments, sellers or service providers interact with customers,or service clients for services or transactions. From the point view of customers or service clients, the trust status of the seller or service provider is a critical issue to consider, particularly when the seller or service provider is unknown to them. Typically,",E Commerce;Evaluation Method;Service Orientation;Service Quality;Trust Management;Trusted Computing;Rule Based;Service Provider;,IEEE International Conference on e-Business Engineering,"2007
"
Yan Wang,6405,1147,joe zou;christopher j. pavlovski;christopher de vaney,A Quantitative Service Accountability Model,,,IEEE International Conference on e-Business Engineering,"2009
"
Yan Wang,6406,1147,xiaolin pang;kian-lee tan;jian ren,A Secure Agent-Mediated Payment Protocol,"While software agents have been employed in payment protocols, they are largely passive entities, i.e., they participate in the payment protocol but do not make decision. In this pape r, we propose an agent-assisted payment protocol called LITESET/A+ that empowers the payment agent (PA) to perform encryption operation for its owner. This is realized by introducing a Trusted Third Party",Payment System;Software Agent;Threshold Scheme;Trusted Third Party;Secure Electronic Transaction;,International Conference on Information and Communication Security,"2002
"
Yan Wang,6407,1147,chi-hung chi;tieyan li,Secure Route Structures for the Fast Dispatch of Large-Scale Mobile Agents,"For the application of large-scale mobile agents in a dis- tributed environment, where a large number of computers are connected together to enable the large-scale sharing of data and computing re- sources, security and e-ciency are of great concern. In this paper, we present secure route structures and corresponding protocols for mobile agents dispatched in binary to protect the dispatch",Large Scale;Mobile Agent;Public Key Encryption;Secure Routing;Signature Scheme;,International Conference on Information and Communication Security,"2003
"
Yan Wang,6408,1147,kian-lee tan,Dispatching Mobile Agents with Secure Routes in Parallel,"In a distributed environment like the Internet, mobile agents can be employed to perform autonomous tasks such as searching and negotiating. However, for mobile agents to be widely accepted, performance and security issues on their use have to be addressed. In this paper, we propose a parallel dispatch model with secure route structures for protecting the dispatch routes of agents.",Distributed Environment;Mobile Agent;Secure Routing;,International Conference on Information and Communication Security,"2001
"
Yan Wang,6409,1147,junqi zhang;vijay varadharajan,A New Security Scheme for Integration of Mobile Agents and Web Services,Web services specification provides an open standard for the distributed service oriented architecture. It is widely used in Internet and pervasive networks supporting wire- less mobile devices. A mobile agent is a composition of com- puter software and data which is able to migrate from one host to another autonomously and continue its execution on the destination host. Mobile agent,Authentication Protocol;Certificate Authority;Key Management;Mobile Agent;Mobile Device;Open Standard;Public Key Infrastructure;Service Oriented Architecture;Web Service;Web Services Security;Agent Based;Mobile Agent Technology;,International Conference on Internet and Web Applications and Services,"2007
"
Yan Wang,6410,1147,lei li;ee-peng lim,Trust-Oriented Composite Service Selection and Discovery,,Service Selection;,International Conference on Service Oriented Computing,"2009
"
Yan Wang,6411,1147,lei li,A Trust Vector Approach to Service-Oriented Applications,,Service Orientation;,International Conference on Web Services,"2008
"
Yan Wang,6412,1147,joe zou;jing mei,From Representational State Transfer to Accountable State Transfer Architecture,,,International Conference on Web Services,"2010
"
Yan Wang,6413,1147,ching lin;vijay varadharajan;vineet pruthi,Enhancing Grid Security with Trust Management,,Grid Security;Trust Management;,IEEE International Conference on Services Computing,"2004
"
Yan Wang,6414,1147,guanfeng liu;mehmet a. orgun;ee-peng lim,A Heuristic Algorithm for Trust-Oriented Service Provider Selection in Complex Social Networks,,Heuristic Algorithm;Social Network;Service Provider;,IEEE International Conference on Services Computing,"2010
"
Yan Wang,6415,1147,lei li,Trust Evaluation in Composite Services Selection and Discovery,,Service Selection;,IEEE International Conference on Services Computing,"2009
"
Yan Wang,6416,1147,vijay varadharajan,Trust2: Developing Trust in Peer-to-Peer Environments,"In peer-to-peer (P2P) environments, a peer needs to in- teract with unknown peers for the services provided. This requires the trust evaluation prior to and posterior to in- teractions. This paper presentsTrust2: a novel and dy- namic peer trust evaluation model, which aims to measure the credibility of peers' recommendations, and thus to fil- ter noise in responses and obtain",Evaluation Model;P2P;Peer To Peer;Service Provider;,IEEE International Conference on Services Computing,"2005
"
Yan Wang,6417,1147,joe zou;christopher de vaney,A Metamodeling Framework to Support Accountability in Business Process Modeling,,Business Process Model;meta model;,Information Systems Technology and its Applications,"2009
"
Yan Wang,6418,1147,,Dispatching Multiple Mobile Agents in Parallel for Visiting E-Shops,"The mobile agent approach is suitable for deploying large-scale parallel processing over distributed hosts. However, if the number of mobile agents is very large and the dispatch is processed in a serial way, it can become a bottleneck that impacts the efficiency as a whole. In this paper, we first briefly present a mobile agent based framework for Internet marketplaces",Large Scale;Mobile Agent;Parallel Processing;Time Complexity;,Mobile Data Management,"2002
"
Yan Wang,6419,1147,jian ren,Building Internet Marketplaces on the Basis of Mobile Agents for Parallel Processing,"In this paper, we propose a framework of Internet marketplaces on the basis of mobile agent. It not only simulates real commercial activities by consumers, agents and merchants, but also provides an environment for parallel processing. The latter is particularly important as more shops (sites) can be searched in real time to provide consumers with better choices. The conducted experiments",Mobile Agent;Parallel Processing;Real Time;,World Wide Web,"2002
"
Yan Wang,6420,1147,junqi zhang;vijay varadharajan,Mobile Agent and Web Service Integration Security Architecture,"Mobile agent technology and Web Service technology compensate each other and play very important roles in e- service applications. The mechanism of Web Services tech- nology naturally provides a platform for deploying mobile agent technology. Therefore, the integration of the mobile agent technology and Web Service technology has been ac- tively investigated in recent years. On the other hand, the",Certificate Authority;Integrable System;Key Management;Mobile Agent;Mobile Agent System;Public Key Infrastructure;Security Architecture;Web Service;Identity Based Signature;Mobile Agent Technology;,Service-Oriented Computing and Applications,"2007
"
Yan Wang,6421,1147,ching lin;vijay varadharajan,Maximizing Utility of Mobile Agent Based E-Commerce Applications with Trust Enhanced Security,,E Commerce;Mobile Agent;,Trust and Privacy in Digital Business,"2005
"
Yan Wang,6422,1147,ching lin;vijay varadharajan;yi mu,On the Design of a New Trust Model for Mobile Agent Security,,Mobile Agent Security;Trust Model;,Trust and Privacy in Digital Business,"2004
"
Yan Wang,6423,1147,ching lin;vijay varadharajan;vineet pruthi,Trust Enhanced Security for Mobile Agents,,Mobile Agent;,Workshop on Advanced Issues of E-Commerce and Web/based Information Systems/Conference on Electronic Commerce,"2005
"
Yan Wang,6424,1147,tieyan li,LITESET/A++: A New Agent-Assisted Secure Payment Protocol,"In this paper, we proposed a new agent-assisted secure payment protocol LITESET/A++, which aims at enabling the dispatched consumer-agent to choose the ""best"" one after negotiating with merchants to close a deal, autonomously sign contracts and make the payment on behalf of the cardholder without the possibility of disclosing any secret to any participant. This is realized by adopting the",Trusted Third Party;,Workshop on Advanced Issues of E-Commerce and Web/based Information Systems/Conference on Electronic Commerce,"2004
"
Yan Wang,6425,1147,lei li;ee-peng lim,Price Trust Evaluation in E-service Oriented Applications,,Service Orientation;,Workshop on Advanced Issues of E-Commerce and Web/based Information Systems/Conference on Electronic Commerce,"2008
"
Yan Wang,6426,1147,vijay varadharajan,Role-based Recommendation and Trust Evaluation,"In general, in most trust evaluation systems, the evalua- tion of a target party under investigation relies on the trust ratings from responding peers/parties who have direct in- teractions with the target party. This involves recommen- dations and the trust evaluation on recommendations. The evaluation on the recommendations by the recommendation receiver depends on a few factors, which include the",Evaluation Framework;,Workshop on Advanced Issues of E-Commerce and Web/based Information Systems/Conference on Electronic Commerce,"2007
"
Yan Wang,6427,1147,jian ren;xiaolin pang;kian-lee tan,A 2Phase Evaluation Model for Agent-Mediated Internet Marketplaces,,Evaluation Model;,Web Information Systems Engineering,"2001
"
Yan Wang,6428,1147,vijay varadharajan,A Time-Based Peer Trust Evaluation in P2P E-commerce Environments,,E Commerce;P2P;,Web Information Systems Engineering,"2004
"
Yan Wang,6429,1147,kian-lee tan;jian ren,Towards Autonomous and Automatic Evaluation and Negotiation in Agent-Mediated Internet Marketplaces,,Automatic Evaluation;,Electronic Commerce Research,"2005
"
Yan Wang,6430,1147,kian-lee tan;jian ren,PumaMart: a parallel and autonomous agents based internet marketplace,"Software agents are flexible, autonomous, and dynamic computational entities. For B2C e-commerce applications, the wide variety of choices to the consumers has also introduced the problem of information overloading. Meanwhile, there are so many e-shops and products for the consumers that it has become too time-consuming to find the best deal. In this paper, we present PumaMart, a Parallel and",Autonomous Agent;E Commerce;Evaluation Model;Information Overload;Software Agent;Web Pages;Service Provider;,Electronic Commerce Research and Applications,"2004
"
Yan Wang,6431,1147,kian-lee tan;yue wang,A study of securing route structures for mobile agents dispatched in parallel,,Mobile Agent;Secure Routing;,International Journal of Web Engineering and Technology,"2004
"
Yan Wang,6432,1147,kwei-jay lin,Reputation-Oriented Trustworthy Computing in E-Commerce Environments,,E Commerce;,IEEE Internet Computing,"2008
"
Yan Wang,6433,1147,duncan s. wong;kwei-jay lin;vijay varadharajan,Evaluating transaction trust and risk levels in peer-to-peer e-commerce environments,"As it lacks central management in Peer-to-Peer (P2P) e-commerce environments, prior to new transactions with an unknown peer, the trust evaluation is critical, which relies on the transaction history data. Tradi- tionally the evaluation process is based on other peers' recommendations neglecting transaction amounts. This may lead to the bias in the transac- tion trust evaluation and risk the new",E Commerce;P2P;Peer To Peer;Impact Factor;,Information Systems and E-business Management,"2008
"
Yan Wang,6434,1147,vijay varadharajan,Secure route structures for parallel mobile agents based systems using fast binary dispatch,,Mobile Agent;Secure Routing;,Mobile Information Systems,"2005
"
Yan Wang,6435,1147,duncan s. wong;huaxiong wang,Employ a mobile agent for making a payment,,Mobile Agent;,Mobile Information Systems,"2008
"
Yan Wang,6436,1147,xiaolin pang,Security and Robustness Enhanced Route Structures for Mobile Agents,"In this paper, we present a parallel dispatch model with secure route structures for protecting the dispatch route information of mobile agents. This model facilitates efficient dispatching of agents in a hierarchical manner, and ensures route security by exposing minimal route information to hosts. It also provides the capability for detecting attacks. Based on the secure dispatch model, two extensions",Empirical Evaluation;First Integral;Generic Algorithm;Mobile Agent;Mobile Agent Security;Public Key;Public Key Encryption;Secure Routing;,Mobile Networks and Applications,"2003
"
Yan Wang,6437,1147,ken c. k. law;horace ho-shing ip,A Structured Hypertext Data Model with Versioning for Engineering Documents,"Hypertext involves linking related information blocks together to form a network. It is suitable to access information in a nonlinear fashion with a flexible structure. However, when the hypertext technique is applied to manage mass data such as engineering documents, the large number of nodes and links involved can cause problems such as data access navigation and versioning control. This",Data Access;Data Management;Data Model;Flexible Structure;Management System;Network Structure;Version Control;Optic Disk;,Multimedia Tools and Applications,"2003
"
Yan Wang,6438,1147,kwei-jay lin;duncan s. wong;vijay varadharajan,Trust management towards service-oriented applications,,Service Orientation;Trust Management;,Service Oriented Computing and Applications,"2009
"
Yan Wang,6439,1147,jian ren,Building Internet Marketplaces on the Basis of Mobile Agents for Parallel Processing,"In this paper, we propose a framework of Internet marketplaces on the basis of mobile agent. It not only simulates real commercial activities by consumers, agents and merchants, but also provides an environment for parallel processing. The latter is particularly important as more shops (sites) can be searched in real time to provide consumers with better choices. The conducted experiments",Mobile Agent;Parallel Processing;Real Time;,World Wide Web,"2002
"
