author,pid,label,coauthor,title,abstract,keywords,venue,year
Yang Wang,6474,1151,jie xu;getian ye;gunawan herman;bang zhang;jun yang,Incremental EM for Probabilistic Latent Semantic Analysis on Human Action Recognition,,Action Recognition;Probabilistic Latent Semantic Analysis;,Advanced Video and Signal Based Surveillance,"2009
"
Yang Wang,6475,1151,qiang ji,A Dynamic Conditional Random Field Model for Object Segmentation in Image Sequences,This paper presents a dynamic conditional random field (DCRF) model to integrate contextual constraints for object segmentation in image sequences. Spatial and temporal dependencies within the segmentation process are unified by a dynamic probabilistic framework based on the conditional random field (CRF). An efficient approximate filtering algorithm is derived for the DCRF model to recursively estimate the segmentation field from,Conditional Random Field;Dynamic Information;Image Sequence;Object Segmentation;Recursive Estimation;Spatial Interaction;,Computer Vision and Pattern Recognition,"2005
"
Yang Wang,6476,1151,tele tan;kia-fock loe,Video Segmentation Based on Graphical Models,"This paper proposes a unified framework for spatio- temporal segmentation of video sequences. A Bayesian network is presented to model the interactions among the motion vector field, the intensity segmentation field, and the video segmentation field. The notions of distance transformation and Markov random field are used to express spatio-temporal constraints. Given consecutive frames, an optimization method is proposed to",Conditional Probability;Distance Transform;Graphical Model;Optimal Method;Temporal Coherence;Temporal Constraints;Video Segmentation;bayesian network;Markov Random Field;Motion Vector Field;,Computer Vision and Pattern Recognition,"2003
"
Yang Wang,6477,1151,chen cai;bernhard hengst;getian ye;enyang huang;carlos aydos;glenn geers,On the performance of adaptive traffic signal control,"In this paper, we present a study in understanding sensing error's impact on traffic signal control performance. Adaptive traffic signal control systems depend on information from traffic sensors to interpret the state of traffic. Signal timings are adjusted at real time according to the state of traffic. Queue length is an important element of the state of traffic, and errors",Control System;Queue Length;Traffic Control;Look Ahead;Real Time;,Workshop on Advances in Geographic Information Systems,"2009
"
Yang Wang,6478,1151,tele tan;kia-fock loe,Joint Region Tracking with Switching Hypothesized Measurements,"This paper proposes a switching hypothesized measurements (SHM) model supporting multimodal probability distributions and presents the application of the model in handling potential variability in visual environments when tracking multiple objects jointly. For a set of occlusion hypotheses, a frame is measured once under each hypothesis, resulting in a set of measurements at each time instant. A computationally efficient SHM",Dynamical Processes;Multiple Objectives;Probability Distribution;Recursive Estimation;,International Conference on Computer Vision,"2003
"
Yang Wang,6479,1151,tele tan;kia-fock loe,A probabilistic method for foreground and shadow segmentation,,Probabilistic Method;,International Conference on Image Processing,"2003
"
Yang Wang,6480,1151,jun yang;getian ye;arcot sowmya;bang zhang;jie xu,Feature clustering for vehicle detection and tracking in road traffic surveillance,"In this paper, we formulate the feature clustering problem for vehicle detection and tracking as a general MAP problem and solve it using MCMC. The proposed approach exhibits two advantages over existing methods: general Bayesian model can handle arbitrary objective functions and MCMC guaran- tees global optimal solution. Our algorithm is validated on real-world traffic video sequences, and is shown",bayesian model;Clustering Method;Global Optimization;Indexing Terms;Monte Carlo Method;Object Detection;Objective Function;Road Traffic;Vehicle Detection;,International Conference on Image Processing,"2009
"
Yang Wang,6481,1151,bang zhang;getian ye;wei wang;jie xu;gunawan herman;jun yang,Informative frequent assembled feature for face detection,,Face Detection;,International Conference on Image Processing,"2009
"
Yang Wang,6482,1151,yan tong;zhiwei zhu;qiang ji,Facial Feature Tracking using a MultiState Hierarchical Shape Model under Varying Face Pose and Facial Expression,,Facial Expression;Facial Feature Tracking;Shape Modeling;,International Conference on Pattern Recognition,"2006
"
Yang Wang,6483,1151,bang zhang;getian ye;wei wang;jie xu;gunawan herman;yun yang,Multi-class Graph Boosting with Subgraph Sharing for Object Recognition,,Object Recognition;,International Conference on Pattern Recognition,"2010
"
Yang Wang,6484,1151,tele tan;kia-fock loe,Switching Hypothesized Measurements: A Dynamic Model with Applications to Occlusion Adaptive Joint Tracking,"This paper proposes a dynamic model supporting multimodal state space probability distributions and presents the application of the model in dealing with visual occlusions when tracking multiple objects jointly. For a set of hypotheses, multiple measurements are acquired at each time instant. The model switches among a set of hypothesized measurements during the propagation. Two computationally efficient filtering algorithms are",Dynamic Model;Dynamical Processes;Multiple Objectives;Probability Distribution;Recursive Estimation;State Space;,International Joint Conference on Artificial Intelligence,"2003
"
Yang Wang,6485,1151,getian ye;jie xu;gunawan herman;bang zhang,A practical approach to multiple super-resolution sprite generation,,Super Resolution;,,"2008
"
Yang Wang,6486,1151,tele tan,Adaptive Foreground and Shadow Detection in Image Sequences,"This paper presents a novel method of foreground segmentation that distinguishes moving objects from their moving cast shadows in monocular image sequences. The models of background, edge information, and shadow are set up and adaptively updated. A Bayesian belief network is proposed to describe the relationships among the segmentation label, background, intensity, and edge information. The notion of Markov random",Image Sequence;Moving Object;Shadow Detection;bayesian belief network;Markov Random Field;,Uncertainty in Artificial Intelligence,"2002
"
Yang Wang,6487,1151,kia-fock loe;tele tan;jian-kang wu,A Dynamic Hidden Markov Random Field Model for Foreground and Shadow Segmentation,,Hidden Markov Random Field;,Workshop on Applications of Computer Vision,"2005
"
Yang Wang,6488,1151,kia-fock loe;jian-kang wu,A Dynamic Conditional Random Field Model for Foreground and Shadow Segmentation,,Conditional Random Field;,IEEE Transactions on Pattern Analysis and Machine Intelligence,"2006
"
Yang Wang,6489,1151,yan tong;zhiwei zhu;qiang ji,Robust facial feature tracking under varying face pose and facial expression,"This paper presents a hierarchical multi-state pose-dependent approach for facial feature detection and tracking under varying facial expression and face pose. For effective and efficient representation of feature points, a hybrid representation that integrates Gabor wavelets and gray-level profiles is proposed. To model the spatial relations among feature points, a hierarchical statistical face shape model is proposed to characterize both",Active Shape Model;Facial Expression;Facial Feature Detection;Facial Feature Tracking;Facial Features;gabor wavelets;Local Structure;Pose Estimation;Shape Modeling;Spatial Relation;Real Time;,Pattern Recognition,"2007
"
Yang Wang,6490,1151,tele tan;kia-fock loe;jian-kang wu,A probabilistic approach for foreground and shadow segmentation in monocular image sequences,"Abstract This paper presents a novel method,of foreground and shadow,segmentation,in monocular,indoor image,sequences. The models of background, edge information, and shadow are set up and adaptively updated. A Bayesian network is proposed to describe the relationships among the segmentation label, background, intensity, and edge information. A maximum a posteriori—Markov random,field estimation is used to boost the spatial connectivity of segmented,regions.  2005",Graphical Model;Image Sequence;Pattern Recognition;Probabilistic Approach;Shadow Detection;bayesian network;Markov Random Field;,Pattern Recognition,"2005
"
Yang Wang,6491,1151,kia-fock loe;tele tan;jian-kang wu,Spatiotemporal video segmentation based on graphical models,,Graphical Model;Video Segmentation;,IEEE Transactions on Image Processing,"2005
"
Yang Wang,6492,1151,jagath c. rajapakse;xuebin zheng;juan zhou,Probabilistic Framework for Brain Connectivity From Functional MR Images,"Abstract—This paper unifies our earlier work on detection of brain activation (Rajapakse and Piyaratna, 2001) and connectivity (Rajapakse and Zhou, 2007) in a probabilistic framework for an- alyzing effective connectivity among activated brain regions from functional magnetic resonance imaging (fMRI) data. Interactions among brain regions are expressed by a dynamic Bayesian net- work (DBN) while contextual dependencies within functional im-",Brain Activation;Conditional Random Field;Effective Connectivity;Functional Imaging;Functional Magnetic Resonance Images;Indexing Terms;Mr Imaging;Markov Random Field;,IEEE Transactions on Medical Imaging,"2008
"
Yang Wang,6493,1151,jagath c. rajapakse,Contextual modeling of functional MR images with conditional random fields,,Conditional Random Field;Mr Imaging;,IEEE Transactions on Medical Imaging,"2006
"
Yang Wang,6494,1152,weilong yang;greg mori,Efficient Human Action Detection Using a Transferable Distance Function,,Distance Function;,Asian Conference on Computer Vision,"2009
"
Yang Wang,6495,1152,hao jiang;mark s. drew;ze-nian li;greg mori,Unsupervised Discovery of Action Classes,"In this paper we consider the problem of describing the action being performed by human figures in still images. We will attack this problem using an unsupervised learning approach, attempting to discover the set of action classes present in a large collection of training images. These ac- tion classes will then be used to label test images. Our ap- proach",Spectral Clustering;Unsupervised Learning;,Computer Vision and Pattern Recognition,"2006
"
Yang Wang,6496,1152,greg mori,Max-margin hidden conditional random fields for human action recognition,"We present a new method for classification with struc- tured latent variables. Our model is formulated using the max-margin formalism in the discriminative learning liter - ature. We propose an efficient learning algorithm based on the cutting plane method and decomposed dual optimiza- tion. We apply our model to the problem of recognizing human actions from video sequences, where we",Action Recognition;Conditional Random Field;Cutting Plane Method;Discrimination Learning;Latent Variable;Learning Algorithm;Conditional Ran Dom Field;,Computer Vision and Pattern Recognition,"2009
"
Yang Wang,6497,1152,mani ranjbar;greg mori,Optimizing Complex Loss Functions in Structured Prediction,,Loss Function;Structure Prediction;,European Conference on Computer Vision,"2010
"
Yang Wang,6498,1152,greg mori,Multiple Tree Models for Occlusion and Spatial Constraints in Human Pose Estimation,,Pose Estimation;,European Conference on Computer Vision,"2008
"
Yang Wang,6499,1152,greg mori,Boosted Multiple Deformable Trees for Parsing Human Poses,"Tree-structured models have been widely used for human pose estimation, in either 2D or 3D. While such models allow efficient learn- ing and inference, they fail to capture additional dependencies between body parts, other than kinematic constraints. In this paper, we consider the use of multiple tree models, rather than a single tree model for hu- man pose estimation. Our",Learning Algorithm;Pose Estimation;Tree Structure;,Workshop on Human Motion,"2007
"
Yang Wang,6500,1152,payam sabzmeydani;greg mori,Semi-Latent Dirichlet Allocation: A Hierarchical Model for Human Action Recognition,"We propose a new method for human action recognition from video sequences using latent topic models. Video sequences are repre- sented by a novel ""bag-of-words"" representation, where each frame cor- responds to a ""word"". The major difference between our model and pre- vious latent topic models for recognition problems in computer vision is that, our model is trained in a",Action Recognition;Computer Vision;Hierarchical Model;Latent Dirichlet Allocation;Bag of Words;,Workshop on Human Motion,"2007
"
Yang Wang,6501,1152,gholamreza haffari;shaojun wang;greg mori;feng jiao,Boosting with incomplete information,"In real-world machine learning problems, it is very common that part of the input feature vec- tor is incomplete: either not available, missing, or corrupted. In this paper, we present a boost- ing approach that integrates features with incom- plete information and those with complete infor- mation to form a strong classifier. By introduc- ing hidden variables to model missing",Close Relationships;Hidden Variables;Incomplete Information;Learning Algorithm;Loss Function;Machine Learning;Named Entity Recognition;Visual Object Recognition;Natural Language Process Ing;,International Conference on Machine Learning,"2008
"
Yang Wang,6502,1152,nando de freitas;maryam mahdaviani;dustin lang,Fast Krylov Methods for N-Body Learning,"This paper addresses the issue of numerical computation in machine learning domains based on similarity metrics, such as kernel methods, spectral techniques and Gaussian processes. It presents a general solu- tion strategy based on Krylov subspace iteration and fast N-body learn- ing methods. The experiments show significant gains in computation and storage on datasets arising in image segmentation, object detection",Dimensional Reduction;Image Segmentation;Kernel Method;Krylov Method;Krylov Subspace;Machine Learning;Numerical Computation;Object Detection;Similarity Metric;Gaussian Process;,Neural Information Processing Systems,"2005
"
Yang Wang,6503,1152,greg mori,Learning a discriminative hidden part model for human action recognition,"We present a discriminative part-based approach for human action recognition from video sequences using motion features. Our model is based on the recently proposed hidden conditional random field (hCRF) for object recognition. Similar to hCRF for object recognition, we model a human action by a flexible constel- lation of parts conditioned on image observations. Different from object recogni- tion, our",Action Recognition;Conditional Random Field;Large Scale;Model Combination;Object Recognition;,Neural Information Processing Systems,"2008
"
Yang Wang,6504,1152,greg mori,Human Action Recognition by Semilatent Topic Models,"We propose two new models for human action recognition fromvideo sequences using topic models. Video sequences are represented by a novel ""bag-of-words"" representation, where each frame corresponds to a ""word"". Our models differ from previous latent topic models for visual recognition in two major aspects: first of all, the latent topics in our models directly correspond to class labels; secondly,",Action Recognition;Indexing Terms;Latent Variable;Probabilistic Graphical Model;Video Analysis;Bag of Words;,IEEE Transactions on Pattern Analysis and Machine Intelligence,"2009
"
Yang Wang,6505,1153,prabir bhattacharya,Hierarchical stereo correspondence using features of gray connected components,,Connected Component;,International Conference on Image Processing,"1997
"
Yang Wang,6506,1154,,Color Image Segmentation Based on Parameter-Dependent Connected Components,,Color Image Segmentation;Connected Component;,"Image Processing, Image Quality, Image Capture Systems Conference","2000
"
Yang Wang,6507,1154,prabir bhattacharya,An Algorithm for Finding Parameter Dependent: Connected Components of Gray Images,,Connected Component;,"Image Processing, Image Quality, Image Capture Systems Conference","1998
"
Yang Wang,6508,1153,prabir bhattacharya,Image Understanding with Connected Component Histograms,,Connected Component;Image Understanding;,"Image Processing, Image Quality, Image Capture Systems Conference","1999
"
Yang Wang,6509,1154,prabir bhattacharya,Digital Connectivity and Extended Well-Composed Sets for Gray Images,,,Computer Vision and Image Understanding,"1997
"
Yang Wang,6510,1154,prabir bhattacharya,On parameter-dependent connected components of gray images,,Connected Component;,Pattern Recognition,"1996
"
Yang Wang,6511,1155,yun huang;nalini venkatasubramanian,MAPGrid: A New Architecture for Empowering Mobile Data Placement in Grid Environments,"The rising popularity of mobile applications and devices has brought about an enhanced interest in infrastructure support for mobile computing. Our work focuses on the development of a mobile grid infrastructure called MAP- Grid (Mobile Applications on Grids), where grid resources are exploited as proxies to enable advanced mobile appli- cations. However, intermittent availability of grid resources presents challenges for",Data Access;Data Placement;Mobile Application;Mobile Computer;Mobile Environment;,Cluster Computing and the Grid,"2007
"
Yang Wang,6512,1155,scott d. mainwaring,Human-Currency Interaction: learning from virtual currency use in China,"What happens when the domains of HCI design and money intersect? This paper presents analyses from an ethnographic study of virtual currency use in China to discuss implications for game design, and HCI design more broadly. We found that how virtual currency is perceived, obtained, and spent can critically shape gamers' behavior and experience. Virtual and real currencies can interact",Game Design;Interactive Learning;Online Game;User Experience;Virtual Worlds;,Computer Human Interaction,"2008
"
Yang Wang,6513,1155,silvia lindtner;bonnie nardi;scott d. mainwaring;he jing;wenjing liang,A hybrid cultural ecology: world of warcraft in China,We analyze online gaming as a site of collaboration in a digital-physical hybrid. We ground our analysis in findings from an ethnographic study of the online game World of Warcraft in China. We examine the interplay of collaborative practices across the physical environment of China's Internet cafes and the virtual game space of World of Warcraft. Our findings suggest that,Cultural Value;Government Regulation;Mixed Reality;Online Game;Physical Environment;Multi Dimensional;Virtual Worlds;World of Warcraft;,Conference on Computer Supported Cooperative Work,"2008
"
Yang Wang,6514,1155,alfred kobsa,Privacy in Online Social Networking at Workplace,"Abstract—Employees using social,network sites (SNS) at workplace is a fact. As companies are further embracing social networks, how if at all does this practice affect the work dynamics? While privacy has been a hot topic in online social network research in general, there is little work investigating the privacy aspect of this practice at workplace. This paper aims at starting",Online Social Network;Social Network;Social Networking Sites;Work Practice;,IEEE International Conference on Computational Science and Engineering,"2009
"
Yang Wang,6515,1155,silvia lindtner;scott d. mainwaring;paul dourish,Situating Productive Play: Online Gaming Practices and Guanxi in China,"Economic activities in and around online gaming in China are often correlated in the West with practices of gold farming, or selling in-game currency to players for real money in online games. What can we learn about online gaming in China and about online gaming and online sociality more broadly when we look at economic and other ""pragmatic"" practices through",Game Design;Online Game;Serious Game;,IFIP Conference on Human-Computer Interaction,"2009
"
Yang Wang,6516,1155,alfred kobsa;rahim sonawalla;gene tsudik;ersin uzun,Serial hook-ups: a comparative usability study of secure device pairing methods,"Secure Device Pairing is the bootstrapping of secure commu- nication between two previously unassociated devices over a wireless channel. The human-imperceptible nature of wire- less communication, lack of any prior security context, and absence of a common trust infrastructure open the door for Man-in-the-Middle (aka Evil Twin) attacks. A num- ber of methods have been proposed to mitigate these at-",Human Perception;Task Performance;Usability Study;Wireless Channels;Man In The Middle;,Symposium On Usable Privacy and Security,"2009
"
Yang Wang,6517,1155,scott a. hendrickson;andr ´ e van der hoek;richard n. taylor;alfred kobsa,Modeling PLA variation of privacy-enhancing personalized systems,"Privacy-enhancing personalized (PEP) systems address individual users' privacy preferences as well as privacy laws and regulations. Building such systems entails model- ing two different domains: (a) privacy constraints as man- dated by law, voluntary self-regulation, or users' individ- ual privacy preferences, and modeled by legal profession- als, and (b) software architectures as dictated by available software components and modeled by",Software Architecture;Software Component;Domain Model;Product Line;,Software Product Lines,"2009
"
Yang Wang,6518,1155,alfred kobsa;andr ´ e van der hoek;jeffery white,PLA-based Runtime Dynamism in Support of Privacy-Enhanced Web Personalization,"Software product line architectures (PLAs) have been widely recognized as a successful approach in industrial software development for improving productivity, software quality and time-to-market. In this paper, we focus on the usage of a PLA for a quite different purpose, namely, handling privacy con- straints in web personalization. To provide personal- ized services such as customized recommendations, a personalized website",Legislation;Software Development;Software Product Line;Software Quality;Web Personalization;Time To Market;,Software Product Lines,"2006
"
Yang Wang,6519,1155,,Constraint-Sensitive Privacy Management for Personalized Web-Based Systems,"This research aims at reconciling web personalization with privacy constraints imposed by legal restrictions and by users' privacy preferences. We propose a software product line architecture approach, where our privacy- enabling user modeling architecture can dynamically select personalization methods that satisfy current privacy constraints to provide personalization services. A feasibility study is being carried out with the support of an",Development Environment;Feasibility Study;Satisfiability;Software Architecture;Software Product Line;Web Personalization;web-based system;User Model;,User Modeling,"2005
"
Yang Wang,6520,1155,alfred kobsa,Respecting Users' Individual Privacy Constraints in Web Personalization,"Web personalization has demonstrated to be advantageous for both online customers and vendors. However, its benefits may be severely counter- acted by privacy constraints. Personalized systems need to take users' privacy concerns into account, as well as privacy laws and industry self-regulation that may be in effect. In this paper, we first discuss how these constraints may affect web-based personalized",Software Product Line;System Dynamics;Web Personalization;User Model;,User Modeling,"2007
"
Yang Wang,6521,1155,alfred kobsa,Performance Evaluation of a Privacy-Enhancing Framework for Personalized Websites,"Reconciling personalization with privacy has been a continuing in- terest in the user modeling community. In prior work, we proposed a dynamic privacy-enhancing user modeling framework based on a software product line ar- chitecture (PLA). Our system dynamically selects personalization methods dur- ing runtime that respect users' current privacy preferences as well as the prevail- ing privacy laws and regulations.",Cache Performance;Performance Evaluation;Software Product Line;System Dynamics;User Model;,User Modeling,"2009
"
Yang Wang,6522,1156,zhuang guo;josé nelson amaral;duane szafron,Utilizing field usage patterns for Java heap space optimization,"This research studies the characteristics of eld usage patterns in the SpecJVM98 benchmarks. It nds that multiple object instances of the same class often exhibit different eld-usage patterns. Motivated by this observation, we designed a heap compression mechanism that classies object in- stances at runtime based on their eld-usage pat- terns and eliminates unused elds to save space. To achieve",Experimental Evaluation;Multiple Objectives;,Conference of the Centre for Advanced Studies on Collaborative Research,"2006
"
Yang Wang,6523,1156,yong gao;junfeng wu;robert niewiadomski;zhi-zhong chen;guohui lin,A Space Efficient Algorithm for Sequence Alignment with Inversions,"A dynamic programming algorithm to find an optimal align- ment for a pair of DNA sequences has been described by Schoniger and Waterman. The alignments use not only substitutions, insertions, and deletions of single nucleotides, but also inversions, which are the reversed complements, of substrings of the sequences. With the restriction that the inversions are pairwise non-intersecting, their proposed algorithm",Computer Simulation;Dna Sequence;Dynamic Programming Algorithm;Efficient Algorithm;Sequence Alignment;Nucleotides;,Computing and Combinatorics,"2003
"
Yang Wang,6524,1156,thomas kunz,A Dynamic Assignment Problem in a Mobile System with Limited Bandwidth,"The assignment problem originally arising from parallel and distributed computing has been investigated intensively since the 70's when Harold Stone proposed a method to solve it with the aid of network flow algorithms. In this paper, we discuss this problem under a mobile environment with limited capacity of wireless links. The assignment problem is to schedule a group of related",Assignment Problem;Distributed Algorithm;Distributed Mutual Exclusion;Heuristic Algorithm;Mobile Application;Mobile Device;Mobile Environment;Mobile Systems;Network Flow;Optimization Problem;Parallel and Distributed Computing;Wireless Links;Knapsack Problem;,Hawaii International Conference on System Sciences,"2003
"
Yang Wang,6525,1156,morgan kan;danny ngo;mark lee;paul lu;nolan bard;michael closson;meng ding;mark goldberg;nicholas lamb;ron senda;edmund sumbar,The Trellis Security Infrastructure: A Layered Approach to Overlay Metacomputers,"Researchers often have access to a variety of dif- ferent high-performance computer (HPC) systems in different administrative domains, possibly across a wide-area network. Consequently, the security infrastructure becomes an important component of an overlay metacomputer: a user-level aggregation of HPC systems. The Grid Security Infrastructure (GSI) uses a sophisticated approach based on proxies and certification authorities. However, GSI requires a",Certificate Authority;High Performance Computer;Single Sign On;Grid Security Infrastructure;Wide Area Network;,International Symposium on High Performance Computing Systems,"2004
"
Yang Wang,6526,1156,ming zhu;meng ding;constantine katsinis,Dynamic Key Messaging for Cluster Computing,,Cluster Computing;,Network Computing and Applications,"2004
"
Yang Wang,6527,1156,paul lu,Using Dataflow Information to Improve Inter-Workflow Instance Concurrency,,,Parallel and Distributed Computing: Applications and Technologies,"2005
"
Yang Wang,6528,1156,wei dong;hua li;chang nian zhang,A Novel Watermarking Scheme for Blind Objective Image Quality Assessment,,Image Quality Assessment;,International Journal of Computers and Their Applications,"2010
"
Yang Wang,6529,1156,ming zhu;hua li,A distributed Key Message algorithm to optimize the communication in clusters,,,Parallel Computing,"2009
"
Yang Wang,6530,1156,zhi-zhong chen;yong gao;guohui lin;robert niewiadomski;junfeng wu,A space-efficient algorithm for sequence alignment with inversions and reversals,,Efficient Algorithm;Sequence Alignment;,Theoretical Computer Science,"2004
"
Yang Wang,6531,1157,yanmin sun;andrew k. c. wong,An Overview of Associative Classifiers,"Associative classiflcation is a new classiflcation approach integrating association mining and classiflcation. It becomes a signiflcant tool for knowledge discovery and data mining. This paper presents a critical overview of certain aspects on modelling associative classiflers including event association mining, computational complexity in mining associations, methods of constructing associative classiflers based on the association patterns discovered, some similarities and difierences",Association Mining;Computational Complexity;Data Mining;Indexing Terms;Pattern Discovery;Knowledge Discovery and Data Mining;,Int. Conf. on Data Mining,"2006
"
Yang Wang,6532,1157,yanmin sun;mohamed s. kamel,Boosting for Learning Multiple Classes with Imbalanced Class Distribution,"Classification of data with imbalanced class distribution has posed a significant drawback of the performance attain- able by most standard classifier learning algorithms, which assume a relatively balanced class distribution and equal misclassification costs. This learning difficulty attracts a lot of research interests. Most efforts concentrate on bi-class problems. However, bi-class is not the only scenario where the class imbalance",Class Imbalance;Genetic Algorithm;Imbalanced Data Sets;Learning Algorithm;Learning Difficulties;,IEEE International Conference on Data Mining,"2006
"
Yang Wang,6533,1157,andrew k. c. wong,Representing Discovered Patterns Using Attributed Hypergraph,,,Knowledge Discovery and Data Mining,"1996
"
Yang Wang,6534,1157,yanmin sun;andrew k. c. wong,Parameter Inference of Cost-Sensitive Boosting Algorithms,"Abstract. Several cost-sensitive boosting,algorithms,have,been reported as effective methods in dealing with class imbalance problem. Misclassification costs, which reflect the different level of class identi- fication importance, are integrated into the weight update formula of AdaBoost algorithm. Yet, it has been shown that the weight update pa- rameter of AdaBoost is induced so as the training error can be reduced most",Class Imbalance;Learning Algorithm;Machine Learning;,Machine Learning and Data Mining in Pattern Recognition,"2005
"
Yang Wang,6535,1157,lili liu;andrew k. c. wong,A global optimal algorithm for class-dependent discretization of continuous data,,Global Optimization;,Intelligent Data Analysis,"2004
"
Yang Wang,6536,1157,yanmin sun;mohamed s. kamel;andrew k. c. wong,Cost-sensitive boosting for classification of imbalanced data,"Classification of data with imbalanced class distribution has posed a significant drawback of the performance attainable by most standard classifier learning algorithms, which assume a relatively balanced class distribution and equal misclassification costs. The significant difficulty and frequent occurrence of the class imbalance problem indicate the need for extra research efforts. The objective of this paper is to investigate meta-techniques",Class Imbalance;Classification Accuracy;cost-sensitive learning;Learning Algorithm;,Pattern Recognition,"2007
"
Yang Wang,6537,1157,wai-ho au;keith c. c. chan;andrew k. c. wong,"Attribute Clustering for Grouping, Selection, and Classification of Gene Expression Data","This paper presents an attribute clustering method which is able to group genes based on their interdependence so as to mine meaningful patterns from the gene expression data. It can be used for gene grouping, selection, and classification. The partitioning of a relational table into attribute subgroups allows a small number of attributes within or across the groups to be",Clustering Method;Data Mining;Data Mining Algorithm;Gene Expression;Gene Expression Data;Gene Expression Profile;Gene Selection;Group Selection;Typical Development;,IEEE/ACM Transactions on Computational Biology and Bioinformatics,"2005
"
Yang Wang,6538,1157,wai-ho au;keith c. c. chan;andrew k. c. wong,"Correction to ""Attribute Clustering for Grouping, Selection, and Classification of Gene Expression Data",,Gene Expression Data;Group Selection;,IEEE/ACM Transactions on Computational Biology and Bioinformatics,"2007
"
Yang Wang,6539,1157,yanmin sun;andrew k. c. wong,Boosting an Associative Classifier,,,IEEE Transactions on Knowledge and Data Engineering,"2006
"
Yang Wang,6540,1157,andrew k. c. wong,From Association to Classification: Inference Using Weight of Evidence,,Weight of Evidence;,IEEE Transactions on Knowledge and Data Engineering,"2003
"
Yang Wang,6541,1157,andrew k. c. wong,High-Order Pattern Discovery from Discrete-Valued Data,,Pattern Discovery;,IEEE Transactions on Knowledge and Data Engineering,"1997
"
Yang Wang,6542,1157,yanmin sun;andrew k. c. wong,Generative and Discriminative Learning by CL-Net,,Discrimination Learning;,"IEEE Transactions on Systems, Man, and Cybernetics","2007
"
Yang Wang,6543,1157,andrew k. c. wong,Pattern discovery: a data driven approach to decision support,,Pattern Discovery;Decision Support;,"IEEE Transactions on Systems, Man, and Cybernetics","2003
"
Yang Wang,6544,1158,g. m. stocks;aurelian rusanu;d. m. c. nicholson;markus eisenbach;j. s. faulkner,Teraflop Computing for Nanoscience,"Over the last three decades there has been significant progress in the first principles methods for calculating the properties of materials at the quantum level. They have largely been based on the local density approximation (LDA) to density functional theory (DFT). However, nanoscience places new demands on these first principles methods because of the thousands to millions of atoms present",Complex Structure;Density Function Theory;Electronic Structure Calculation;First Principle;Iron;Magnetic Properties;Magnetic Structure;Multiple Scattering;Quantum Mechanics;Local Density Approximation;Massively Parallel Processing;Self Consistent;,International Conference on Computer Design,"2006
"
Yang Wang,6545,1158,a. canning;b. ujfalussy;thomas c. schulthess;x.-g. zhang;william a. shelton;d. m. c. nicholson;g. m. stocks;t. dirks,Parallel Multi-Teraflops Studies of the Magnetic Structure of FeMn Alloys,,Magnetic Structure;,International Parallel and Distributed Processing Symposium/International Parallel Processing Symposium,"2003
"
Yang Wang,6546,1158,noël m. nachtigal;william a. shelton;g. m. stocks;d. m. c. nicholson,Integrating the QMR Method with First Principles Material Science Application Code,,First Principle;Materials Science;,Parallel Processing for Scientific Computing,"1995
"
Yang Wang,6547,1158,a. canning;b. ujfalussy;thomas c. schulthess;x.-g. zhang;william a. shelton;d. m. c. nicholson;g. m. stocks;t. dirks,Multi-teraflops spin dynamics studies of the magnetic structure of FeMn/Co interfaces,"We have used the power of massively parallel computers to perform first principles spin dynamics (SD) simulations of the magnetic structure of Iron-Manganese/Cobalt (FeMn/Co) interfaces. These large scale quantum mechanical simulations, involving 2016-atom super-cell models, reveal details of the orientational configuration of the magnetic moments at the interface that are unobtainable by any other means. Exchange bias, which involves the",Equation of Motion;Equilibrium State;Exchange Bias;First Principle;Iron;Large Scale;Magnetic Moment;Magnetic Multilayer;Magnetic Structure;Massively Parallel Computer;Materials Science;Parallel Algorithm;Quantum Mechanics;Scientific Computing;Spin Dynamics;,Supercomputing Conference,"2001
"
Yang Wang,6548,1158,deepayan chakrabarti;chenxi wang;christos faloutsos,Epidemic Spreading in Real Networks: An Eigenvalue Viewpoint,"How will a virus propagate in a real network? Does an epidemic threshold exist for a nite power- law graph, or any nite graph? How long does it take to disinfect a network given particular values of infection rate and virus death rate? We answer the rst question by providing equa- tions that accurately model virus propagation in any network",Adjacency Matrix;Eigenvalues;Largest Eigenvalue;Threshold Model;Power Law;,Symposium on Reliable Distributed Systems,"2003
"
Yang Wang,6549,1158,chenxi wang,Modeling the effects of timing parameters on virus propagation,"In this paper, we investigate epidemiological models to reason about computer viral propagation. We extend the classical homogeneous models to incorporate two timing parameters: Infection delay and user vigilance. We show that these timing parameters greatly influence the propagation of viral epidemics, and that the explicit treatment of these parameters gives rise to a more realistic and accurate propagation model.",Computer Virus;Simulation Analysis;Anti Virus;,workshop on rapid malcode,"2003
"
Yang Wang,6550,1158,deepayan chakrabarti;chenxi wang;jurij leskovec;christos faloutsos,Epidemic thresholds in real networks,"How will a virus propagate in a real network? How long does it take to disinfect a network given particular values of infection rate and virus death rate? What is the single best node to immunize? Answering these questions is essential for devising network-wide strategies to counter viruses. In addition, viral propagation is very similar in principle to the spread",Adjacency Matrix;Eigenvalues;Largest Eigenvalue;Network Topology;Nonlinear Dynamic System;Threshold Model;,ACM Transactions on Information and System Security,"2008
"
Yang Wang,6551,1159,wei xue;jiwu shu;guangyan zhang,Design and Implementation of an Out-of-Band Virtualization System on Solaris 10,"In out-of-band virtualization systems, it is typical that the virtual storage manager (VSM) maintains the metadata for all Agents and performs the address mapping. The Agent performs I/O access according to the mapped ad- dress. High network latency, poor performance and low scalability are the main problems of this method. This article introduces an improved design and im- plementation of",Design and Implementation;Storage Management;Out of Band;,International Conference on Computational Science,"2006
"
Yang Wang,6552,1159,jiwu shu;wei xue;yifeng luo,An Efficient SAN-Level Caching Method Based on Chunk-Aging,"SAN-level caching can manage caching within a global view so that global hot data can be identified and cached. However, two problems may be encountered in the existing SAN-level caching methods: first, too many migrations from disks to cache resulting from cache thrashing; second, too few cache hits resulting from insufficient caching. This paper proposes a SAN-level caching method employing",Cache Replacement;,"IEEE NAS - Networking, Architecture, and Storage","2007
"
Yang Wang,6553,1159,jiwu shu;guangyan zhang;wei xue;weimin zheng,SOPA: Selecting the optimal caching policy adaptively,"With the development of storage technology and applications, new caching policies are continuously being introduced. It becomes increasingly important for storage systems to be able to select the matched caching policy dynamically under varying workloads. This article proposes SOPA, a cache framework to adaptively select the matched policy and perform policy switches in storage systems. SOPA encapsulates the functions of",Decision Making;Decision Making Process;Simulation Experiment;Storage System;System Evaluation;,ACM Transactions on Storage,"2010
"
Yang Wang,6554,1160,david j. mulvaney;ian p. w. sillitoe;erick swere;zhenhuan zhu,Real-Time Machine Learning in Embedded Software And Hardware Platforms,,Embedded Software;Machine Learning;Real Time;,Automatic Learning and Real-Time,"2005
"
Yang Wang,6555,1160,honghai liu;patrick beullens;david brown,Travel Speed Prediction Using Fuzzy Reasoning,,Fuzzy Reasoning;,International Conference on Intelligent Robotics and Applications,"2008
"
Yang Wang,6556,1160,ian p. w. sillitoe;david j. mulvaney,Mobile Robot Path Planning in Dynamic Environments,,Dynamic Environment;Mobile Robot;Path Planning;,International Conference on Robotics and Automation,"2007
"
Yang Wang,6557,1160,david j. mulvaney;ian p. w. sillitoe;erick swere;zhenhuan zhu,Real-time machine learning in embedded software and hardware platforms,,Embedded Software;Machine Learning;Real Time;,International Journal of Intelligent Systems Technologies and Applications,"2007
"
Yang Wang,6558,1160,david j. mulvaney;ian p. w. sillitoe;erick swere,Robot Navigation by Waypoints,,Robot Navigation;,Journal of Intelligent and Robotic Systems,"2008
"
Yang Wang,6559,1161,mingyuan an;weiping wang,Using Index in the MapReduce Framework,,Indexation;,Asia-Pacific Web Conference,"2010
"
Yang Wang,6560,1161,huaiming song;weiping wang;mingyuan an,A microscopic view on community detection in complex networks,"The community structure is a basic characteristic of complex networks. A strong community structure has high modularity. It has been proven an NP-Complete problem to identify the community structure with the highest modularity. Many approximate algorithms have been proposed to alleviate the problem. However, they suffer from inefficiency or low quality. In this paper, we propose a two-step method. The",Approximate Algorithm;Community Detection;Community Structure;Complex Network;np-complete problem;,International Conference on Information and Knowledge Management,"2008
"
Yang Wang,6561,1161,mingyuan an,Effective Criterion Functions for Efficient Agglomerative Clustering on Very Large Networks,,,IEEE International Conference on Data Mining,"2009
"
Yang Wang,6562,1161,huaiming song;mingyuan an;weiping wang;ninghui sun,Group-by Query Process in Middleware of Large Scale Data Intensive Systems,,Large Scale;Middleware;Query Processing;,"IEEE NAS - Networking, Architecture, and Storage","2009
"
Yang Wang,6563,1162,thomas hornung,Deep Web Navigation by Example,"Large portions of the Web are buried behind user-oriented interfaces, which can only be accessed by filling out forms. To make the therein contained information accessible to automatic processing, one of the major hurdles is to navigate to the actual result page. In this paper we present a framework for navigating these so-called Deep Web sites based on the page-keyword-action",Deep Web;Information Access;,Business Information Systems,"2008
"
Yang Wang,6564,1163,jerome p. lynch;kincho h. law,"Wireless Sensing, Actuation and Control - With Applications to Civil Structures","Structural monitoring and control have been subjects of interests in structural engineering for quite some time. Structural sensing and control tech- nologies can benefit in terms of installation cost and time from wireless com- munication and embedded computing. The hardware and software requirements pose an interesting, interdisciplinary research challenge. This paper describes a low-cost wireless sensing system that is judiciously",Embedded Computing;Field Test;Interdisciplinary Research;Large Scale;Software Requirements;Structural Control;Structural Engineering;Structural Monitoring;Wireless Sensing;,Intelligent Computing in Engineering and Architecture,"2006
"
Yang Wang,6565,1164,hung q. ngo;anh le,A Linear Programming Duality Approach to Analyzing Strictly Nonblocking d-ary Multilog Networks under General Crosstalk Constraints,"When a switching network topology is used for constructing optical cross-connects, as in the circuit switching case, no two routes are allowed to share a link. However, if two routes share too many switching elements, then crosstalk introduced at those switching elements degrades signal quality. Vaez and Lea (21) introduced a parameter c which is the maximum number of distinct",Circuit Switched;Optical Cross-connect;Optical Switch;Switching Network;Linear Program;,Computing and Combinatorics,"2008
"
Yang Wang,6566,1164,thanh-nhan nguyen;hung q. ngo,Strictly Nonblocking f-Cast Photonic Switching Networks under General Crosstalk Constraints,,Switching Network;,Global Telecommunications Conference,"2008
"
Yang Wang,6567,1164,hung q. ngo;xiaohong jiang,Strictly Nonblocking Function-Cast d-Ary Multi-Log Networks under Fanout and Crosstalk Constraints,We derive conditions which are both necessary and sufficient for the d-ary multi-log switching networks to be f- cast strictly nonblocking under all combinations of fanout and crosstalk constraints. The fanout constraint tells us which stage(s) of the networks has fanout capability. The crosstalk constraint tells us whether or not two connection routes are allowed to share a link (relevant,Optical Switch;Switching Network;,IEEE International Conference on Communications,"2008
"
Yang Wang,6568,1164,hung q. ngo;dazhen pan,"Rearrangeable and nonblocking [w, f] -distributors",,,IEEE/ACM Transactions on Networking,"2009
"
