author,pid,label,coauthor,title,abstract,keywords,venue,year
Yi Zhang,6615,1180,qiaozhu mei,Automatic Web Tagging and Person Tagging Using Language Models,"Social bookmarking has become an important web2.0 appli- cation recently, which is concerned with the dual user behavior to search - tagging. Although social bookmarking websites, e.g., Del.icio.us, has been attracting much attentions, many research problems in social tag- ging has not been well addressed in literature. In this paper, we formally deflne the problem of social bookmark suggestion, and",Automatic Generation;Language Model;Social Bookmarking;Social Tagging;User Behavior;Web Documents;,Advanced Data Mining and Applications,"2008
"
Yi Zhang,6616,1180,sarah k. tyler,Open Domain Recommendation: Social Networks and Collaborative Filtering,,Collaborative Filtering;Social Network;,Advanced Data Mining and Applications,"2008
"
Yi Zhang,6617,1180,yun chi;shenghuo zhu;yihong gong,Probabilistic polyadic factorization and its application to personalized recommendation,"Multiple-dimensional, i.e., polyadic, data exist in many ap- plications, such as personalized recommendation and multiple- dimensional data summarization. Analyzing all the dimen- sions of polyadic data in a principled way is a challenging research problem. Most existing methods separately ana- lyze the marginal relationships among pairwise dimensions and then combine the results afterwards. Motivated by the fact that various dimensions",Social Bookmarking;Theoretical Analysis;Negative Tensor Factorization;,International Conference on Information and Knowledge Management,"2008
"
Yi Zhang,6618,1180,philip zigoris,Bayesian adaptive user profiling with explicit &amp; implicit feedback,"Research in information retrieval is now moving into a per- sonalized scenario where a retrieval or filtering system main- tains a separate user profile for each user. In this framework, information delivered to the user can be automatically per- sonalized and catered to individual user's information needs. However, a practical concern for such a personalized system is the ""cold start",bayesian model;bayesian statistics;Implicit Feedback;Information Need;Information Retrieval;Predictive Value;User Profile;User Study;User Model;,International Conference on Information and Knowledge Management,"2006
"
Yi Zhang,6619,1180,xing xing;bo gong,Mixture model based contextual image retrieval,"Traditional image retrieval techniques search for images without considering the query context. When they are applied to applications like annotating text with images, the results might not be satisfactory because the meaning of a word/phrase varies depending on the context. In this paper, we propose an alternative method to retrieve images based not only on the query but also on",Image Retrieval;Mixture Model;Context Dependent;,Conference on Image and Video Retrieval,"2010
"
Yi Zhang,6620,1180,xing xing;mei han,Query Difficulty Prediction for Contextual Image Retrieval,,Image Retrieval;,European Colloquium on IR Research,"2010
"
Yi Zhang,6621,1180,zuobing xu;ram akella,Incorporating Diversity and Density in Active Learning for Relevance Feedback,"Relevance feedback, which uses the terms in relevant doc- uments to enrich the user's initial query, is an effective method for improving retrieval performance. An associated key research problem is the following: Which documents to present to the user so that the user's feedback on the documents can significantly impact relevance feedback performance. This paper views this as an active",Active Learning;Relevance Feedback;Statistical Significance;,European Colloquium on IR Research,"2007
"
Yi Zhang,6622,1180,philip zigoris;damian eads,Unsupervised Learning of Tree Alignment Models for Information Extraction,"We propose an algorithm for extracting fields from HTML search results. The output of the algorithm is a database table- a data structure that better lends itself to high-level data mining and information exploitation. Our algorithmeffectively combinestree and string alignmental- gorithms, as well as domain-specific feature extraction to match semantically related data across search results. The applications of our approach",Data Mining;Data Structure;Domain Specificity;Feature Extraction;Hidden Web;Information Extraction;Semantic Relations;Unsupervised Learning;,IEEE International Conference on Data Mining,"2006
"
Yi Zhang,6623,1180,wei xu;james p. callan,Exploration and Exploitation in Adaptive Filtering Based on Bayesian Active Learning,"In the task of adaptive information filtering, a system receives a stream of documents but delivers only those that match a person's in- formation need. As the system filters it also refines its knowledge about the user's infor- mation needs based on relevance feedback from the user. Delivering a document thus has two effects: i) it satisfies the user's in-",Active Learning;Adaptive Filter;Information Filtering;Quality Measures;Relevance Feedback;Satisfiability;Utility Function;,International Conference on Machine Learning,"2003
"
Yi Zhang,6624,1180,junhai luo;xue liu;danxia ye;zhong xu,Fuzzy trust recommendation based on collaborative filtering for mobile ad-hoc networks,,Collaborative Filtering;Mobile Ad Hoc Network;,IEEE Conference on Local Computer Networks,"2008
"
Yi Zhang,6625,1180,james p. callan,Combining Multiple Forms of Evidence While Filtering,"This paper studies how to go beyond relevance and enable a filtering system to learn more in- teresting and detailed data driven user models from multiple forms of evidence. We carry out a user study using a real time web based per- sonal news filtering system, and collect exten- sive multiple forms of evidence, including ex- plicit and implicit user",Graphical Model;Structure Learning;System Performance;User Feedback;User Study;Real Time;User Model;,North American Chapter of the Association for Computational Linguistics,"2005
"
Yi Zhang,6626,1180,sarah k. tyler;shenghuo zhu;yun chi,Ordering innovators and laggards for product categorization and recommendation,"Dierent buyers exhibit dierent purchasing behaviors. Some rush to purchase new products while others tend to be more cautious, waiting for reviews from people they trust. In mar- ket analysis, the former group of buyers is often referred to as innovators and early adopters while the latter group is referred to as laggards. The adoption behavior is a dynamic feature",New Products;recommender system;Social Network;Total Order;Trust Network;User Behavior;Markov Chain;,Conference on Recommender Systems,"2009
"
Yi Zhang,6627,1180,jonathan koren;andrew leung;carlos maltzahn;sasha ames;ethan l. miller,Searching and navigating petabyte-scale file systems based on facets,"As users interact with file systems of ever increasing size, it is becoming more dicult for them to familiarize themselves with the entire contents of the file system. In petabyte-scale systems, users must navigate a pool of billions of shared files in order to find the information they are looking for. One way to help alleviate this problem is to",Digital Library;E Commerce;Enterprise Search;Faceted Search;File System;Information Retrieval;User Interaction;,Supercomputing Conference,"2007
"
Yi Zhang,6628,1180,shawn r. wolfe,User-centric multi-criteria information retrieval,"Information retrieval models usually represent content only, and not other considerations, such as authority, cost, and recency. How could multiple criteria be utilized in information retrieval, and how would it effect the results? In our experiments, using multiple user-centric criteria always produced better results than a single criteria.",Information Retrieval;Information Retrieval Model;Multi Criteria Decision Making;Multiple Criteria;,Research and Development in Information Retrieval,"2009
"
Yi Zhang,6629,1180,,Using bayesian priors to combine classifiers for adaptive filtering,"An adaptive information filtering system monitors a document stream to identify the documents that match information needs specified by user profiles. As the system filters, it also refines its knowledge about the user's information needs based on long-term observations of the document stream and periodic feedback(training data) from the user. Low variance profile learning algorithms, such as Rocchio, work well",Adaptive Filter;Classification Algorithm;Combining Classifier;Information Filtering;Information Need;Learning Algorithm;Logistic Regression;Text Classification;User Profile;Maximum Likelihood;,Research and Development in Information Retrieval,"2004
"
Yi Zhang,6630,1180,james p. callan,Maximum likelihood estimation for filtering thresholds,Information filtering systems based on statistical retrieval models usually compute a numeric score indicating how well each document matches each profile.  Documents with scores above profile-specificdissemination thresholdsare delivered.An optimal dissemination threshold is one that maximizes a given utility function based on the distributions of the scores of relevant and non-relevant documents.  The parameters of the distribution can be estimated using,Information Filtering;Maximum Likelihood Estimate;Maximum Likelihood Principle;Retrieval Model;Utility Function;max imum likelihood;,Research and Development in Information Retrieval,"2001
"
Yi Zhang,6631,1180,james p. callan;tom minka,Novelty and redundancy detection in adaptive filtering,This paper addresses the problem of extending an adaptive information filtering system to make decisions about the novelty and redundancy of relevant documents. It argues that relevance and redundance should each be modelled explicitly and separately. A set of five redundancy measures are proposed and evaluated in experiments with and without redundancy thresholds. The experimental results demonstrate that the cosine,Adaptive Filter;Information Filtering;Language Model;Similarity Metric;,Research and Development in Information Retrieval,"2002
"
Yi Zhang,6632,1180,jonathan koren,Efficient bayesian hierarchical user modeling for recommendation system,"ABSTRACT A content-based personalized recommendation,system learns user speciflc proflles from user feedback so that it can deliver information tailored to each individual user’s interest. A sys- tem serving millions of users can learn a better user proflle for a new user, or a user with little feedback, by borrowing information from other users through the use of a Bayesian hierarchical",bayesian hierarchical model;Em Algorithm;Information Filtering;Information Search and Retrieval;recommender system;User Feedback;User Model;,Research and Development in Information Retrieval,"2007
"
Yi Zhang,6633,1180,wei xu,Fast exact maximum likelihood estimation for mixture of language models,"A common language modeling approach assumes the data D is generated from a mixture of several language models. EM algorithm is usually used to flnd the maximum likeli- hood estimation of one unknown mixture component, given the mixture weights and the other language models. In this paper, we provide an e-cient algorithm of O(k) complexity to flnd the exact solution,",Em Algorithm;Exact Solution;Feature Selection;Language Model;Maximum Likelihood Estimate;,Research and Development in Information Retrieval,"2007
"
Yi Zhang,6634,1180,lanbo zhang,Interactive retrieval based on faceted feedback,"Motivated by the commonly used faceted search interface in e-commerce, this paper investigates interactive relevance feedback mechanism based on faceted document metadata. In this mechanism, the system recommends a group of docu- ment facet-value pairs, and lets users select relevant ones to restrict the returned documents. We propose four facet- value pair recommendation approaches and two retrieval models that incorporate",Document Retrieval;E Commerce;Faceted Search;Feedback Mechanism;Model Performance;Pseudo Relevance Feedback;Relevance Feedback;Retrieval Model;User Feedback;,Research and Development in Information Retrieval,"2010
"
Yi Zhang,6635,1180,kevyn collins-thompson;paul ogilvie;james p. callan,"Information Filtering, Novelty Detection, and Named-Page Finding",,Information Filtering;Novelty Detection;,Text REtrieval Conference,"2002
"
Yi Zhang,6636,1180,james p. callan,YFilter at TREC9,"We built a filtering system YFILTER this year, which we used for experiments on profile updating and thresholds setting. Our focus is using incremental Rocchio for introducing new query terms and term weighting. Although 1, 0.5, 0.25 is a widely used Rocchio ratio for query expansion based on relevance feedback, we found that the optimal setting for information filtering is",Information Filtering;Query Expansion;Relevance Feedback;Term Weighting;Term Frequency;,Text REtrieval Conference,"2000
"
Yi Zhang,6637,1180,james p. callan,The Bias Problem and Language Models in Adaptive Filtering,We used the YFILTER filtering system for experiments on updating profiles and setting thresholds. We developed a new method of using language models for updating profiles that is more focused on picking informative/discriminative words for query. The new method was compared with the well-known Rocchio algorithm. Dissemination thresholds were set based on maximum likelihood estimation that models and compensates for,Adaptive Filter;Language Model;Maximum Likelihood Estimate;,Text REtrieval Conference,"2001
"
Yi Zhang,6638,1180,ethan zhang,UCSC on REC 2006 Blog Opinion Mining,,Opinion Mining;,Text REtrieval Conference,"2006
"
Yi Zhang,6639,1181,shawn r. wolfe,Interaction and Personalization of Criteria in Recommender Systems,,recommender system;,User Modeling,"2010
"
Yi Zhang,6640,1180,ergin elmacioglu;min-yen kan;dongwon lee,Web based linkage,"When a variety of names are used for the same real-world entity, the problem of detecting all such variants has been known as the (record) linkage or entity resolution problem. In this paper, toward this problem, we propose a novel ap- proach that uses the Web as the collective knowledge source in addition to contents of entities. Our hypothesis is",Entity Resolution;Record Linkage;Search Engine;Web Pages;,Web Information and Data Management,"2007
"
Yi Zhang,6641,1180,jonathan koren;xue liu,Personalized interactive faceted search,"Faceted search is becoming a popular method to allow users to interactively search and navigate complex information spaces. A faceted search system presents users with key- value metadata that is used for query refinement. While popular in e-commerce and digital libraries, not much re- search has been conducted on which metadata to present to a user in order to improve",Collaborative Filtering;Digital Library;E Commerce;Evaluation Method;Faceted Search;Information Space;Interactive Search;Query Refinement;User Model;,World Wide Web Conference Series,"2008
"
Yi Zhang,6642,1180,,Complex adaptive filtering user profile using graphical models,,Adaptive Filter;Graphical Model;User Profile;,Information Processing and Management,"2008
"
Yi Zhang,6643,1180,wei xu,Fast exact maximum likelihood estimation for mixture of language model,,Language Model;Maximum Likelihood Estimate;,Information Processing and Management,"2008
"
Yi Zhang,6644,1180,mikhail bilenko;evgeniy gabrilovich;matthew richardson,Information retrieval and advertising,"The Information Retrieval and Advertising Workshop (IRA 2009) was held on July 23, 2009 in Boston, Massachusetts, in conjunction with the 32nd Annual ACM SIGIR Conference. The workshop covered theoretical and empirical issues in several research areas that span the intersection of computational advertising, information retrieval, and economics. The workshop consisted of 3 invited talks, 6 refereed paper presentations, 2",Information Retrieval;,Sigir Forum,"2009
"
Yi Zhang,6645,1180,,Bayesian graphical models for adaptive filtering,"A personal information filtering system monitors an incoming document stream to find the documents that match information needs specified by user profiles. The most challenging aspect in adaptive filtering is to develop a system to learn user profiles efficiently and effectively from very limited user supervision. In order to overcome this challenge, the system needs to do the following: use",Active Learning;Adaptive Filter;Data Collection;Data Exploration;Graphical Model;Heuristic Algorithm;Implicit Feedback;Information Filtering;Information Need;Learning Algorithm;Machine Learning;Missing Data;Quality Measures;Satisfiability;Test Collection;User Profile;User Study;,Sigir Forum,"2005
"
Yi Zhang,6646,1180,ethan zhang,Average Precision,,Average Precision;,,"2009
"
Yi Zhang,6647,1180,ethan zhang,Eleven Point Precision-recall Curve,,,,"2009
"
Yi Zhang,6648,1180,ethan zhang,F-Measure,,,,"2009
"
Yi Zhang,6649,1180,ethan zhang,Precision,,,,"2009
"
Yi Zhang,6650,1180,ethan zhang,Recall,,,,"2009
"
Yi Zhang,6651,1180,ethan zhang,Standard Effectiveness Measures,,,,"2009
"
Yi Zhang,6652,1182,piotr berman;bhaskar dasgupta;dhruv mubayi;robert h. sloan;györgy turán,The Protein Sequence Design Problem in Canonical Model on 2D and 3D Lattices,"In this paper we investigate the protein sequence design (PSD) problem (also known as the inverse protein folding problem) under the Canonical model 4 on 2D and 3D lattices (12, 25). The Canonical model is specified by (i) a geometric representation of a target protein structure with amino acid residues via its contact graph, (ii) a binary folding code in",Canonical Model;Energy Function;Polynomial Time;Protein Folding;Protein Sequence;Protein Structure;Upper Bound;Amino Acid;,Combinatorial Pattern Matching,"2004
"
Yi Zhang,6653,1182,bing liu,Semantic Text Classification of Emergent Disease Reports,,Emerging Disease;Text Classification;,Principles of Data Mining and Knowledge Discovery,"2007
"
Yi Zhang,6654,1182,bing liu,Semantic text classification of disease reporting,"Traditional text classification studied in the IR literature is mainly based on topics. That is, each class or category represents a particular topic, e.g., sports, politics or sciences. However, many real-world text classification problems require more refined classification based on some semantic aspects. For example, in a set of documents about a particular disease, some documents may report the outbreak",Disease Outbreak;Text Classification;Bag of Words;,Research and Development in Information Retrieval,"2007
"
Yi Zhang,6655,1182,bhaskar dasgupta;german andres enciso;eduardo d. sontag,Algorithmic and Complexity Results for Decompositions of Biological Networks into Monotone Subsystems,"A useful approach to the mathematical analysis of large-scale biological networks is based upon their decompositions into monotone dynamical systems. This paper deals with two computational problems associated to finding decompositions which are optimal in an appropriate sense. In graph-theoretic language, the problems can be recast in terms of maximal sign-consistent subgraphs. The theoretical results include polynomial-time approximation algorithms as",Approximate Algorithm;Biological Network;Dynamic System;Epidermal Growth Factor Receptor;Large Scale;Mathematical Analysis;semidefinite programming relaxation;,Biosystems,"2006
"
Yi Zhang,6656,1182,bhaskar dasgupta;german andres enciso;eduardo d. sontag,Algorithmic and Complexity Results for Decompositions of Biological Networks into Monotone Subsystems,"A useful approach to the mathematical analysis of large-scale biological networks is based upon their decompositions into monotone dynamical systems. This paper deals with two computational problems associated to finding decompositions which are optimal in an appropriate sense. In graph-theoretic language, the problems can be recast in terms of maximal sign-consistent subgraphs. The theoretical results include polynomial-time approximation algorithms as",Approximate Algorithm;Biological Network;Dynamic System;Epidermal Growth Factor Receptor;Large Scale;Mathematical Analysis;semidefinite programming relaxation;,Biosystems,"2006
"
Yi Zhang,6657,1182,piotr berman;bhaskar dasgupta;dhruv mubayi;robert h. sloan;györgy turán,The inverse protein folding problem on 2D and 3D lattices,"In this paper we investigate the inverse protein folding (IPF) problem under the Canonical model on 3D and 2D lattices (13,26). In this problem, we are given a contact graph G = (V, E) of a protein sequence that is embeddable in a 3D (respectively, 2D) lattice and an integer 1 ≤ K ≤ |V |. The goal is to",Canonical Model;Protein Folding;Protein Sequence;,Discrete Applied Mathematics,"2007
"
Yi Zhang,6658,1182,mark d'souza;elizabeth m. glass;mustafa h. syed;alexis a. rodriguez;natalia maltsev;michael y. galperin,Sentra: a database of signal transduction proteins for comparative genome analysis,"Sentra (http://compbio.mcs.anl.gov/sentra), a data- base of signal transduction proteins encoded in completely sequenced prokaryotic genomes, has been updated to reflect recent advances in under- standing signal transduction events on a whole- genome scale. Sentra consists of two principal components, a manually curated list of signal transduction proteins in 202 completely sequenced prokaryotic genomes and an automatically gener- ated listing of",Automatic Generation;Comparative Genomics;Genome Comparison;Interaction Analysis;Principal Component;Protein Kinase;Protein Phosphatase;Response Regulator;Signal Transduction;Signal Transduction Pathway;Histidine Kinase;,Nucleic Acids Research,"2007
"
Yi Zhang,6659,1182,natalia maltsev;elizabeth m. glass;dinanath sulakhe;alexis a. rodriguez;mustafa h. syed;tanuja bompada;mark d'souza,PUMA2 - grid-based high-throughput analysis of genomes and metabolic pathways,"The PUMA2 system (available at http://compbio.mcs. 10 anl.gov/puma2) is an interactive, integrated bioin- formatics environment for high-throughput genetic sequence analysis and metabolic reconstructions from sequence data. PUMA2 provides a framework for comparative and evolutionary analysis of geno- 15 mic data and metabolic networks in the context of taxonomic and phenotypic information. Grid infra- structure is used to perform computationally intens-",Comparative Analysis;Functional Analysis;Gene Function;Genetics;Metabolic Network;Metabolic Pathway;Protein Family;Sequence Analysis;High Throughput;,Nucleic Acids Research,"2006
"
Yi Zhang,6660,1183,sergio roa;valia kordoni,Mapping between Compositional Semantic Representations and Lexical Semantic Resources: Towards Accurate Deep Semantic Parsing,"This paper introduces a machine learning method based on bayesian networks which is applied to the mapping between deep se- mantic representations and lexical semantic resources. A probabilistic model comprising Minimal Recursion Semantics (MRS) struc- tures and lexicalist oriented semantic features is acquired. Lexical semantic roles enrich- ing the MRS structures are inferred, which are useful to improve the accuracy",Lexical Semantics;Machine Learning;Probabilistic Model;Semantic Representation;bayesian network;Minimal Recursion Semantics;,Meeting of the Association for Computational Linguistics,"2008
"
Yi Zhang,6661,1183,aline villavicencio;valia kordoni;marco idiart;carlos ramisch,Validation and Evaluation of Automatically Acquired Multiword Expressions for Grammar Engineering,,,,"2007
"
Yi Zhang,6662,1183,zhang yi,Using Treebanking Discriminants as Parse Disambiguation Features,"This paper presents a novel approach of in- corporating fine-grained treebanking deci- sions made by human annotators as dis- criminative features for automatic parse disambiguation. To our best knowledge, this is the first work that exploits treebank- ing decisions for this task. The advan- tage of this approach is that use of human judgements is made. The paper presents comparative",Discriminative Model;Feature Extraction;,International Workshop on Parsing Technologies,"2009
"
Yi Zhang,6663,1183,rui wang,Correlating Natural Language Parser Performance with Statistical Measures of the Text,,Natural Language;,German Conference on Artificial Intelligence,"2009
"
Yi Zhang,6664,1183,danielle ben-gera;valia kordoni,Semantic Feature Engineering for Enhancing Disambiguation Performance in Deep Linguistic Processing,,,Language Resources and Evaluation,"2010
"
Yi Zhang,6665,1183,valia kordoni,Disambiguating Compound Nouns for a Dynamic HPSG Treebank of Wall Street Journal Texts,,Wall Street Journal;,Language Resources and Evaluation,"2010
"
Yi Zhang,6666,1183,jeremy nicholson;valia kordoni;timothy baldwin;rebecca dridan,Evaluating and Extending the Coverage of HPSG Grammars: A Case Study for German,"In this work, we examine and attempt to extend the coverage of a German HPSG grammar. We use the grammar to parse a corpus of newspaper text and evaluate the proportion of sentences which have a correct attested parse, and analyse the cause of errors in terms of lexical or constructional gaps which prevent parsing. Then, using a maximum entropy",Case Study;Maximum Entropy Model;,Language Resources and Evaluation,"2008
"
Yi Zhang,6667,1183,valia kordoni,Robust Parsing with a Large HPSG Grammar,,Robust Parsing;,Language Resources and Evaluation,"2008
"
Yi Zhang,6668,1184,georgios k. theodoropoulos;dan chen;rob minson;stephen john turner;wentong cai;yong xie;brian logan,Large Scale Distributed Simulation on the Grid,"The development of many complex simulation applica- tions requires collaborative effort from researchers with different domain knowledge and expertise, possibly at dif- ferent locations. These simulation systems often require huge computing resources and data sets, which may be ge- ographically distributed. In order to support collaborative model development and to cater for the increasing complex- ity of such systems, it",agent-based system;Distributed Computing;Distributed Simulation;Domain Knowledge;Geographic Distribution;Model Development;,Cluster Computing and the Grid,"2006
"
Yi Zhang,6669,1181,håkan sundell;philippas tsigas,A simple and fast Wait-Free Snapshot Algorithm for Real-Time Systems,,Real Time Systems;,International Conference On Principles Of DIstributed Systems,"2000
"
Yi Zhang,6670,1184,philippas tsigas,"A Simple, Fast Parallel Implementation of Quicksort and its Performance Evaluation on SUN Enterprise 10000"," This paper looks into the behavior of a simple, fine-grain parallel extension ofQuicksort for cache-coherent shared address space multiprocessors. Quicksoft hasmany nice properties: i) it is fast and general purpose; it is widely believed thatQuicksoft is the fastest general-purpose sorting algorithm, on average, and for alarge number of elelnents [Blelloch et al. 1991; Dusseau et al. 1996; Helman et al.1996b;",Cache Coherence;Parallel Implementation;Parallel Sorting;Performance Evaluation;Shared Memory Multiprocessor;Sorting Algorithm;,"Parallel, Distributed and Network-Based Processing","2003
"
Yi Zhang,6671,1184,philippas tsigas,The Non-blocking Programming Paradigm in Large Scale Scientific Computations,"Non-blocking implementation of shared data objects is a new alternative approach to the problem of designing scalable shared data objects for multiprocessor systems. Non-blocking implementations allow multiple tasks to access a shared object at the same time, but without enforcing mutual exclusion to accomplish this. Since, in non-blocking im- plementations of shared data objects, one process is not allowed to",Fault Tolerant;Large Scale;Multiprocessor Systems;Mutual Exclusion;Programming Paradigm;Scientific Computing;,Parallel Processing and Applied Mathematics,"2003
"
Yi Zhang,6672,1184,philippas tsigas;daniel cederman;tord dellsen,Wait-Free Queue Algorithms for the Real-time Java Specification,Efficient algorithmic implementations of wait-free queue classes in the Real-time Specification for Java are presented in this paper. The algorithms are designed to exploit the unidirectional nature of these queues and the priority-based scheduling in the specification. The proposed implementa- tions support multiple real-time threads to access the queue in a wait-free manner and at the same time keep the,Efficient Algorithm;Real-time Java;Space Complexity;Time Complexity;High Priority;Real Time;Real Time Specification for Java;,IEEE Real Time Technology and Applications Symposium,"2006
"
Yi Zhang,6673,1184,philippas tsigas,Non-Blocking Data Sharing in Multiprocessor Real-Time Systems,A non-blocking protocol that allows real-time tasks to share data in a multiprocessor system is presented in this paper. The protocol gives the means to concur-rent real-time tasks to read and write shared data; the protocol allows multiple write and multiple read opera-tions to be executed concurrently. Our protocol extends previous results and is optimal with respect to space requirements.,Data Sharing;Multiprocessor Systems;Reading and Writing;Real Time;Real Time Systems;,Real-Time Computing Systems and Applications,"1999
"
Yi Zhang,6674,1184,philippas tsigas,Evaluating the performance of non-blocking synchronization on shared-memory multiprocessors,,Shared Memory Multiprocessor;,Sigmetrics Performance Evaluation Review,"2001
"
Yi Zhang,6675,1184,philippas tsigas,"A simple, fast and scalable non-blocking concurrent FIFO queue for shared memory multiprocessor systems","A non-blocking FIFO queue algorithm for multiprocessor shared memory systems is presented in this paper. The algorithm is very simple, fast and scales very well in both symmetric and non-symmetric multiprocessor shared memory systems. Experiments on a 64-node SUN Enterprise 10000 — a symmetric multiprocessorsystem — and on a 64-node SGI Origin 2000 — a cache coherent non uniform memory",Cache Coherence;Multiprocessor Systems;Shared Memory Multiprocessor;Shared Memory System;Non Uniform Memory Access;Compare and Swap;,ACM Symposium on Parallel Algorithms and Architectures,"2001
"
Yi Zhang,6676,1184,philippas tsigas,Integrating non-blocking synchronisation in parallel applications: performance advantages and methodologies,"In this paper we investigate how performance and speedup of applications would be affected by using non-blocking rather than blocking synchronisation in parallel systems. The results obtained show that for many applications, non-blocking synchronisation lead to significant speedups for a fairly large number of processors, while it never slows the applications down. As part of this investigation this paper also",Large Scale;Multiprocessor Systems;Parallel Applications;Parallel Systems;,Workshop on Software and Performance,"2002
"
Yi Zhang,6677,1184,dan chen;georgios k. theodoropoulos;stephen john turner;wentong cai;rob minson,Large scale agent-based simulation on the grid,"Abstract The development,of many,complex,simulation applications requires collaborative effort from researchers with different domain,knowledge and expertise, possibly at different locations. These simulation systems often require huge computing resources and data sets, which can be geographically distributed. In order to support collaborative model development and to cater for the increasing complexity of such systems, it is necessary to harness distributed resources over",Agent Based Model;Agent Based Simulation;agent-based system;Distributed Computing;Distributed Simulation;Domain Knowledge;Geographic Distribution;High Level Architecture;Large Scale;Middleware;Model Development;,Future Generation Computer Systems,"2008
"
Yi Zhang,6678,1185,chris h. q. ding;tao li,A Two-Stage Gene Selection Algorithm by Combining ReliefF and mRMR,"Gene expression data usually contains a large num- ber of genes, but a small number of samples. Feature selection for gene expression data aims at finding a set of genes that best discriminate biological samples of different types. In this paper, we present a two-stage selection algorithm by combining ReliefF and mRMR: In the first stage, ReliefF is applied to",Candidate Gene;Feature Selection;Gene Expression Data;Gene Selection;Indexing Terms;Naive Bayes;,IEEE International Conference on Bioinformatics and Bioengineering,"2007
"
Yi Zhang,6679,1185,erliang zeng;tao li;giri narasimhan,Weighted Consensus Clustering for Identifying Functional Modules in Protein-Protein Interaction Networks,,protein-protein interaction network;,International Conference on Machine Learning and Applications,"2009
"
Yi Zhang,6680,1185,tao li;vikas sindhwani;chris h. q. ding,Bridging Domains with Words: Opinion Analysis with Matrix Tri-factorizations,,,SIAM International Conference on Data Mining,"2010
"
Yi Zhang,6681,1185,tao li;chris h. q. ding;bo shao,Knowledge transformation from word space to document space,"In most IR clustering problems, we directly cluster the documents, working in the document space, using cosine similarity between documents as the similarity measure. In many real-world applica- tions, however, we usually have knowledge on the word side and wish to transform this knowledge to the document (concept) side. In this paper, we provide a mechanism for this knowledge trans-",Document Clustering;Matrix Factorization;Posterior Probability;Similarity Measure;Space Use;,Research and Development in Information Retrieval,"2008
"
Yi Zhang,6682,1185,tao li;vikas sindhwani;chris h. q. ding,Knowledge transformation for cross-domain sentiment classification,"With the explosion of user-generated web2.0 content in the form of blogs, wikis and discussion forums, the Internet has rapidly become a massive dynamic repository of public opinion on an unbounded range of topics. A key enabler of opinion extraction and summarization is sentiment classification: the task of automatically identifying whether a given piece of text expresses positive or negative",Discussion Forum;Non-negative Matrix Factorization;Public Opinion;Sentiment Analysis;Sentiment Classification;Text Categorization;Transfer Learning;,Research and Development in Information Retrieval,"2009
"
Yi Zhang,6683,1185,dingding wang;tao li,VisualSum: an interactive multi-document summarizationsystem using visualization,"Given a collection of documents, most of existing multidocument summarization methods automatically generate a static summary for all the users. However, different users may have different opinions on the documents, thus there is a necessity for improving users' interactions in the summarization process. In this paper, we propose an interactive document summarization system using information visualization techniques.",Automatic Generation;Document Summarization;Information Visualization;multi-document summarization;,Research and Development in Information Retrieval,"2010
"
Yi Zhang,6684,1185,dingding wang;tao li,LIBGS: A MATLAB software package for gene selection,,Gene Selection;Software Package;,International Journal of Data Mining and Bioinformatics,"2010
"
Yi Zhang,6685,1186,,Bagging with Adaptive Costs,,,IEEE Transactions on Knowledge and Data Engineering,"2008
"
Yi Zhang,6686,1186,samuel burer,Sharing Classifiers among Ensembles from Related Problem Domains,A classification ensemble is a group of classifiers that all solve the same prediction problem in different ways. It is well-known that combining the predictions of classifiers within the same problem domain using techniques like bag- ging or boosting often improves the performance. This re- search shows that sharing classifiers among different but closely related problem domains can also be,Semi Definite Program;,IEEE International Conference on Data Mining,"2005
"
Yi Zhang,6687,1186,david eichmann;shannon bradshaw;xin ying qiu;li zhou;padmini srinivasan;aditya kumar sehgal;hudon wong,"Novelty, Question Answering and Genomics: The University of Iowa Response",,Question Answering;,Text REtrieval Conference,"2004
"
Yi Zhang,6688,1186,samuel burer,Ensemble Pruning Via Semi-definite Programming,"An ensemble is a group of learning models that jointly solve a problem. However, the ensembles generated by existing techniques are sometimes unnecessarily large, which can lead to extra memory usage, computational costs, and occasional decreases in eectiveness. The purpose of ensemble pruning is to search for a good subset of ensemble members that performs as well as, or better",Approximate Solution;Combinatorial Optimization Problem;Computer Experiment;Heuristic Method;Integer Program;Knowledge Sharing;Learning Model;Optimal Method;Optimal Solution;Subset Selection;Semi Definite Program;,Journal of Machine Learning Research,"2006
"
Yi Zhang,6689,1186,,Bagging with Adaptive Costs,,,IEEE Transactions on Knowledge and Data Engineering,"2008
"
Yi Zhang,6690,1187,guangyu zhu;changsheng xu;qingming huang;hanqing lu,Event tactic analysis based on player and ball trajectory in broadcast video,"Most of existing approaches on sports video analysis are concentrated on semantic event detection which is general audience oriented and the extracted events are presented to the audience without further analysis from tactic perspective. In this paper, we propose a novel approach to extract the tactic information and recognize the tactic patterns from goal events in broadcast soccer video. We",Event Detection;Hypothesis Test;Object Detection;Object Tracking;Spatial Distribution;Spatial Interaction;Sports Video Analysis;,Conference on Image and Video Retrieval,"2008
"
Yi Zhang,6691,1187,hanqing lu;changsheng xu,Collaborate ball and player trajectory extraction in broadcast soccer video,"Enormous accessible broadcast soccer videos de- mand an efficient ball and player trajectory extraction framework to represent the tactic semantics for the au- tomatic analysis. Camera motions, noise and blurs in broadcast videos make it difficult to extract the trajec- tories with a single existing object tracking algorithm. In this paper, we propose a novel framework for ball and player",Camera Motion;Data Association;Object Tracking;,International Conference on Pattern Recognition,"2008
"
Yi Zhang,6692,1187,changsheng xu;hanqing lu,Extracting Key Sub-trajectory Features for Supervised Tactic Detection in Sports Video,,Sports Video;,International Conference on Pattern Recognition,"2010
"
Yi Zhang,6693,1187,chao liang;changsheng xu;jinqiao wang;hanqing lu,A Hierarchical Semantics-Matching Approach for Sports Video Annotation,,Semantic Matching;Sports Video;,IEEE Pacific Rim Conference on Multimedia,"2009
"
Yi Zhang,6694,1187,changsheng xu;jian cheng;yifan zhang;hanqing lu,"Sports Video Analysis: Semantics Extraction, Editorial Content Creation and Adaptation","Advances in computing, networking, and multimedia technologies have led to a tremendous growth of sports video content and accelerated the need of analysis and understanding of sports video content. Sports video analysis has been a hot research area and a number of potential applications have been identified. In this paper, we summarize our research achievement on semantics extraction and automatic",Action Recognition;Computer Network;Event Detection;Indexing Terms;Semantic Analysis;Semantic Gap;Sports Video;Sports Video Analysis;Audio Visual;,Journal of Multimedia,"2009
"
Yi Zhang,6695,1188,,Maximal cofinitary groups,,,Archive for Mathematical Logic,"2000
"
Yi Zhang,6696,1188,,Adjoining cofinitary permutations (II),,,Archive for Mathematical Logic,"2003
"
Yi Zhang,6697,1188,bart kastermans,Cardinal invariants related to permutation groups,We consider the possible cardinalities of the following three cardinal invariants which are related to the permutation group on the set of natural numbers: ag := the least cardinal number of maximal cofinitary permutation groups; ap := the least cardinal number of maximal almost disjoint permutation families; c(Sym(N)) := the cofinality of the permutation group on the set of natural,Cardinal Invariant;Permutation Group;,Annals of Pure and Applied Logic,"2006
"
Yi Zhang,6698,1188,michael hrusák;juris steprans,"Confinitary Groups, Almost Disjoint and Dominating Families",,,Journal of Symbolic Logic,"2001
"
Yi Zhang,6699,1188,bart kastermans;juris steprans,Analytic and coanalytic families of almost disjoint functions,,,Journal of Symbolic Logic,"2008
"
Yi Zhang,6700,1188,,On A Class of M.A.D. Families,,,Journal of Symbolic Logic,"1999
"
Yi Zhang,6701,1188,,Adjoining Cofinitary Permutations,,,Journal of Symbolic Logic,"1999
"
Yi Zhang,6702,1188,,Adjoining Almost Disjoint Permutations,,,Mathematical Logic Quarterly,"2002
"
Yi Zhang,6703,1189,xiaoping li;qian wang,Web Service Based Method for Large Scale Flow Shops with Flowtime Minimization,,Large Scale;Web Service;,Computer Supported Cooperative Work in Design,"2007
"
Yi Zhang,6704,1189,xiaoping li;qian wang;jie zhu,Similarity based ant-colony algorithm for permutation flowshop scheduling problems with total flowtime minimization,,Ant Colony Algorithm;Scheduling Problem;,Computer Supported Cooperative Work in Design,"2009
"
Yi Zhang,6705,1189,xiaoping li;jie zhu;qian wang,Composite heuristic algorithm for permutation flowshop scheduling problems with total flowtime minimization,,Heuristic Algorithm;Scheduling Problem;,Computer Supported Cooperative Work in Design,"2008
"
Yi Zhang,6706,1189,jie zhu;xiaoping li;qian wang,Metaheuristic for no-wait job shops with makespan minimization,,Job Shop;,Computer Supported Cooperative Work in Design,"2008
"
Yi Zhang,6707,1189,zhi hu wang;bo gao;changjie guo;wei sun;xiaoping li,An Effective Heuristic for On-line Tenant Placement Problem in SaaS,,,International Conference on Web Services,"2010
"
Yi Zhang,6708,1189,xiaoping li;qian wang,Hybrid genetic algorithm for permutation flowshop scheduling problems with total flowtime minimization,,Hybrid Genetic Algorithm;Scheduling Problem;,European Journal of Operational Research,"2009
"
Yi Zhang,6709,1190,,MultiTask Active Learning with Output Constraints,"Many problems in information extraction, text mining, natural language processing and other fields exhibit the same property: multiple prediction tasks are related in the sense that their outputs (labels) satisfy certain con- straints. In this paper, we propose an active learning framework exploiting such relations among tasks. Intu- itively, with task outputs coupled by constraints, active learning can utilize not",Active Learning;Cross Entropy;Document Classification;Information Extraction;Natural Language Processing;Satisfiability;Text Mining;Value of Information;Web Information Extraction;,National Conference on Artificial Intelligence,"2010
"
Yi Zhang,6710,1190,jeff schneider,Projection Penalties: Dimension Reduction without Loss,"Dimension reduction is popular for learning predictive models in high-dimensional spaces. It can highlight the relevant part of the fea- ture space and avoid the curse of dimension- ality. However, it can also be harmful be- cause any reduction loses information. In this paper, we propose the projection penalty framework to make use of dimension reduc- tion without losing valuable",Dimension Reduction;Face Recognition;Feature Space;High Dimensionality;Partial Least Square;Prediction Model;Text Classification;,International Conference on Machine Learning,"2010
"
Yi Zhang,6711,1190,,Smart PCA,,,International Joint Conference on Artificial Intelligence,"2009
"
Yi Zhang,6712,1190,xiaoming jin,Concept Sampling: Towards Systematic Selection in Large-Scale Mixed Concepts in Machine Learning,"This paper addresses the problem of concept sam- pling. In many real-world applications, a large col- lection of mixed concepts is available for decision making. However, the collection is often so large that it is difficult if not unrealistic to utilize those concepts directly, due to the domain-specific limi- tations of available space or time. This naturally yields the need",Decision Making;Domain Specificity;Empirical Study;Large Scale;Machine Learning;Real World Application;Sampling Methods;Selection Combining;,International Joint Conference on Artificial Intelligence,"2007
"
Yi Zhang,6713,1190,zhidong deng,Complex Systems Modeling Using Scale-Free Highly-Clustered Echo State Network,,Complex System;Echo State Network;Scale Free;,IJCNN,"2006
"
Yi Zhang,6714,1190,jeff schneider;artur dubrawski,Learning the Semantic Correlation: An Alternative Way to Gain from Unlabeled Text,"In this paper, we address the question of what kind of knowledge is gen- erally transferable from unlabeled text. We suggest and analyze the se- mantic correlation of words as a generally transferable structure of the language and propose a new method to learn this structure using an ap- propriately chosen latent variable model. This semantic correlation con- tains structural",Empirical Study;Latent Variable Model;Prediction Model;Semi Supervised Learning;Text Classification;Unlabeled Data;,Neural Information Processing Systems,"2008
"
Yi Zhang,6715,1190,jeff schneider;artur dubrawski,Learning Compressible Models,"In this paper, we study the combination of compression and ℓ1-norm regularization in a machine learning context: learning compressible models. By including a compression operation into the ℓ1 regularization, the assumption on model sparsity is relaxed to compress- ibility: model coefficients are compressed before being penalized, and sparsity is achieved in a compressed domain rather than the original space. We",Auxiliary Information;Brain Computer Interface;Coding Theory;Frequency Domain;Handwritten Character Recognition;Learning Model;Linear Model;Machine Learning;Unlabeled Data;,SIAM International Conference on Data Mining,"2010
"
Yi Zhang,6716,1190,xiaoming jin,An automatic construction and organization strategy for ensemble learning on data streams,"As data streams are gaining prominence in a growing number of emerging application domains, classification on data streams is becoming an active research area. Currently, the typical approach to this problem is based on ensemble learning, which learns basic classifiers from training data stream and forms the global predictor by organizing these basic ones. While this approach seems successful to",Classification Accuracy;Concept Drift;Data Stream;Ensemble Learning;Variance Reduction;,Sigmod Record,"2006
"
Yi Zhang,6717,1190,zhidong deng,Collective Behavior of a Small-World Recurrent Neural System With Scale-Free Distribution,,Collective Behavior;Neural System;Small World;Scale Free;,IEEE Transactions on Neural Networks,"2007
"
Yi Zhang,6718,1191,herodotos herodotou;jun yang,RIOT: I/O-Efficient Numerical Computing without SQL,"R is a numerical computing environment that is widely popular for statistical data analysis. Like many such environments, R performs poorly for large datasets whose sizes exceed that of physical mem- ory. We present our vision of RIOT (R with I/O Transparency), a system that makes R programs I/O-efficient in a way transpar- ent to the users. We describe our",Database System;Large Data;large dataset;Numerical Computation;Relational Database System;Statistical Data Analysis;,Computing Research Repository,"2009
"
Yi Zhang,6719,1191,weiping zhang;jun yang,I/O-efficient statistical computing with RIOT,"Statistical analysis of massive data is becoming indispensable to science, commerce, and society today. Such analysis requires efficient, flexible storage support and special optimization techniques. In this demo, we present RIOT (R with I/O Transparency), a system that extends R, a popular computing environment for statistical data analysis. RIOT makes R programs I/O-efficient in a way transparent to users. It",Database System;Language Processing;Optimization Technique;Statistical Analysis;Statistical Computing;Statistical Data Analysis;Storage Management;,International Conference on Data Engineering,"2010
"
Yi Zhang,6720,1191,herodotos herodotou;jun yang,RIOT: I/O-Efficient Numerical Computing without SQL,"R is a numerical computing environment that is widely popular for statistical data analysis. Like many such environments, R performs poorly for large datasets whose sizes exceed that of physical mem- ory. We present our vision of RIOT (R with I/O Transparency), a system that makes R programs I/O-efficient in a way transpar- ent to the users. We describe our",Database System;Large Data;large dataset;Numerical Computation;Relational Database System;Statistical Data Analysis;,Computing Research Repository,"2009
"
Yi Zhang,6721,1192,lidong bing;yexin wang;yan zhang,LET: Towards More Precise Clustering of Search Results,,,Fuzzy Systems and Knowledge Discovery,"2007
"
Yi Zhang,6722,1192,lei zhang;yan zhang;xiaoming li,XRank: Learning More fromWeb User Behaviors,"Abstract Link analysis has been widely used to evaluate the im- portance of web pages. PageRank, the most famous link analysis algorithm, offers an effective way to rank the pages. However, the algorithm ignores three facts. First, nowadays,the way that users retrieve information is quite different from the previous way when web search engine was not extensively used. Second, inter-site",Link Analysis;Ranking Algorithm;User Behavior;Web Pages;Web Search Engine;Web Spam;,Conference on Computer and Information Technology,"2006
"
Yi Zhang,6723,1192,yexin wang;lidong bing;yan zhang,Weighting Links Using Lexical and Positional Analysis in Web Ranking,"Link analysis has been widely used to evaluate the im- portance of web pages. Popular link analysis algorithms are mainly based on the link structure between pages. How- ever, a web page usually contains various links such as for navigation, decoration or nepotism, which are irrelevant t o the topic of the web page and can not reflect the actual",Link Analysis;Perforation;Web Pages;,Web-Age Information Management,"2008
"
Yi Zhang,6724,1193,guofeng zhao;tang hong;shangyu gu,Using Route Probing to Derive Link Traffic Load with Edge-Based Measurements,,,Network and Parallel Computing,"2005
"
Yi Zhang,6725,1194,wandong cai;yue wang,Adaptive Safety Critical Middleware for Distributed and Embedded Safety Critical System,,Middleware;Safety Critical System;,Networked Computing and Advanced Information Management,"2008
"
Yi Zhang,6726,1195,feng chun,A Genetic Algorithm of Two-Stage Supply Chain Distribution Problem Associated with Fixed Charge and Multiple Transportation Modes,,Genetic Algorithm;Supply Chain;,International Conference on Natural Computation,"2009
"
Yi Zhang,6727,1196,xiaoli liu;weinong wang,Policy Lifecycle Model for Systems Management,,System Management;,It Professional,"2005
"
Yi Zhang,6728,1196,zhang yong;wang weinong,Modeling and Analyzing of Workflow Authorization Management,,,Journal of Network and Systems Management,"2004
"
