author,pid,label,coauthor,title,abstract,keywords,venue,year
Ying He,6734,1198,kexiang wang;xiaohu guo;hong qin,Spline Thin-Shell Simulation of Manifold Surfaces,"It has been technically challenging to effectively model and simulate elastic deformation of spline-based, thin-shell objects o f complicated topology. This is primarily because traditional FEM are typically defi ned upon planar do- main, therefore incapable of constructing complicated, smooth spline surfaces without patching/trimming. Moreover, at least C1 continuity is required for the convergence of FEM solutions in thin-shell simulation.",Fem Simulation;Finite Element Simulation;Integrated Approach;Modeling and Simulation;Shape Design;Simulation Analysis;Smoothing Spline;Level of Detail;,Computer Graphics International,"2006
"
Ying He,6735,1198,chi-wing fu;jiazhi xia,LayerPaint: a multi-layer interactive 3D painting interface,"Painting on 3D surfaces is an important operation in computer graphics, virtual reality, and computer aided design. The painting styles in existing WYSIWYG systems can be awkward, due to the difficulty in rotating or aligning an object for proper viewing during the painting. This paper proposes a multi-layer approach to building a practical, robust, and novel WYSIWYG interface for efficient",3d model;Computer Aided Design;Computer Graphic;User Study;Virtual Reality;,Computer Human Interaction,"2010
"
Ying He,6736,1198,xin li;xianfeng gu;hong qin,Brain Image Analysis Using Spherical Splines,"We propose a novel technique based on spherical splines for brain surface representation and analysis. This research is strongly inspire d by the fact that, for brain surfaces, it is both necessary and natural to employ sph eres as their natural domains. We develop an automatic and efficient algorithm, wh ich transforms a brain surface to a single spherical spline",Brain Imaging;Efficient Algorithm;Numerical Approximation;Shape Analysis;Shape Matching;Surface Representation;,Energy Minimization Methods in Computer Vision and Pattern Recognition,"2005
"
Ying He,6737,1198,hong qin,Surface Reconstruction with Triangular B-splines,"This paper presents a novel modeling technique for re- constructing a triangularB-spline surface from a set of scanned 3D points. Unlike existing surface reconstruction methods based on tensor-productB-splines which primar- ily generate a network of patches and then enforce certain continuity (usually,G1 or C1) between adjacent patches, our algorithm can avoid the complicated procedures of sur- face trimming and patching.",Modeling Technique;Surface Reconstruction;,Geometric Modeling and Processing,"2004
"
Ying He,6738,1198,kexiang wang;hongyu wang;xianfeng gu;hong qin,Manifold T-Spline,"This paper develops the manifold T-splines, which naturally extend the concept and the currently available algorithms/techniques of the popular pla- nar tensor-product NURBS and T-splines to arbitrary manifold domain of any topological type. The key idea is the global conformal parameterization that intu- itively induces a tensor-product structure with a finite number of zero points, and hence offering a natural",Efficient Algorithm;Hierarchical Structure;Shape Modeling;Triangular Mesh;Tensor Product;,Geometric Modeling and Processing,"2006
"
Ying He,6739,1198,jiazhi xia;shuchu han;chi-wing fu;feng luo;xianfeng gu,Parameterization of Star-Shaped Volumes Using Green's Functions,,green's function;,Geometric Modeling and Processing,"2010
"
Ying He,6740,1198,long zhang;xuexiang xie;wei chen,Laplacian lines for real-time shape illustration,"This paper presents a novel object-space line drawing algorithm that can depict shape with view dependent feature lines in real-time. Strongly inspired by the Laplacian-of-Gaussian (LoG) edge detector in image processing, we define Laplacian Lines as the zero-crossing points of the Laplacian of the surface illumination. Compared to other view dependent features, Laplacian lines are computationally efficient because most expensive",Image Processing;Large Scale;Line Drawings;non photorealistic rendering;Laplacian of Gaussian;Real Time;,ACM Symposium on interactive 3D graphics,"2009
"
Ying He,6741,1198,xianfeng gu;miao jin;feng luo;hong qin;shing-tung yau,Manifold splines with single extraordinary point,"Abstract This paper develops a novel computational technique to defin e and construct powerful manifold,splines with only one singular point by employing,the rigorous mathematical,theory of Ricci flow. The central idea and new computational paradigm of manifold splines are to systematically extend the algorithmic pipeline of sp line surface construction from any planar domain,to arbitrary topology. As a result, manifold splines",Computational Techniques;Differential Geometry;Ricci Flow;Singular Point;Lower Bound;,Symposium on Solid Modeling and Applications,"2007
"
Ying He,6742,1198,xianfeng gu;hong qin,Manifold splines,,,"Graphical Models /graphical Models and Image Processing /computer Vision, Graphics, and Image Processing","2006
"
Ying He,6743,1198,shuchu han;jiazhi xia,Hexahedral shell mesh construction via volumetric polycube map,"Shells are three-dimensional structures. One dimension, the thickness, is much smaller than the other two dimensions. Shell structures can be widely found in many real-world objects. This paper presents a method to construct a layered hexahedral mesh for shell objects. Given a closed 2-manifold and the user-specified thickness, we construct the shell space using the distance field and then parameterize",Distance Field;Layered Structure;Shell Structure;Solid Modeling;Space Use;Three-dimensional Structure;Two Dimensions;,Symposium on Solid Modeling and Applications,"2010
"
Ying He,6744,1198,xin li;xiaohu guo;hongyu wang;xianfeng gu;hong qin,Harmonic volumetric mapping for solid modeling applications,"Harmonic volumetric mapping for two solid objects establishes a one-to-one smooth correspondence between them. It nds its ap- plications in shape registration and analysis, shape retrieval, in- formation reuse, and material/texture transplant. In sharp contrast to harmonic surface mapping techniques, little research has been conducted for designing volumetric mapping algorithms due to its technical challenges. In this paper, we develop",Fundamental Solution;Harmonic Map;Linear System;meshless method;Shape Retrieval;Solid Modeling;Texture Synthesis;,Symposium on Solid Modeling and Applications,"2007
"
Ying He,6745,1198,hongyu wang;xin li;xianfeng gu;hong qin,Polycube splines,,,Computer-aided Design,"2008
"
Ying He,6746,1198,hongyu wang;miao jin;xianfeng gu;hong qin,User-controllable polycube map for manifold spline construction,"Polycube T-spline has been formulated elegantly that can unify T- splines and manifold splines to define a new class of shape rep- resentations for surfaces of arbitrary topology by using polycube map as its parametric domain. In essense, The data fitting qual- ity using polycube T-splines hinges upon the construction of un- derlying polycube maps. Yet, existing methods for polycube",Data Fitting;Geometric Feature;Ricci Flow;Solid Modeling;,Symposium on Solid Modeling and Applications,"2008
"
Ying He,6747,1198,wei zeng;jiazhi xia;xianfeng gu;hong qin,C INFINITY smooth freeform surfaces over hyperbolic domains,,,Symposium on Solid Modeling and Applications,"2009
"
Ying He,6748,1198,xianfeng gu;hong qin,Rational Spherical Splines for Genus Zero Shape Modeling,"Traditional approaches for modeling a closed manifold surface with either regular tensor-product or triangular splines (defined over an open planar domain) require de- composing the acquired geometric data into a group of charts, mapping each chart to a planar parametric domain, fitting an open surface patch of certain degree to each chart, and finally, trimming the patches (if necessary) and",Interactive Graphics;Numerical Approximation;Reverse Engineering;Shape Modeling;Tensor Product;,Shape Modeling International,"2005
"
Ying He,6749,1198,xian xiao;hock soon seah,Example based skeletonization using harmonic one-forms,,,Shape Modeling International,"2008
"
Ying He,6750,1198,xin li;xianfeng gu;hong qin,Curves-on-Surface: A General Shape Comparison Framework,"We develop a new surface matching framework to handle surface comparisons based on the mathematical analysis of curves on surfaces, and propose a unique signature for any closed curve on a surface. The signature describes not only the shape of the curve , but also the intrinsic relationship be- tween the curve and its embedding surface; and furthermore, the signature",Mathematical Analysis;riemannian geometry;Shape Analysis;Surface Matching;,Shape Modeling International,"2006
"
Ying He,6751,1198,jiazhi xia;xiaotian yin;shuchu han;xianfeng gu,Direct-Product Volumetric Parameterization of Handlebodies via Harmonic Fields,,Direct Product;,Shape Modeling International,"2010
"
Ying He,6752,1198,miao jin;xianfeng gu;hong qin,A C1 Globally Interpolatory Spline of Arbitrary Topology,Converting point samples and/or triangular meshes to a more compact spline representation for arbitrarily topology is both desirable and necess ary for computer vision and computer graphics. This paper presents a C1 manifold inter- polatory spline that can exactly pass through all the vertices and interpolate their normals for data input of complicated topological type. Starting from the Powell- Sabin,Building Block;Computer Graphic;Surface Reconstruction;Triangular Mesh;,"Variational, Geometric, and Level Set Methods in Computer Vision","2005
"
Ying He,6753,1198,kexiang wang;hong qin,Incorporating Rigid Structures in Non-rigid Registration Using Triangular B-Splines,"For non-rigid registration, the objects in medical images are usually treated as a single deformable body with homogeneous stiffness distribution. However, this assumption is invalid for certain parts of the human body, where bony structures move rigidly, while the others may deform. In this paper, we in- troduce a novel registration technique that models local rigidity of pre-ide ntified rigid",Degree of Freedom;Human Body;Medical Image;Non-rigid Registration;Tensor Product;,"Variational, Geometric, and Level Set Methods in Computer Vision","2005
"
Ying He,6754,1198,xianfeng gu;miao jin;feng luo;hong qin;shing-tung yau,Manifold splines with a single extraordinary point,,,Computer-aided Design,"2008
"
Ying He,6755,1198,hongyu wang;xin li;xianfeng gu;hong qin,Polycube splines,,,Computer-aided Design,"2008
"
Ying He,6756,1198,junfei dai;miao jin;wei zeng;ying he;xianfeng gu,Geometric accuracy analysis for discrete surface approximation,"Abstract In geometric modeling and processing, computer graphics, smooth surfaces are approximated by discrete triangular meshes reconstructed from sample points on the surface. A fundamental problem is to design rigorous algorithms to guarantee the geometric approximation accuracy by controlling the sampling density. This theoretic work gives explicit formula to the bounds of Hausdorff distance, normal distance and Riemannian metric distortion",Accuracy Analysis;Computer Graphic;delaunay triangulation;Geometric Model;hausdorff distance;laplace-beltrami operator;riemannian metric;Surface Approximation;Triangular Mesh;,Computer Aided Geometric Design,"2007
"
Ying He,6757,1198,hongyu wang;chi-wing fu;hong qin,A divide-and-conquer approach for automatic polycube map construction,,Divide and Conquer;,Computers & Graphics,"2009
"
Ying He,6758,1198,hongyu wang;xin li;xianfeng gu;hong qin,Geometry-aware domain decomposition for T-spline-based manifold modeling,"This paper presents a new and effective method to construct manifold T-splines of complicated topology/geometry. The fundamental idea of our novel approach is the geometry-aware object segmentation, by which an arbitrarily complicated surface model can be decomposed into a group of disjoint components that comprise branches, handles, and base patches. Such a domain decomposition simplifies objects of arbitrary topological type",Domain Decomposition;Object Segmentation;Reverse Engineering;Shape Modeling;Solid Modeling;Surface Model;Tensor Product;,Computers & Graphics,"2009
"
Ying He,6759,1198,xianfeng gu;hong qin,Manifold splines,,,"Graphical Models /graphical Models and Image Processing /computer Vision, Graphics, and Image Processing","2006
"
Ying He,6760,1198,xian xiao;hock soon seah,Harmonic 1form based skeleton extraction from examples,,,"Graphical Models /graphical Models and Image Processing /computer Vision, Graphics, and Image Processing","2009
"
Ying He,6761,1198,xianfeng gu;hong qin,Automatic Shape Control of Triangular B-Splines of Arbitrary Topology,,Shape Control;,Journal of Computer Science and Technology,"2006
"
Ying He,6762,1198,xin li;xiaohu guo;hongyu wang;xianfeng gu;hong qin,Meshless Harmonic Volumetric Mapping Using Fundamental Solution Methods,"óHarmonic volumetric mapping establishes a smooth bijective correspondence between two solid shapes with same topology. We develop an automatic meshless method for creating such a mapping between two given objects. With the shell surface mapping as the boundary condition, we solve a linear system constructed by a boundary method called the fundamental solution method, and nally represent the mapping using",Boundary Condition;Fundamental Solution;Geometric Algorithm;Indexation;Information Transfer;Linear System;meshless method;Object Model;Sequence Analysis;Texture Synthesis;Volume Data;,IEEE Transactions Automation Science and Engineering,"2009
"
Ying He,6763,1198,chi-wing fu;chi-fu lai;daniel cohen-or,K-set tilable surfaces,,,ACM Transactions on Graphics,"2010
"
Ying He,6764,1198,yu-kun lai;miao jin;xuexiang xie;jonathan palacios;eugene zhang;shi-min hu;xianfeng gu,Metric-Driven RoSy Field Design and Remeshing,"Designing rotational symmetry fields on surfaces is an important task for a wide range of graphics applications. This work introduces a rigorous and practical approach for automatic N-RoSy field design on arbitrary surfaces with user-defined field topologies. The user has full control of the number, positions, and indexes of the singularities (as long as they are compatible with necessary global",Global Constraint;Global Symmetries;riemannian metric;,IEEE Transactions on Visualization and Computer Graphics,"2010
"
Ying He,6765,1198,xuexiang xie;feng tian;hock soon seah;xianfeng gu;hong qin,An Effective Illustrative Visualization Framework Based on Photic Extremum Lines (PELs),"Abstract—Conveying,shape,using feature lines is an important,visualization tool in visual computing.,The existing feature lines (e.g., ridges, valleys, silhouettes, suggestive contours, etc.) are solely determined by local geometry properties (e.g., normals and curvatures) as well as the view position. This paper,is strongly inspired by the observation,in human,vision and perception,that a sudden change in the luminance plays a critical role to faithfully represent",Digital Geometry;Edge Detection;Human Vision;Image Processing;Indexing Terms;,IEEE Transactions on Visualization and Computer Graphics,"2007
"
Ying He,6766,1198,long zhang;hock soon seah,Real-time computation of photic extremum lines (PELs),,Real-time Computing;,The Visual Computer,"2010
"
Ying He,6767,1199,tao liu;depei qian;yongxiang huang;rui wang,An evolutionary node architecture and performance optimization,,Performance Optimization;,ACS/IEEE International Conference on Computer Systems and Applications,"2008
"
Ying He,6768,1199,yue li;depei qian;chunxiao xing,The PARNEM: Using Network Emulation to Predict the Correctness and Performance of Applications,,Network Emulation;,Grid and Cooperative Computing,"2005
"
Ying He,6769,1199,tao liu;depei qian;rui wang,An Adaptive Network Node Architecture for Evolutionary Networks,,,"International Conference on Networking, Sensing and Control","2008
"
Ying He,6770,1199,jason liu;yue li,A Large-scale Real-time Network Simulation Study using PRIME,"We examine the capabilities of conducting network experiments involving a large-scale peer-to-peer web-content distribution network. Our study uses a real-time network simulator, called PRIME, running on EmuLab, which is a shared cluster computing environment designed specifically for network emulation studies. Our study is one of the largest network experiments that involve a real implementation of a peer-to-peer content distribution system",Cluster Computing;Content Distribution;Content Distribution Network;Distributed Application;Large Scale;Network Emulation;Network Model;Network Simulator;Peer To Peer;Public Domain;Real Time Simulation;Real Time;,Winter Simulation Conference,"2009
"
Ying He,6771,1199,yue li;chunxiao xing,A Parallel Network Emulation Method for Evaluating the Correctness and Performance of Applications,,Network Emulation;,Ieice Transactions,"2006
"
Ying He,6772,1200,jiancheng guan,Comparison and evaluation of domestic and international outputs in Information Science & Technology research of China,,Informing Science;,Scientometrics,"2005
"
Ying He,6773,1200,jiancheng guan,Patent-bibliometric analysis on the Chinese science - technology linkages,,bibliometric analysis;,Scientometrics,"2007
"
